{"properties":[{"Key":"ParentID","DisplayName":"ParentID","FieldType":"String","DefaultValue":"","Description":"The ParentID of this component","List":""},{"Key":"Color","DisplayName":"Color","FieldType":"String","DefaultValue":"none","Description":"Color","List":"danger|dark|light|medium|none|primary|secondary|success|tertiary|warning"},{"Key":"Mode","DisplayName":"Mode","FieldType":"String","DefaultValue":"ios","Description":"Mode","List":"ios|md"},{"Key":"SelectedTab","DisplayName":"Selected Tab","FieldType":"String","DefaultValue":"","Description":"Selected Tab","List":""},{"Key":"Slot","DisplayName":"Slot","FieldType":"String","DefaultValue":"none","Description":"Slot","List":"bottom|none|top"},{"Key":"FixedAtBottom","DisplayName":"Fixed At Bottom","FieldType":"Boolean","DefaultValue":"False","Description":"Fixed At Bottom","List":""},{"Key":"Translucent","DisplayName":"Translucent","FieldType":"Boolean","DefaultValue":"False","Description":"Translucent","List":"ios|md"},{"Key":"Visible","DisplayName":"Visible","FieldType":"Boolean","DefaultValue":"True","Description":"If visible.","List":""},{"Key":"PaddingAXYTBLR","DisplayName":"Paddings","FieldType":"String","DefaultValue":"a=?; x=?; y=?; t=?; b=?; l=?; r=?","Description":"Paddings A(all)-X(LR)-Y(TB)-T-B-L-R","List":""},{"Key":"MarginAXYTBLR","DisplayName":"Margins","FieldType":"String","DefaultValue":"a=?; x=?; y=?; t=?; b=?; l=?; r=?","Description":"Margins A(all)-X(LR)-Y(TB)-T-B-L-R","List":""},{"Key":"RawClasses","DisplayName":"Classes (;)","FieldType":"String","DefaultValue":"","Description":"Classes added to the HTML tag.","List":""},{"Key":"RawStyles","DisplayName":"Styles (JSON)","FieldType":"String","DefaultValue":"","Description":"Styles added to the HTML tag. Must be a json String use = and ;","List":""},{"Key":"RawAttributes","DisplayName":"Attributes (JSON)","FieldType":"String","DefaultValue":"","Description":"Attributes added to the HTML tag. Must be a json String use = and ;","List":""}],"events":[],"methods":[{"name":"Class_Globals","signature":"Class_Globals"},{"name":"Initialize","signature":"Initialize (Callback As Object, Name As String, EventName As String)"},{"name":"setParentID","signature":"setParentID(sParentID As String)"},{"name":"getElement","signature":"getElement() As BANanoElement"},{"name":"getID","signature":"getID() As String"},{"name":"AddToParent","signature":"AddToParent(targetID As String, props As Map)"},{"name":"Remove","signature":"Remove()"},{"name":"TriggerEvent","signature":"TriggerEvent(event As String, params() As String)"},{"name":"getHere","signature":"getHere() As String"},{"name":"SetAttr","signature":"SetAttr(attr As String, text As String)"},{"name":"SetDataAttr","signature":"SetDataAttr(attr As String, text As String)"},{"name":"GetDataAttr","signature":"GetDataAttr(attr As String) As String"},{"name":"GetAttr","signature":"GetAttr(attr As String) As String"},{"name":"AddClass","signature":"AddClass(text As String)"},{"name":"RemoveClass","signature":"RemoveClass(text As String)"},{"name":"AddAttr","signature":"AddAttr(ms As Map)"},{"name":"RemoveAttr","signature":"RemoveAttr(attr As String)"},{"name":"AddStyleComputed","signature":"AddStyleComputed(attr As String, text As String)"},{"name":"AddStyle","signature":"AddStyle(ms As Map)"},{"name":"setVisible","signature":"setVisible(b As Boolean)"},{"name":"getVisible","signature":"getVisible As Boolean"},{"name":"On","signature":"On(event As String, args As List)"},{"name":"OnEvent","signature":"OnEvent(event As String, Module As Object, methodName As String, args As List)"},{"name":"DesignerCreateView","signature":"DesignerCreateView (Target As BANanoElement, Props As Map)"},{"name":"setFixedAtBottom","signature":"setFixedAtBottom(b As Boolean)"},{"name":"setColor","signature":"setColor(s As String)"},{"name":"setMode","signature":"setMode(s As String)"},{"name":"setSelectedTab","signature":"setSelectedTab(s As String)"},{"name":"setSlot","signature":"setSlot(s As String)"},{"name":"setTranslucent","signature":"setTranslucent(b As Boolean)"},{"name":"getColor","signature":"getColor As String"},{"name":"getMode","signature":"getMode As String"},{"name":"getSelectedTab","signature":"getSelectedTab As String"},{"name":"getSlot","signature":"getSlot As String"},{"name":"getTranslucent","signature":"getTranslucent As Boolean"},{"name":"LinkExisting","signature":"LinkExisting"},{"name":"AddButtonLabelIcon","signature":"AddButtonLabelIcon(itemID As String, tabName As String, iconName As String, itemTitle As String) As SHIonTabButton"},{"name":"AddButtonIconLabel","signature":"AddButtonIconLabel(itemID As String, tabName As String, iconName As String, itemTitle As String) As SHIonTabButton"},{"name":"AddButtonIcon","signature":"AddButtonIcon(itemID As String, tabName As String, iconName As String) As SHIonTabButton"},{"name":"AddButtonIconBadge","signature":"AddButtonIconBadge(itemID As String, tabName As String, iconName As String, tabBadge As String) As SHIonTabButton"},{"name":"AddItemPage","signature":"AddItemPage(pgObj As Object) As SHIonTabButton"},{"name":"AddItemPageIcon","signature":"AddItemPageIcon(pgObj As Object) As SHIonTabButton"},{"name":"AddItemPageIconBadge","signature":"AddItemPageIconBadge(pgObj As Object) As SHIonTabButton"},{"name":"getRoot","signature":"getRoot As SHLabel"},{"name":"AddTabButton","signature":"AddTabButton(eID As String) As SHIonTabButton"},{"name":"getParentID","signature":"getParentID As String"},{"name":"getFixedAtBottom","signature":"getFixedAtBottom As Boolean"},{"name":"setPaddingAXYTBLR","signature":"setPaddingAXYTBLR(s As String)"},{"name":"getPaddingAXYTBLR","signature":"getPaddingAXYTBLR As String"},{"name":"setMarginAXYTBLR","signature":"setMarginAXYTBLR(s As String)"},{"name":"getMarginAXYTBLR","signature":"getMarginAXYTBLR As String"},{"name":"setRawClasses","signature":"setRawClasses(s As String)"},{"name":"getRawClasses","signature":"getRawClasses As String"},{"name":"setRawStyles","signature":"setRawStyles(s As String)"},{"name":"getRawStyles","signature":"getRawStyles As String"},{"name":"setRawAttributes","signature":"setRawAttributes(s As String)"},{"name":"getRawAttributes","signature":"getRawAttributes As String"}]}