{"properties":[{"Key":"ParentID","DisplayName":"ParentID","FieldType":"String","DefaultValue":"","Description":"The id of the element to place this into","List":""},{"Key":"Text","DisplayName":"Text","FieldType":"String","DefaultValue":"","Description":"Text","List":""},{"Key":"IsButton","DisplayName":"Is Button","FieldType":"Boolean","DefaultValue":"False","Description":"Button","List":""},{"Key":"Color","DisplayName":"Color","FieldType":"String","DefaultValue":"none","Description":"Color","List":"danger|dark|light|medium|none|primary|secondary|success|tertiary|warning"},{"Key":"Detail","DisplayName":"Detail","FieldType":"Boolean","DefaultValue":"False","Description":"Detail","List":""},{"Key":"DetailIcon","DisplayName":"Detail Icon","FieldType":"String","DefaultValue":"chevronForward","Description":"Detail Icon","List":""},{"Key":"Disabled","DisplayName":"Disabled","FieldType":"Boolean","DefaultValue":"False","Description":"Disabled","List":""},{"Key":"Download","DisplayName":"Download","FieldType":"String","DefaultValue":"","Description":"Download","List":""},{"Key":"Fill","DisplayName":"Fill","FieldType":"String","DefaultValue":"none","Description":"Fill","List":"none|outline|solid"},{"Key":"Href","DisplayName":"Href","FieldType":"String","DefaultValue":"","Description":"Href","List":""},{"Key":"Lines","DisplayName":"Lines","FieldType":"String","DefaultValue":"undefined","Description":"Lines","List":"full|inset|none|undefined"},{"Key":"Mode","DisplayName":"Mode","FieldType":"String","DefaultValue":"ios","Description":"Mode","List":"ios|md"},{"Key":"Rel","DisplayName":"Rel","FieldType":"String","DefaultValue":"","Description":"Rel","List":""},{"Key":"RouterAnimation","DisplayName":"Router Animation","FieldType":"String","DefaultValue":"","Description":"Router Animation","List":""},{"Key":"RouterDirection","DisplayName":"Router Direction","FieldType":"String","DefaultValue":"forward","Description":"Router Direction","List":"back|forward|root"},{"Key":"Shape","DisplayName":"Shape","FieldType":"String","DefaultValue":"none","Description":"Shape","List":"none|round"},{"Key":"Slot","DisplayName":"Slot","FieldType":"String","DefaultValue":"","Description":"Slot","List":""},{"Key":"Target","DisplayName":"Target","FieldType":"String","DefaultValue":"none","Description":"Target","List":"_blank|_parent|_self|_top|none"},{"Key":"TypeOf","DisplayName":"Type Of","FieldType":"String","DefaultValue":"button","Description":"Type Of","List":"button|reset|submit"},{"Key":"Visible","DisplayName":"Visible","FieldType":"Boolean","DefaultValue":"True","Description":"If visible.","List":""},{"Key":"ColumnName","DisplayName":"Column Name","FieldType":"String","DefaultValue":"","Description":"Column Name","List":""},{"Key":"ColumnType","DisplayName":"Column Type","FieldType":"String","DefaultValue":"string","Description":"Column Type","List":"blob|bool|double|int|string"},{"Key":"Elevation","DisplayName":"Elevation","FieldType":"String","DefaultValue":"none","Description":"Elevation","List":"0|1|2|3|4|5|none"},{"Key":"MarginAXYTBLR","DisplayName":"Margins","FieldType":"String","DefaultValue":"a=?; x=?; y=?; t=?; b=?; l=?; r=?","Description":"Margins A(all)-X(LR)-Y(TB)-T-B-L-R","List":""},{"Key":"PaddingAXYTBLR","DisplayName":"Paddings","FieldType":"String","DefaultValue":"a=?; x=?; y=?; t=?; b=?; l=?; r=?","Description":"Paddings A(all)-X(LR)-Y(TB)-T-B-L-R","List":""},{"Key":"RawClasses","DisplayName":"Classes (;)","FieldType":"String","DefaultValue":"","Description":"Classes added to the HTML tag.","List":""},{"Key":"RawStyles","DisplayName":"Styles (JSON)","FieldType":"String","DefaultValue":"","Description":"Styles added to the HTML tag. Must be a json String use = and ;","List":""},{"Key":"RawAttributes","DisplayName":"Attributes (JSON)","FieldType":"String","DefaultValue":"","Description":"Attributes added to the HTML tag. Must be a json String use = and ;","List":""}],"events":[{"name":"Click (e As BANanoEvent)"}],"methods":[{"name":"Class_Globals","signature":"Class_Globals"},{"name":"Initialize","signature":"Initialize (Callback As Object, Name As String, EventName As String)"},{"name":"getElement","signature":"getElement() As BANanoElement"},{"name":"getID","signature":"getID() As String"},{"name":"AddToParent","signature":"AddToParent(targetID As String, props As Map)"},{"name":"Remove","signature":"Remove()"},{"name":"TriggerEvent","signature":"TriggerEvent(event As String, params() As String)"},{"name":"getHere","signature":"getHere() As String"},{"name":"SetAttr","signature":"SetAttr(attr As String, text As String)"},{"name":"SetDataAttr","signature":"SetDataAttr(attr As String, text As String)"},{"name":"GetDataAttr","signature":"GetDataAttr(attr As String) As String"},{"name":"GetAttr","signature":"GetAttr(attr As String) As String"},{"name":"AddClass","signature":"AddClass(text As String)"},{"name":"RemoveClass","signature":"RemoveClass(text As String)"},{"name":"AddAttr","signature":"AddAttr(ms As Map)"},{"name":"RemoveAttr","signature":"RemoveAttr(attr As String)"},{"name":"AddStyleComputed","signature":"AddStyleComputed(attr As String, text As String)"},{"name":"AddStyle","signature":"AddStyle(ms As Map)"},{"name":"setVisible","signature":"setVisible(b As Boolean)"},{"name":"getVisible","signature":"getVisible As Boolean"},{"name":"On","signature":"On(event As String, args As List)"},{"name":"SetItemClickEvent","signature":"SetItemClickEvent(eventName As String)"},{"name":"SetItemClickOnList","signature":"SetItemClickOnList(lst As SHIonList)"},{"name":"SetItemClickOnMenu","signature":"SetItemClickOnMenu(menu As SHIonMenu)"},{"name":"OnEvent","signature":"OnEvent(event As String, Module As Object, methodName As String, args As List)"},{"name":"DesignerCreateView","signature":"DesignerCreateView (Target As BANanoElement, Props As Map)"},{"name":"setElevation","signature":"setElevation(point As String)"},{"name":"setIsButton","signature":"setIsButton(b As Boolean)"},{"name":"setText","signature":"setText(s As String)"},{"name":"setColor","signature":"setColor(s As String)"},{"name":"setDetail","signature":"setDetail(b As Boolean)"},{"name":"setDetailIcon","signature":"setDetailIcon(s As String)"},{"name":"setDisabled","signature":"setDisabled(b As Boolean)"},{"name":"setDownload","signature":"setDownload(s As String)"},{"name":"setFill","signature":"setFill(s As String)"},{"name":"setHref","signature":"setHref(s As String)"},{"name":"setLines","signature":"setLines(s As String)"},{"name":"setMode","signature":"setMode(s As String)"},{"name":"setRel","signature":"setRel(s As String)"},{"name":"setRouterAnimation","signature":"setRouterAnimation(s As String)"},{"name":"setRouterDirection","signature":"setRouterDirection(s As String)"},{"name":"setRouterLink","signature":"setRouterLink(s As String)"},{"name":"setShape","signature":"setShape(s As String)"},{"name":"setSlot","signature":"setSlot(s As String)"},{"name":"setTarget","signature":"setTarget(s As String)"},{"name":"setTypeOf","signature":"setTypeOf(s As String)"},{"name":"getIsButton","signature":"getIsButton As Boolean"},{"name":"getColor","signature":"getColor As String"},{"name":"getDetail","signature":"getDetail As Boolean"},{"name":"getDetailIcon","signature":"getDetailIcon As String"},{"name":"getDisabled","signature":"getDisabled As Boolean"},{"name":"getDownload","signature":"getDownload As String"},{"name":"getFill","signature":"getFill As String"},{"name":"getHref","signature":"getHref As String"},{"name":"getLines","signature":"getLines As String"},{"name":"getMode","signature":"getMode As String"},{"name":"getRel","signature":"getRel As String"},{"name":"getRouterAnimation","signature":"getRouterAnimation As String"},{"name":"getRouterDirection","signature":"getRouterDirection As String"},{"name":"getShape","signature":"getShape As String"},{"name":"getSlot","signature":"getSlot As String"},{"name":"getTarget","signature":"getTarget As String"},{"name":"getTypeOf","signature":"getTypeOf As String"},{"name":"GetIonBadge","signature":"GetIonBadge As SHIonBadge"},{"name":"GetIonLabel","signature":"GetIonLabel As SHIonLabel"},{"name":"GetLink","signature":"GetLink As SHLabel"},{"name":"GetSpan","signature":"GetSpan As SHLabel"},{"name":"GetLabel1","signature":"GetLabel1 As SHLabel"},{"name":"GetLabel2","signature":"GetLabel2 As SHLabel"},{"name":"GetLabel3","signature":"GetLabel3 As SHLabel"},{"name":"GetImg","signature":"GetImg As SHImg"},{"name":"GetIonButton","signature":"GetIonButton As SHIonButton"},{"name":"GetIonButtonIcon","signature":"GetIonButtonIcon As SHIonIcon"},{"name":"GetIonNote","signature":"GetIonNote As SHIonNote"},{"name":"GetIonAvatar","signature":"GetIonAvatar As SHIonAvatar"},{"name":"GetIonThumbnail","signature":"GetIonThumbnail As SHIonThumbnail"},{"name":"GetIonIcon","signature":"GetIonIcon As SHIonIcon"},{"name":"GetIonIcon1","signature":"GetIonIcon1 As SHIonIcon"},{"name":"GetIonIcon2","signature":"GetIonIcon2 As SHIonIcon"},{"name":"GetIonText","signature":"GetIonText As SHIonText"},{"name":"GetIonPopOver","signature":"GetIonPopOver As SHIonPopover"},{"name":"GetIonRange","signature":"GetIonRange As SHIonRange"},{"name":"GetIonToggle","signature":"GetIonToggle As SHIonToggle"},{"name":"GetIonCheckbox","signature":"GetIonCheckbox As SHIonCheckbox"},{"name":"GetIonSelect","signature":"GetIonSelect As SHIonSelect"},{"name":"GetIonReorder","signature":"GetIonReorder As SHIonReorder"},{"name":"GetIonDateTime","signature":"GetIonDateTime As SHIonDatetime"},{"name":"GetIonDateTimeButton","signature":"GetIonDateTimeButton As SHIonDatetimeButton"},{"name":"GetIonPopOverContent","signature":"GetIonPopOverContent As SHIonContent"},{"name":"getRoot","signature":"getRoot As SHLabel"},{"name":"LinkExisting","signature":"LinkExisting"},{"name":"setIsValid","signature":"setIsValid(b As Boolean)"},{"name":"setMarginTop","signature":"setMarginTop(w As String)"},{"name":"setMarginRight","signature":"setMarginRight(w As String)"},{"name":"setMarginBottom","signature":"setMarginBottom(w As String)"},{"name":"setMarginLeft","signature":"setMarginLeft(w As String)"},{"name":"setPaddingRight","signature":"setPaddingRight(w As String)"},{"name":"setPaddingLeft","signature":"setPaddingLeft(w As String)"},{"name":"setRawAttributes","signature":"setRawAttributes(s As String)"},{"name":"setRawStyles","signature":"setRawStyles(s As String)"},{"name":"setRawClasses","signature":"setRawClasses(s As String)"},{"name":"setPaddingAXYTBLR","signature":"setPaddingAXYTBLR(s As String)"},{"name":"setMarginAXYTBLR","signature":"setMarginAXYTBLR(s As String)"},{"name":"setParentID","signature":"setParentID(s As String)"},{"name":"getParentID","signature":"getParentID As String"},{"name":"getElevation","signature":"getElevation As String"},{"name":"getMarginAXYTBLR","signature":"getMarginAXYTBLR As String"},{"name":"getPaddingAXYTBLR","signature":"getPaddingAXYTBLR As String"},{"name":"getRawClasses","signature":"getRawClasses As String"},{"name":"getRawStyles","signature":"getRawStyles As String"},{"name":"getRawAttributes","signature":"getRawAttributes As String"},{"name":"getText","signature":"getText As String"},{"name":"setColumnName","signature":"setColumnName(s As String)"},{"name":"setColumnType","signature":"setColumnType(s As String)"},{"name":"getColumnName","signature":"getColumnName As String"},{"name":"getColumnType","signature":"getColumnType As String"}]}