{"properties":[{"Key":"ParentID","DisplayName":"ParentID","FieldType":"String","DefaultValue":"","Description":"The ParentID of this component","List":""},{"Key":"Slot","DisplayName":"Slot","FieldType":"String","DefaultValue":"","Description":"Slot","List":""},{"Key":"Align","DisplayName":"Align","FieldType":"String","DefaultValue":"center","Description":"Align","List":"center|justify|left|right"},{"Key":"ColorOff","DisplayName":"Color Off","FieldType":"String","DefaultValue":"medium","Description":"Color Off","List":"danger|dark|light|medium|none|primary|secondary|success|tertiary|warning"},{"Key":"ColorOn","DisplayName":"Color On","FieldType":"String","DefaultValue":"warning","Description":"Color On","List":"danger|dark|light|medium|none|primary|secondary|success|tertiary|warning"},{"Key":"IconOff","DisplayName":"Icon Off","FieldType":"String","DefaultValue":"star-outline","Description":"Icon Off","List":""},{"Key":"IconOn","DisplayName":"Icon On","FieldType":"String","DefaultValue":"star","Description":"Icon On","List":""},{"Key":"Value","DisplayName":"Value","FieldType":"Int","DefaultValue":"2","Description":"Initial Rating","List":""},{"Key":"TotalStars","DisplayName":"Total Stars","FieldType":"Int","DefaultValue":"5","Description":"Total Stars","List":""},{"Key":"ReadOnly","DisplayName":"Read Only","FieldType":"Boolean","DefaultValue":"False","Description":"Read Only","List":""},{"Key":"Size","DisplayName":"Size","FieldType":"String","DefaultValue":"1.5rem","Description":"Size","List":""},{"Key":"Visible","DisplayName":"Visible","FieldType":"Boolean","DefaultValue":"True","Description":"If visible.","List":""},{"Key":"ColumnName","DisplayName":"Column Name","FieldType":"String","DefaultValue":"","Description":"Column Name","List":""},{"Key":"ColumnType","DisplayName":"Column Type","FieldType":"String","DefaultValue":"string","Description":"Column Type","List":"blob|bool|double|int|string"},{"Key":"MarginAXYTBLR","DisplayName":"Margins","FieldType":"String","DefaultValue":"a=?; x=?; y=?; t=?; b=?; l=?; r=?","Description":"Margins A(all)-X(LR)-Y(TB)-T-B-L-R","List":""},{"Key":"PaddingAXYTBLR","DisplayName":"Paddings","FieldType":"String","DefaultValue":"a=?; x=?; y=?; t=?; b=?; l=?; r=?","Description":"Paddings A(all)-X(LR)-Y(TB)-T-B-L-R","List":""},{"Key":"RawClasses","DisplayName":"Classes (;)","FieldType":"String","DefaultValue":"","Description":"Classes added to the HTML tag.","List":""},{"Key":"RawStyles","DisplayName":"Styles (JSON)","FieldType":"String","DefaultValue":"","Description":"Styles added to the HTML tag. Must be a json String use = and ;","List":""},{"Key":"RawAttributes","DisplayName":"Attributes (JSON)","FieldType":"String","DefaultValue":"","Description":"Attributes added to the HTML tag. Must be a json String use = and ;","List":""}],"events":[{"name":"Change (Value As Int)"}],"methods":[{"name":"Class_Globals","signature":"Class_Globals"},{"name":"Initialize","signature":"Initialize (Callback As Object, Name As String, EventName As String)"},{"name":"getElement","signature":"getElement() As BANanoElement"},{"name":"AddComputedStyleMap","signature":"AddComputedStyleMap(ms As Map)"},{"name":"getID","signature":"getID() As String"},{"name":"AddToParent","signature":"AddToParent(targetID As String, props As Map)"},{"name":"Remove","signature":"Remove()"},{"name":"setParentID","signature":"setParentID(s As String)"},{"name":"setElement","signature":"setElement(e As BANanoElement)"},{"name":"LinkExisting","signature":"LinkExisting"},{"name":"getHere","signature":"getHere() As String"},{"name":"AddAttr","signature":"AddAttr(attr As String, text As Object)"},{"name":"AddDataAttr","signature":"AddDataAttr(attr As String, text As String)"},{"name":"GetDataAttr","signature":"GetDataAttr(attr As String) As String"},{"name":"GetAttr","signature":"GetAttr(attr As String) As String"},{"name":"AddClass","signature":"AddClass(text As String)"},{"name":"RemoveClass","signature":"RemoveClass(text As String)"},{"name":"AddAttrMap","signature":"AddAttrMap(ms As Map)"},{"name":"RemoveAttr","signature":"RemoveAttr(attr As String)"},{"name":"AddStyleComputed","signature":"AddStyleComputed(attr As String, text As String)"},{"name":"AddStyleMap","signature":"AddStyleMap(ms As Map)"},{"name":"AddStyle","signature":"AddStyle(k As String, v As String)"},{"name":"setVisible","signature":"setVisible(b As Boolean)"},{"name":"getVisible","signature":"getVisible As Boolean"},{"name":"getRoot","signature":"getRoot As SHLabel"},{"name":"On","signature":"On(event As String, args As List)"},{"name":"OnEvent","signature":"OnEvent(event As String, Module As Object, methodName As String, args As List)"},{"name":"OnChildEvent","signature":"OnChildEvent(child As String, event As String, Module As Object, methodName As String, args As List)"},{"name":"setRawAttributes","signature":"setRawAttributes(s As String)"},{"name":"setRawStyles","signature":"setRawStyles(s As String)"},{"name":"setRawClasses","signature":"setRawClasses(s As String)"},{"name":"setPaddingAXYTBLR","signature":"setPaddingAXYTBLR(s As String)"},{"name":"setMarginAXYTBLR","signature":"setMarginAXYTBLR(s As String)"},{"name":"getRawAttributes","signature":"getRawAttributes As String"},{"name":"getRawStyles","signature":"getRawStyles As String"},{"name":"getRawClasses","signature":"getRawClasses As String"},{"name":"getPaddingAXYTBLR","signature":"getPaddingAXYTBLR As String"},{"name":"getMarginAXYTBLR","signature":"getMarginAXYTBLR As String"},{"name":"DesignerCreateView","signature":"DesignerCreateView (Target As BANanoElement, Props As Map)"},{"name":"setValue","signature":"setValue(iRate As Int)"},{"name":"setAlign","signature":"setAlign(s As String)"},{"name":"getSlot","signature":"getSlot As String"},{"name":"setSlot","signature":"setSlot(s As String)"},{"name":"setColorOff","signature":"setColorOff(s As String)"},{"name":"setColorOn","signature":"setColorOn(s As String)"},{"name":"setIconOff","signature":"setIconOff(s As String)"},{"name":"setIconOn","signature":"setIconOn(s As String)"},{"name":"setReadOnly","signature":"setReadOnly(b As Boolean)"},{"name":"setSize","signature":"setSize(s As String)"},{"name":"setTotalStars","signature":"setTotalStars(i As Int)"},{"name":"getAlign","signature":"getAlign As String"},{"name":"getColorOff","signature":"getColorOff As String"},{"name":"getColorOn","signature":"getColorOn As String"},{"name":"getIconOff","signature":"getIconOff As String"},{"name":"getIconOn","signature":"getIconOn As String"},{"name":"getValue","signature":"getValue As Int"},{"name":"getReadOnly","signature":"getReadOnly As Boolean"},{"name":"getSize","signature":"getSize As String"},{"name":"getTotalStars","signature":"getTotalStars As Int"},{"name":"getParentID","signature":"getParentID As String"},{"name":"setColumnName","signature":"setColumnName(s As String)"},{"name":"setColumnType","signature":"setColumnType(s As String)"},{"name":"getColumnName","signature":"getColumnName As String"},{"name":"getColumnType","signature":"getColumnType As String"}]}