{"properties":[{"Key":"ParentID","DisplayName":"ParentID","FieldType":"String","DefaultValue":"","Description":"The ParentID of this component","List":""},{"Key":"TargetID","DisplayName":"TargetID","FieldType":"String","DefaultValue":"","Description":"The TargetID of this component","List":""},{"Key":"Background","DisplayName":"Background","FieldType":"String","DefaultValue":"","Description":"Background Of The Menu Button","List":""},{"Key":"BackgroundFocused","DisplayName":"Background Focused","FieldType":"String","DefaultValue":"","Description":"Background Of The Menu Button When Focused With The Tab Key","List":""},{"Key":"BackgroundFocusedOpacity","DisplayName":"Background Focused Opacity","FieldType":"String","DefaultValue":"","Description":"Opacity Of The Menu Button Background When Focused With The Tab Key","List":""},{"Key":"BackgroundHover","DisplayName":"Background Hover","FieldType":"String","DefaultValue":"","Description":"Background Of The Menu Button On Hover","List":""},{"Key":"BackgroundHoverOpacity","DisplayName":"Background Hover Opacity","FieldType":"String","DefaultValue":"","Description":"Opacity Of The Background On Hover","List":""},{"Key":"BorderRadius","DisplayName":"Border Radius","FieldType":"String","DefaultValue":"","Description":"Border Radius Of The Menu Button","List":""},{"Key":"Color","DisplayName":"Color","FieldType":"String","DefaultValue":"","Description":"Color Of The Menu Button","List":""},{"Key":"ColorFocused","DisplayName":"Color Focused","FieldType":"String","DefaultValue":"","Description":"Color Of The Menu Button When Focused With The Tab Key","List":""},{"Key":"ColorHover","DisplayName":"Color Hover","FieldType":"String","DefaultValue":"","Description":"Color Of The Menu Button On Hover","List":""},{"Key":"PaddingBottom","DisplayName":"Padding Bottom","FieldType":"String","DefaultValue":"","Description":"Bottom Padding Of The Button","List":""},{"Key":"PaddingEnd","DisplayName":"Padding End","FieldType":"String","DefaultValue":"","Description":"Right Padding If Direction Is Left-to-right- And Left Padding If Direction Is Right-to-left Of The Button","List":""},{"Key":"PaddingStart","DisplayName":"Padding Start","FieldType":"String","DefaultValue":"","Description":"Left Padding If Direction Is Left-to-right- And Right Padding If Direction Is Right-to-left Of The Button","List":""},{"Key":"PaddingTop","DisplayName":"Padding Top","FieldType":"String","DefaultValue":"","Description":"Top Padding Of The Button","List":""},{"Key":"RawClasses","DisplayName":"Classes (;)","FieldType":"String","DefaultValue":"","Description":"Classes added to the HTML tag.","List":""},{"Key":"RawStyles","DisplayName":"Styles (JSON)","FieldType":"String","DefaultValue":"","Description":"Styles added to the HTML tag. Must be a json String use = and ;","List":""}],"events":[],"methods":[{"name":"Class_Globals","signature":"Class_Globals"},{"name":"Initialize","signature":"Initialize (Callback As Object, Name As String, EventName As String)"},{"name":"getElement","signature":"getElement() As BANanoElement"},{"name":"AddComputedStyleMap","signature":"AddComputedStyleMap(ms As Map)"},{"name":"getID","signature":"getID() As String"},{"name":"AddToParent","signature":"AddToParent(targetID As String, props As Map)"},{"name":"setParentID","signature":"setParentID(s As String)"},{"name":"setTargetID","signature":"setTargetID(s As String)"},{"name":"setElement","signature":"setElement(e As BANanoElement)"},{"name":"getHere","signature":"getHere() As String"},{"name":"AddClass","signature":"AddClass(text As String)"},{"name":"RemoveClass","signature":"RemoveClass(text As String)"},{"name":"AddStyleComputed","signature":"AddStyleComputed(attr As String, text As String)"},{"name":"AddStyleMap","signature":"AddStyleMap(ms As Map)"},{"name":"AddStyle","signature":"AddStyle(k As String, v As String)"},{"name":"setRawStyles","signature":"setRawStyles(s As String)"},{"name":"setRawClasses","signature":"setRawClasses(s As String)"},{"name":"getRawStyles","signature":"getRawStyles As String"},{"name":"getRawClasses","signature":"getRawClasses As String"},{"name":"getTargetID","signature":"getTargetID As String"},{"name":"DesignerCreateView","signature":"DesignerCreateView (Target As BANanoElement, Props As Map)"},{"name":"setBackground","signature":"setBackground(s As String)"},{"name":"setBackgroundFocused","signature":"setBackgroundFocused(s As String)"},{"name":"setBackgroundFocusedOpacity","signature":"setBackgroundFocusedOpacity(s As String)"},{"name":"setBackgroundHover","signature":"setBackgroundHover(s As String)"},{"name":"setBackgroundHoverOpacity","signature":"setBackgroundHoverOpacity(s As String)"},{"name":"setBorderRadius","signature":"setBorderRadius(s As String)"},{"name":"setColor","signature":"setColor(s As String)"},{"name":"setColorFocused","signature":"setColorFocused(s As String)"},{"name":"setColorHover","signature":"setColorHover(s As String)"},{"name":"setPaddingBottom","signature":"setPaddingBottom(s As String)"},{"name":"setPaddingEnd","signature":"setPaddingEnd(s As String)"},{"name":"setPaddingStart","signature":"setPaddingStart(s As String)"},{"name":"setPaddingTop","signature":"setPaddingTop(s As String)"},{"name":"getBackground","signature":"getBackground As String"},{"name":"getBackgroundFocused","signature":"getBackgroundFocused As String"},{"name":"getBackgroundFocusedOpacity","signature":"getBackgroundFocusedOpacity As String"},{"name":"getBackgroundHover","signature":"getBackgroundHover As String"},{"name":"getBackgroundHoverOpacity","signature":"getBackgroundHoverOpacity As String"},{"name":"getBorderRadius","signature":"getBorderRadius As String"},{"name":"getColor","signature":"getColor As String"},{"name":"getColorFocused","signature":"getColorFocused As String"},{"name":"getColorHover","signature":"getColorHover As String"},{"name":"getPaddingBottom","signature":"getPaddingBottom As String"},{"name":"getPaddingEnd","signature":"getPaddingEnd As String"},{"name":"getPaddingStart","signature":"getPaddingStart As String"},{"name":"getPaddingTop","signature":"getPaddingTop As String"}]}