{"properties":[{"Key":"ParentID","DisplayName":"ParentID","FieldType":"String","DefaultValue":"","Description":"The ParentID of this component","List":""},{"Key":"TargetID","DisplayName":"TargetID","FieldType":"String","DefaultValue":"","Description":"The TargetID of this component","List":""},{"Key":"BackdropOpacity","DisplayName":"Backdrop Opacity","FieldType":"String","DefaultValue":"","Description":"Opacity Of The Backdrop","List":""},{"Key":"Background","DisplayName":"Background","FieldType":"String","DefaultValue":"","Description":"Background Of The Loading Dialog","List":""},{"Key":"Height","DisplayName":"Height","FieldType":"String","DefaultValue":"","Description":"Height Of The Loading Dialog","List":""},{"Key":"MaxHeight","DisplayName":"Max Height","FieldType":"String","DefaultValue":"","Description":"Maximum Height Of The Loading Dialog","List":""},{"Key":"MaxWidth","DisplayName":"Max Width","FieldType":"String","DefaultValue":"","Description":"Maximum Width Of The Loading Dialog","List":""},{"Key":"MinHeight","DisplayName":"Min Height","FieldType":"String","DefaultValue":"","Description":"Minimum Height Of The Loading Dialog","List":""},{"Key":"MinWidth","DisplayName":"Min Width","FieldType":"String","DefaultValue":"","Description":"Minimum Width Of The Loading Dialog","List":""},{"Key":"SpinnerColor","DisplayName":"Spinner Color","FieldType":"String","DefaultValue":"","Description":"Color Of The Loading Spinner","List":""},{"Key":"Width","DisplayName":"Width","FieldType":"String","DefaultValue":"","Description":"Width Of The Loading Dialog","List":""},{"Key":"RawClasses","DisplayName":"Classes (;)","FieldType":"String","DefaultValue":"","Description":"Classes added to the HTML tag.","List":""},{"Key":"RawStyles","DisplayName":"Styles (JSON)","FieldType":"String","DefaultValue":"","Description":"Styles added to the HTML tag. Must be a json String use = and ;","List":""}],"events":[],"methods":[{"name":"Class_Globals","signature":"Class_Globals"},{"name":"Initialize","signature":"Initialize (Callback As Object, Name As String, EventName As String)"},{"name":"getElement","signature":"getElement() As BANanoElement"},{"name":"AddComputedStyleMap","signature":"AddComputedStyleMap(ms As Map)"},{"name":"getID","signature":"getID() As String"},{"name":"AddToParent","signature":"AddToParent(targetID As String, props As Map)"},{"name":"setParentID","signature":"setParentID(s As String)"},{"name":"setTargetID","signature":"setTargetID(s As String)"},{"name":"setElement","signature":"setElement(e As BANanoElement)"},{"name":"getHere","signature":"getHere() As String"},{"name":"AddClass","signature":"AddClass(text As String)"},{"name":"RemoveClass","signature":"RemoveClass(text As String)"},{"name":"AddStyleComputed","signature":"AddStyleComputed(attr As String, text As String)"},{"name":"AddStyleMap","signature":"AddStyleMap(ms As Map)"},{"name":"AddStyle","signature":"AddStyle(k As String, v As String)"},{"name":"setRawStyles","signature":"setRawStyles(s As String)"},{"name":"setRawClasses","signature":"setRawClasses(s As String)"},{"name":"getRawStyles","signature":"getRawStyles As String"},{"name":"getRawClasses","signature":"getRawClasses As String"},{"name":"getTargetID","signature":"getTargetID As String"},{"name":"DesignerCreateView","signature":"DesignerCreateView (Target As BANanoElement, Props As Map)"},{"name":"setBackdropOpacity","signature":"setBackdropOpacity(s As String)"},{"name":"setBackground","signature":"setBackground(s As String)"},{"name":"setHeight","signature":"setHeight(s As String)"},{"name":"setMaxHeight","signature":"setMaxHeight(s As String)"},{"name":"setMaxWidth","signature":"setMaxWidth(s As String)"},{"name":"setMinHeight","signature":"setMinHeight(s As String)"},{"name":"setMinWidth","signature":"setMinWidth(s As String)"},{"name":"setSpinnerColor","signature":"setSpinnerColor(s As String)"},{"name":"setWidth","signature":"setWidth(s As String)"},{"name":"getBackdropOpacity","signature":"getBackdropOpacity As String"},{"name":"getBackground","signature":"getBackground As String"},{"name":"getHeight","signature":"getHeight As String"},{"name":"getMaxHeight","signature":"getMaxHeight As String"},{"name":"getMaxWidth","signature":"getMaxWidth As String"},{"name":"getMinHeight","signature":"getMinHeight As String"},{"name":"getMinWidth","signature":"getMinWidth As String"},{"name":"getSpinnerColor","signature":"getSpinnerColor As String"},{"name":"getWidth","signature":"getWidth As String"}]}