{"properties":[{"Key":"ParentID","DisplayName":"ParentID","FieldType":"String","DefaultValue":"","Description":"The ParentID of this component","List":""},{"Key":"TargetID","DisplayName":"TargetID","FieldType":"String","DefaultValue":"","Description":"The TargetID of this component","List":""},{"Key":"IonGridColumnPadding","DisplayName":"Ion Grid Column Padding","FieldType":"String","DefaultValue":"","Description":"Padding For The Column","List":""},{"Key":"IonGridColumnPaddingLg","DisplayName":"Ion Grid Column Padding Lg","FieldType":"String","DefaultValue":"","Description":"Padding For The Column On Lg Screens And Up","List":""},{"Key":"IonGridColumnPaddingMd","DisplayName":"Ion Grid Column Padding Md","FieldType":"String","DefaultValue":"","Description":"Padding For The Column On Md Screens And Up","List":""},{"Key":"IonGridColumnPaddingSm","DisplayName":"Ion Grid Column Padding Sm","FieldType":"String","DefaultValue":"","Description":"Padding For The Column On Sm Screens And Up","List":""},{"Key":"IonGridColumnPaddingXl","DisplayName":"Ion Grid Column Padding Xl","FieldType":"String","DefaultValue":"","Description":"Padding For The Column On Xl Screens And Up","List":""},{"Key":"IonGridColumnPaddingXs","DisplayName":"Ion Grid Column Padding Xs","FieldType":"String","DefaultValue":"","Description":"Padding For The Column On Xs Screens And Up","List":""},{"Key":"IonGridColumns","DisplayName":"Ion Grid Columns","FieldType":"String","DefaultValue":"","Description":"The Number Of Total Columns In The Grid","List":""},{"Key":"RawClasses","DisplayName":"Classes (;)","FieldType":"String","DefaultValue":"","Description":"Classes added to the HTML tag.","List":""},{"Key":"RawStyles","DisplayName":"Styles (JSON)","FieldType":"String","DefaultValue":"","Description":"Styles added to the HTML tag. Must be a json String use = and ;","List":""}],"events":[],"methods":[{"name":"Class_Globals","signature":"Class_Globals"},{"name":"Initialize","signature":"Initialize (Callback As Object, Name As String, EventName As String)"},{"name":"getElement","signature":"getElement() As BANanoElement"},{"name":"AddComputedStyleMap","signature":"AddComputedStyleMap(ms As Map)"},{"name":"getID","signature":"getID() As String"},{"name":"AddToParent","signature":"AddToParent(targetID As String, props As Map)"},{"name":"setParentID","signature":"setParentID(s As String)"},{"name":"setTargetID","signature":"setTargetID(s As String)"},{"name":"setElement","signature":"setElement(e As BANanoElement)"},{"name":"getHere","signature":"getHere() As String"},{"name":"AddClass","signature":"AddClass(text As String)"},{"name":"RemoveClass","signature":"RemoveClass(text As String)"},{"name":"AddStyleComputed","signature":"AddStyleComputed(attr As String, text As String)"},{"name":"AddStyleMap","signature":"AddStyleMap(ms As Map)"},{"name":"AddStyle","signature":"AddStyle(k As String, v As String)"},{"name":"setRawStyles","signature":"setRawStyles(s As String)"},{"name":"setRawClasses","signature":"setRawClasses(s As String)"},{"name":"getRawStyles","signature":"getRawStyles As String"},{"name":"getRawClasses","signature":"getRawClasses As String"},{"name":"getTargetID","signature":"getTargetID As String"},{"name":"DesignerCreateView","signature":"DesignerCreateView (Target As BANanoElement, Props As Map)"},{"name":"setIonGridColumnPadding","signature":"setIonGridColumnPadding(s As String)"},{"name":"setIonGridColumnPaddingLg","signature":"setIonGridColumnPaddingLg(s As String)"},{"name":"setIonGridColumnPaddingMd","signature":"setIonGridColumnPaddingMd(s As String)"},{"name":"setIonGridColumnPaddingSm","signature":"setIonGridColumnPaddingSm(s As String)"},{"name":"setIonGridColumnPaddingXl","signature":"setIonGridColumnPaddingXl(s As String)"},{"name":"setIonGridColumnPaddingXs","signature":"setIonGridColumnPaddingXs(s As String)"},{"name":"setIonGridColumns","signature":"setIonGridColumns(s As String)"},{"name":"getIonGridColumnPadding","signature":"getIonGridColumnPadding As String"},{"name":"getIonGridColumnPaddingLg","signature":"getIonGridColumnPaddingLg As String"},{"name":"getIonGridColumnPaddingMd","signature":"getIonGridColumnPaddingMd As String"},{"name":"getIonGridColumnPaddingSm","signature":"getIonGridColumnPaddingSm As String"},{"name":"getIonGridColumnPaddingXl","signature":"getIonGridColumnPaddingXl As String"},{"name":"getIonGridColumnPaddingXs","signature":"getIonGridColumnPaddingXs As String"},{"name":"getIonGridColumns","signature":"getIonGridColumns As String"}]}