{"properties":[{"Key":"ParentID","DisplayName":"ParentID","FieldType":"String","DefaultValue":"","Description":"The ParentID of this component","List":""},{"Key":"Color","DisplayName":"Color","FieldType":"String","DefaultValue":"none","Description":"Color","List":"danger|dark|light|medium|none|primary|secondary|success|tertiary|warning"},{"Key":"Disabled","DisplayName":"Disabled","FieldType":"Boolean","DefaultValue":"False","Description":"Disabled","List":""},{"Key":"Mode","DisplayName":"Mode","FieldType":"String","DefaultValue":"ios","Description":"Mode","List":"ios|md"},{"Key":"Outline","DisplayName":"Outline","FieldType":"Boolean","DefaultValue":"False","Description":"Outline","List":""},{"Key":"Slot","DisplayName":"Slot","FieldType":"String","DefaultValue":"","Description":"Slot","List":""},{"Key":"LeftAvatarImage","DisplayName":"Left Avatar","FieldType":"String","DefaultValue":"","Description":"Left Avatar Image","List":""},{"Key":"LeftIconName","DisplayName":"Left Icon Name","FieldType":"String","DefaultValue":"","Description":"Left Icon Name","List":""},{"Key":"LeftIconSrc","DisplayName":"Left Icon Src","FieldType":"String","DefaultValue":"","Description":"Left Icon Src","List":""},{"Key":"Text","DisplayName":"Text","FieldType":"String","DefaultValue":"Chip","Description":"Text","List":""},{"Key":"RightAvatarImage","DisplayName":"Right Avatar","FieldType":"String","DefaultValue":"","Description":"Right Avatar Image","List":""},{"Key":"RightIconName","DisplayName":"Right Icon Name","FieldType":"String","DefaultValue":"","Description":"Right Icon Name","List":""},{"Key":"RightIconSrc","DisplayName":"Right Icon Src","FieldType":"String","DefaultValue":"","Description":"Right Icon Src","List":""},{"Key":"Visible","DisplayName":"Visible","FieldType":"Boolean","DefaultValue":"True","Description":"If visible.","List":""},{"Key":"ColumnName","DisplayName":"Column Name","FieldType":"String","DefaultValue":"","Description":"Column Name","List":""},{"Key":"ColumnType","DisplayName":"Column Type","FieldType":"String","DefaultValue":"string","Description":"Column Type","List":"blob|bool|double|int|string"},{"Key":"PaddingAXYTBLR","DisplayName":"Paddings","FieldType":"String","DefaultValue":"a=?; x=?; y=?; t=?; b=?; l=?; r=?","Description":"Paddings A(all)-X(LR)-Y(TB)-T-B-L-R","List":""},{"Key":"MarginAXYTBLR","DisplayName":"Margins","FieldType":"String","DefaultValue":"a=?; x=?; y=?; t=?; b=?; l=?; r=?","Description":"Margins A(all)-X(LR)-Y(TB)-T-B-L-R","List":""},{"Key":"RawClasses","DisplayName":"Classes (;)","FieldType":"String","DefaultValue":"","Description":"Classes added to the HTML tag.","List":""},{"Key":"RawStyles","DisplayName":"Styles (JSON)","FieldType":"String","DefaultValue":"","Description":"Styles added to the HTML tag. Must be a json String use = and ;","List":""},{"Key":"RawAttributes","DisplayName":"Attributes (JSON)","FieldType":"String","DefaultValue":"","Description":"Attributes added to the HTML tag. Must be a json String use = and ;","List":""}],"events":[{"name":"Click (e As BANanoEvent)"}],"methods":[{"name":"Class_Globals","signature":"Class_Globals"},{"name":"Initialize","signature":"Initialize (Callback As Object, Name As String, EventName As String)"},{"name":"getElement","signature":"getElement() As BANanoElement"},{"name":"getID","signature":"getID() As String"},{"name":"AddToParent","signature":"AddToParent(targetID As String, props As Map)"},{"name":"Remove","signature":"Remove()"},{"name":"TriggerEvent","signature":"TriggerEvent(event As String, params() As String)"},{"name":"getHere","signature":"getHere() As String"},{"name":"SetAttr","signature":"SetAttr(attr As String, text As String)"},{"name":"SetDataAttr","signature":"SetDataAttr(attr As String, text As String)"},{"name":"GetDataAttr","signature":"GetDataAttr(attr As String) As String"},{"name":"GetAttr","signature":"GetAttr(attr As String) As String"},{"name":"AddClass","signature":"AddClass(text As String)"},{"name":"RemoveClass","signature":"RemoveClass(text As String)"},{"name":"AddAttr","signature":"AddAttr(ms As Map)"},{"name":"RemoveAttr","signature":"RemoveAttr(attr As String)"},{"name":"AddStyleComputed","signature":"AddStyleComputed(attr As String, text As String)"},{"name":"AddStyle","signature":"AddStyle(ms As Map)"},{"name":"setVisible","signature":"setVisible(b As Boolean)"},{"name":"getVisible","signature":"getVisible As Boolean"},{"name":"On","signature":"On(event As String, args As List)"},{"name":"OnEvent","signature":"OnEvent(event As String, Module As Object, methodName As String, args As List)"},{"name":"setText","signature":"setText(text As String)"},{"name":"getText","signature":"getText As String"},{"name":"DesignerCreateView","signature":"DesignerCreateView (Target As BANanoElement, Props As Map)"},{"name":"setLeftAvatarImage","signature":"setLeftAvatarImage(s As String)"},{"name":"setLeftIconName","signature":"setLeftIconName(s As String)"},{"name":"setLeftIconSrc","signature":"setLeftIconSrc(s As String)"},{"name":"setRightAvatarImage","signature":"setRightAvatarImage(s As String)"},{"name":"setRightIconName","signature":"setRightIconName(s As String)"},{"name":"setRightIconSrc","signature":"setRightIconSrc(s As String)"},{"name":"getLeftAvatarImage","signature":"getLeftAvatarImage As String"},{"name":"getLeftIconName","signature":"getLeftIconName As String"},{"name":"getLeftIconSrc","signature":"getLeftIconSrc As String"},{"name":"getRightAvatarImage","signature":"getRightAvatarImage As String"},{"name":"getRightIconName","signature":"getRightIconName As String"},{"name":"getRightIconSrc","signature":"getRightIconSrc As String"},{"name":"setParentID","signature":"setParentID(sParentID As String)"},{"name":"setColor","signature":"setColor(s As String)"},{"name":"setDisabled","signature":"setDisabled(b As Boolean)"},{"name":"setMode","signature":"setMode(s As String)"},{"name":"setOutline","signature":"setOutline(b As Boolean)"},{"name":"setSlot","signature":"setSlot(s As String)"},{"name":"getColor","signature":"getColor As String"},{"name":"getDisabled","signature":"getDisabled As Boolean"},{"name":"getMode","signature":"getMode As String"},{"name":"getOutline","signature":"getOutline As Boolean"},{"name":"getSlot","signature":"getSlot As String"},{"name":"LinkExisting","signature":"LinkExisting"},{"name":"GetLeftIonAvatar","signature":"GetLeftIonAvatar As SHIonAvatar"},{"name":"GetLeftIonImg","signature":"GetLeftIonImg As SHImg"},{"name":"GetRightIonAvatar","signature":"GetRightIonAvatar As SHIonAvatar"},{"name":"GetRightIonImg","signature":"GetRightIonImg As SHImg"},{"name":"getParentID","signature":"getParentID As String"},{"name":"setPaddingAXYTBLR","signature":"setPaddingAXYTBLR(s As String)"},{"name":"getPaddingAXYTBLR","signature":"getPaddingAXYTBLR As String"},{"name":"setMarginAXYTBLR","signature":"setMarginAXYTBLR(s As String)"},{"name":"getMarginAXYTBLR","signature":"getMarginAXYTBLR As String"},{"name":"setRawClasses","signature":"setRawClasses(s As String)"},{"name":"getRawClasses","signature":"getRawClasses As String"},{"name":"setRawStyles","signature":"setRawStyles(s As String)"},{"name":"getRawStyles","signature":"getRawStyles As String"},{"name":"setRawAttributes","signature":"setRawAttributes(s As String)"},{"name":"getRawAttributes","signature":"getRawAttributes As String"},{"name":"setColumnName","signature":"setColumnName(s As String)"},{"name":"setColumnType","signature":"setColumnType(s As String)"},{"name":"getColumnName","signature":"getColumnName As String"},{"name":"getColumnType","signature":"getColumnType As String"}]}