{"properties":[{"Key":"ParentID","DisplayName":"ParentID","FieldType":"String","DefaultValue":"","Description":"The ParentID of this component","List":""},{"Key":"ActionType","DisplayName":"Action Type","FieldType":"String","DefaultValue":"custom","Description":"Action Type","List":"abort-retry-ignore|ok-cancel|ok-only|retry-cancel|yes-no|yes-no-cancel|custom|delete-share-cancel|share-cancel"},{"Key":"Animated","DisplayName":"Animated","FieldType":"Boolean","DefaultValue":"True","Description":"Animated","List":""},{"Key":"BackdropDismiss","DisplayName":"Backdrop Dismiss","FieldType":"Boolean","DefaultValue":"True","Description":"Backdrop Dismiss","List":""},{"Key":"CssClass","DisplayName":"Css Class","FieldType":"String","DefaultValue":"","Description":"Css Class","List":""},{"Key":"EnterAnimation","DisplayName":"Enter Animation","FieldType":"String","DefaultValue":"","Description":"Enter Animation","List":""},{"Key":"Header","DisplayName":"Header","FieldType":"String","DefaultValue":"","Description":"Header","List":""},{"Key":"SubHeader","DisplayName":"Sub Header","FieldType":"String","DefaultValue":"","Description":"Sub Header","List":""},{"Key":"IsOpen","DisplayName":"Is Open","FieldType":"Boolean","DefaultValue":"False","Description":"Is Open","List":""},{"Key":"KeyboardClose","DisplayName":"Keyboard Close","FieldType":"Boolean","DefaultValue":"True","Description":"Keyboard Close","List":""},{"Key":"LeaveAnimation","DisplayName":"Leave Animation","FieldType":"String","DefaultValue":"","Description":"Leave Animation","List":""},{"Key":"Mode","DisplayName":"Mode","FieldType":"String","DefaultValue":"ios","Description":"Mode","List":"ios|md"},{"Key":"Translucent","DisplayName":"Translucent","FieldType":"Boolean","DefaultValue":"False","Description":"Translucent","List":""},{"Key":"Trigger","DisplayName":"Trigger","FieldType":"String","DefaultValue":"","Description":"Trigger","List":""},{"Key":"PaddingAXYTBLR","DisplayName":"Paddings","FieldType":"String","DefaultValue":"a=?; x=?; y=?; t=?; b=?; l=?; r=?","Description":"Paddings A(all)-X(LR)-Y(TB)-T-B-L-R","List":""},{"Key":"MarginAXYTBLR","DisplayName":"Margins","FieldType":"String","DefaultValue":"a=?; x=?; y=?; t=?; b=?; l=?; r=?","Description":"Margins A(all)-X(LR)-Y(TB)-T-B-L-R","List":""},{"Key":"RawClasses","DisplayName":"Classes (;)","FieldType":"String","DefaultValue":"","Description":"Classes added to the HTML tag.","List":""},{"Key":"RawStyles","DisplayName":"Styles (JSON)","FieldType":"String","DefaultValue":"","Description":"Styles added to the HTML tag. Must be a json String use = and ;","List":""},{"Key":"RawAttributes","DisplayName":"Attributes (JSON)","FieldType":"String","DefaultValue":"","Description":"Attributes added to the HTML tag. Must be a json String use = and ;","List":""}],"events":[{"name":"Delete_Click (e As BANanoEvent)"},{"name":"Share_Click (e As BANanoEvent)"},{"name":"No_Click (e As BANanoEvent)"},{"name":"Abort_Click (e As BANanoEvent)"},{"name":"Retry_Click (e As BANanoEvent)"},{"name":"Ignore_Click (e As BANanoEvent)"},{"name":"Cancel_Click (e As BANanoEvent)"},{"name":"Confirm_Click (data As Map)"},{"name":"DidDismiss (e As BANanoEvent)"},{"name":"DidPresent (e As BANanoEvent)"},{"name":"WillDismiss (role As String, data As Map)"},{"name":"WillPresent (e As BANanoEvent)"}],"methods":[{"name":"Class_Globals","signature":"Class_Globals"},{"name":"Initialize","signature":"Initialize (Callback As Object, Name As String, EventName As String)"},{"name":"getElement","signature":"getElement() As BANanoElement"},{"name":"getID","signature":"getID() As String"},{"name":"AddToParent","signature":"AddToParent(targetID As String, props As Map)"},{"name":"Remove","signature":"Remove()"},{"name":"TriggerEvent","signature":"TriggerEvent(event As String, params() As String)"},{"name":"getHere","signature":"getHere() As String"},{"name":"SetAttr","signature":"SetAttr(attr As String, text As String)"},{"name":"SetDataAttr","signature":"SetDataAttr(attr As String, text As String)"},{"name":"GetDataAttr","signature":"GetDataAttr(attr As String) As String"},{"name":"GetAttr","signature":"GetAttr(attr As String) As String"},{"name":"AddClass","signature":"AddClass(text As String)"},{"name":"RemoveClass","signature":"RemoveClass(text As String)"},{"name":"AddAttr","signature":"AddAttr(ms As Map)"},{"name":"RemoveAttr","signature":"RemoveAttr(attr As String)"},{"name":"AddStyleComputed","signature":"AddStyleComputed(attr As String, text As String)"},{"name":"AddStyle","signature":"AddStyle(ms As Map)"},{"name":"On","signature":"On(event As String, args As List)"},{"name":"OnEvent","signature":"OnEvent(event As String, Module As Object, methodName As String, args As List)"},{"name":"DesignerCreateView","signature":"DesignerCreateView (Target As BANanoElement, Props As Map)"},{"name":"setParentID","signature":"setParentID(sParentID As String)"},{"name":"Confirm","signature":"Confirm(data As Object)"},{"name":"Cancel","signature":"Cancel"},{"name":"dismiss","signature":"dismiss(data As Object, role As String) As BANanoPromise"},{"name":"onDidDismiss","signature":"onDidDismiss() As BANanoPromise"},{"name":"onWillDismiss","signature":"onWillDismiss() As BANanoPromise"},{"name":"present","signature":"present() As BANanoPromise"},{"name":"setAnimated","signature":"setAnimated(b As Boolean)"},{"name":"setBackdropDismiss","signature":"setBackdropDismiss(b As Boolean)"},{"name":"setButtons","signature":"setButtons(s As List)"},{"name":"setCssClass","signature":"setCssClass(s As String)"},{"name":"setEnterAnimation","signature":"setEnterAnimation(s As String)"},{"name":"setHeader","signature":"setHeader(s As String)"},{"name":"setHtmlAttributes","signature":"setHtmlAttributes(s As Map)"},{"name":"setIsOpen","signature":"setIsOpen(b As Boolean)"},{"name":"setKeyboardClose","signature":"setKeyboardClose(b As Boolean)"},{"name":"setLeaveAnimation","signature":"setLeaveAnimation(s As String)"},{"name":"setMode","signature":"setMode(s As String)"},{"name":"setSubHeader","signature":"setSubHeader(s As String)"},{"name":"setTranslucent","signature":"setTranslucent(b As Boolean)"},{"name":"setTrigger","signature":"setTrigger(s As String)"},{"name":"getAnimated","signature":"getAnimated As Boolean"},{"name":"getBackdropDismiss","signature":"getBackdropDismiss As Boolean"},{"name":"getButtons","signature":"getButtons As List"},{"name":"getCssClass","signature":"getCssClass As String"},{"name":"getEnterAnimation","signature":"getEnterAnimation As String"},{"name":"getHeader","signature":"getHeader As String"},{"name":"getHtmlAttributes","signature":"getHtmlAttributes As Map"},{"name":"getIsOpen","signature":"getIsOpen As Boolean"},{"name":"getKeyboardClose","signature":"getKeyboardClose As Boolean"},{"name":"getLeaveAnimation","signature":"getLeaveAnimation As String"},{"name":"getMode","signature":"getMode As String"},{"name":"getSubHeader","signature":"getSubHeader As String"},{"name":"getTranslucent","signature":"getTranslucent As Boolean"},{"name":"getTrigger","signature":"getTrigger As String"},{"name":"Clear","signature":"Clear"},{"name":"AddDestructiveButton","signature":"AddDestructiveButton(btnAction As String, btnIcon As String, btnText As String) As SHIonActionSheetButton"},{"name":"AddCancelButton","signature":"AddCancelButton(btnIcon As String, btnText As String) As SHIonActionSheetButton"},{"name":"AddConfirmButton","signature":"AddConfirmButton(btnIcon As String, btnText As String) As SHIonActionSheetButton"},{"name":"AddButton","signature":"AddButton(btnAction As String, btnIcon As String, btnText As String) As SHIonActionSheetButton"},{"name":"AddActionSheetButton","signature":"AddActionSheetButton(btn As SHIonActionSheetButton)"},{"name":"AddButtons","signature":"AddButtons(btns As List)"},{"name":"RefreshButtons","signature":"RefreshButtons"},{"name":"CreateButton","signature":"CreateButton(btnAction As String, btnIcon As String, btnText As String) As SHIonActionSheetButton"},{"name":"CreateDestructiveButton","signature":"CreateDestructiveButton(btnAction As String, btnIcon As String, btnText As String) As SHIonActionSheetButton"},{"name":"CreateCancelButton","signature":"CreateCancelButton(btnIcon As String, btnText As String) As SHIonActionSheetButton"},{"name":"getRoot","signature":"getRoot As SHLabel"},{"name":"LinkExisting","signature":"LinkExisting"},{"name":"ShowConfirm","signature":"ShowConfirm(sProcess As String, xTitle As String, xSubTitle As String, xMessage As String, ConfirmText As String, CancelText As String)"},{"name":"ShowAlert","signature":"ShowAlert(sProcess As String, xTitle As String, xSubTitle As String, xMessage As String, ConfirmText As String)"},{"name":"setActionType","signature":"setActionType(s As String)"},{"name":"getParentID","signature":"getParentID As String"},{"name":"getActionType","signature":"getActionType As String"},{"name":"setPaddingAXYTBLR","signature":"setPaddingAXYTBLR(s As String)"},{"name":"getPaddingAXYTBLR","signature":"getPaddingAXYTBLR As String"},{"name":"setMarginAXYTBLR","signature":"setMarginAXYTBLR(s As String)"},{"name":"getMarginAXYTBLR","signature":"getMarginAXYTBLR As String"},{"name":"setRawClasses","signature":"setRawClasses(s As String)"},{"name":"getRawClasses","signature":"getRawClasses As String"},{"name":"setRawStyles","signature":"setRawStyles(s As String)"},{"name":"getRawStyles","signature":"getRawStyles As String"},{"name":"setRawAttributes","signature":"setRawAttributes(s As String)"},{"name":"getRawAttributes","signature":"getRawAttributes As String"}]}