{"properties":[{"Key":"ParentID","DisplayName":"ParentID","FieldType":"String","DefaultValue":"","Description":"The ParentID of this component","List":""},{"Key":"ActiveBarStart","DisplayName":"Active Bar Start","FieldType":"String","DefaultValue":"","Description":"Active Bar Start","List":""},{"Key":"Color","DisplayName":"Color","FieldType":"String","DefaultValue":"none","Description":"Color","List":"danger|dark|light|medium|none|primary|secondary|success|tertiary|warning"},{"Key":"Debounce","DisplayName":"Debounce","FieldType":"String","DefaultValue":"","Description":"Debounce","List":""},{"Key":"Disabled","DisplayName":"Disabled","FieldType":"Boolean","DefaultValue":"False","Description":"Disabled","List":""},{"Key":"DualKnobs","DisplayName":"Dual Knobs","FieldType":"Boolean","DefaultValue":"False","Description":"Dual Knobs","List":""},{"Key":"LowerValue","DisplayName":"Lower Value","FieldType":"String","DefaultValue":"20","Description":"Lower Value","List":""},{"Key":"UpperValue","DisplayName":"Upper Value","FieldType":"String","DefaultValue":"80","Description":"Upper Value","List":""},{"Key":"Label","DisplayName":"Label","FieldType":"String","DefaultValue":"","Description":"Label","List":""},{"Key":"AriaLabel","DisplayName":"Aria Label","FieldType":"String","DefaultValue":"","Description":"Aria Label","List":""},{"Key":"LabelPlacement","DisplayName":"Label Placement","FieldType":"String","DefaultValue":"start","Description":"Label Placement","List":"end|fixed|start"},{"Key":"Legacy","DisplayName":"Legacy","FieldType":"Boolean","DefaultValue":"False","Description":"Legacy","List":""},{"Key":"MaxValue","DisplayName":"Max Value","FieldType":"String","DefaultValue":"100","Description":"Max Value","List":""},{"Key":"MinValue","DisplayName":"Min Value","FieldType":"String","DefaultValue":"0","Description":"Min Value","List":""},{"Key":"LeftIcon","DisplayName":"Left Icon","FieldType":"String","DefaultValue":"","Description":"Left Icon","List":""},{"Key":"RightIcon","DisplayName":"Right Icon","FieldType":"String","DefaultValue":"","Description":"Right Icon","List":""},{"Key":"Mode","DisplayName":"Mode","FieldType":"String","DefaultValue":"ios","Description":"Mode","List":"ios|md"},{"Key":"Name","DisplayName":"Name","FieldType":"String","DefaultValue":"","Description":"Name","List":""},{"Key":"Pin","DisplayName":"Pin","FieldType":"Boolean","DefaultValue":"False","Description":"Pin","List":""},{"Key":"Snaps","DisplayName":"Snaps","FieldType":"Boolean","DefaultValue":"False","Description":"Snaps","List":""},{"Key":"StepValue","DisplayName":"Step Value","FieldType":"String","DefaultValue":"","Description":"Step Value","List":""},{"Key":"Ticks","DisplayName":"Ticks","FieldType":"Boolean","DefaultValue":"True","Description":"Ticks","List":""},{"Key":"Value","DisplayName":"Value","FieldType":"String","DefaultValue":"","Description":"Value","List":""},{"Key":"Visible","DisplayName":"Visible","FieldType":"Boolean","DefaultValue":"True","Description":"If visible.","List":""},{"Key":"ColumnName","DisplayName":"Column Name","FieldType":"String","DefaultValue":"","Description":"Column Name","List":""},{"Key":"ColumnType","DisplayName":"Column Type","FieldType":"String","DefaultValue":"string","Description":"Column Type","List":"blob|bool|double|int|string"},{"Key":"PaddingAXYTBLR","DisplayName":"Paddings","FieldType":"String","DefaultValue":"a=?; x=?; y=?; t=?; b=?; l=?; r=?","Description":"Paddings A(all)-X(LR)-Y(TB)-T-B-L-R","List":""},{"Key":"MarginAXYTBLR","DisplayName":"Margins","FieldType":"String","DefaultValue":"a=?; x=?; y=?; t=?; b=?; l=?; r=?","Description":"Margins A(all)-X(LR)-Y(TB)-T-B-L-R","List":""},{"Key":"RawClasses","DisplayName":"Classes (;)","FieldType":"String","DefaultValue":"","Description":"Classes added to the HTML tag.","List":""},{"Key":"RawStyles","DisplayName":"Styles (JSON)","FieldType":"String","DefaultValue":"","Description":"Styles added to the HTML tag. Must be a json String use = and ;","List":""},{"Key":"RawAttributes","DisplayName":"Attributes (JSON)","FieldType":"String","DefaultValue":"","Description":"Attributes added to the HTML tag. Must be a json String use = and ;","List":""}],"events":[{"name":"IonBlur (e As BANanoEvent)"},{"name":"IonChange (value As Object)"},{"name":"IonFocus (e As BANanoEvent)"},{"name":"IonInput (e As BANanoEvent)"},{"name":"IonKnobMoveEnd (e As BANanoEvent)"},{"name":"IonKnobMoveStart (e As BANanoEvent)"}],"methods":[{"name":"Class_Globals","signature":"Class_Globals"},{"name":"Initialize","signature":"Initialize (Callback As Object, Name As String, EventName As String)"},{"name":"getElement","signature":"getElement() As BANanoElement"},{"name":"getID","signature":"getID() As String"},{"name":"AddToParent","signature":"AddToParent(targetID As String, props As Map)"},{"name":"Remove","signature":"Remove()"},{"name":"setElement","signature":"setElement(e As BANanoElement)"},{"name":"LinkExisting","signature":"LinkExisting"},{"name":"TriggerEvent","signature":"TriggerEvent(event As String, params() As String)"},{"name":"getHere","signature":"getHere() As String"},{"name":"SetAttr","signature":"SetAttr(attr As String, text As String)"},{"name":"SetDataAttr","signature":"SetDataAttr(attr As String, text As String)"},{"name":"GetDataAttr","signature":"GetDataAttr(attr As String) As String"},{"name":"GetAttr","signature":"GetAttr(attr As String) As String"},{"name":"AddClass","signature":"AddClass(text As String)"},{"name":"RemoveClass","signature":"RemoveClass(text As String)"},{"name":"AddAttr","signature":"AddAttr(ms As Map)"},{"name":"RemoveAttr","signature":"RemoveAttr(attr As String)"},{"name":"AddStyleComputed","signature":"AddStyleComputed(attr As String, text As String)"},{"name":"AddStyle","signature":"AddStyle(ms As Map)"},{"name":"setVisible","signature":"setVisible(b As Boolean)"},{"name":"getVisible","signature":"getVisible As Boolean"},{"name":"On","signature":"On(event As String, args As List)"},{"name":"OnEvent","signature":"OnEvent(event As String, Module As Object, methodName As String, args As List)"},{"name":"setValue","signature":"setValue(text As String)"},{"name":"getValue","signature":"getValue As String"},{"name":"DesignerCreateView","signature":"DesignerCreateView (Target As BANanoElement, Props As Map)"},{"name":"setLeftIcon","signature":"setLeftIcon(s As String)"},{"name":"setRightIcon","signature":"setRightIcon(s As String)"},{"name":"getLeftIcon","signature":"getLeftIcon As String"},{"name":"getRightIcon","signature":"getRightIcon As String"},{"name":"setLowerUpperValues","signature":"setLowerUpperValues(dLower As Double, dUpper As Double)"},{"name":"setParentID","signature":"setParentID(sParentID As String)"},{"name":"getIonItem","signature":"getIonItem As SHIonItem"},{"name":"setAriaHidden","signature":"setAriaHidden(b As Boolean)"},{"name":"setAriaLabel","signature":"setAriaLabel(s As String)"},{"name":"NoLabel","signature":"NoLabel"},{"name":"pinFormatter","signature":"pinFormatter() As BANanoPromise"},{"name":"setActiveBarStart","signature":"setActiveBarStart(s As String)"},{"name":"setColor","signature":"setColor(s As String)"},{"name":"setDebounce","signature":"setDebounce(s As String)"},{"name":"setDisabled","signature":"setDisabled(b As Boolean)"},{"name":"setDualKnobs","signature":"setDualKnobs(b As Boolean)"},{"name":"setLabel","signature":"setLabel(s As String)"},{"name":"setLabelPlacement","signature":"setLabelPlacement(s As String)"},{"name":"setLegacy","signature":"setLegacy(b As Boolean)"},{"name":"setMaxValue","signature":"setMaxValue(s As String)"},{"name":"setMinValue","signature":"setMinValue(s As String)"},{"name":"setMode","signature":"setMode(s As String)"},{"name":"setName","signature":"setName(s As String)"},{"name":"setPin","signature":"setPin(b As Boolean)"},{"name":"setSnaps","signature":"setSnaps(b As Boolean)"},{"name":"setStepValue","signature":"setStepValue(s As String)"},{"name":"setTicks","signature":"setTicks(b As Boolean)"},{"name":"getActiveBarStart","signature":"getActiveBarStart As String"},{"name":"getColor","signature":"getColor As String"},{"name":"getDebounce","signature":"getDebounce As String"},{"name":"getDisabled","signature":"getDisabled As Boolean"},{"name":"getDualKnobs","signature":"getDualKnobs As Boolean"},{"name":"getLabel","signature":"getLabel As String"},{"name":"getLabelPlacement","signature":"getLabelPlacement As String"},{"name":"getLegacy","signature":"getLegacy As Boolean"},{"name":"getMaxValue","signature":"getMaxValue As String"},{"name":"getMinValue","signature":"getMinValue As String"},{"name":"getMode","signature":"getMode As String"},{"name":"getName","signature":"getName As String"},{"name":"getPin","signature":"getPin As Boolean"},{"name":"getSnaps","signature":"getSnaps As Boolean"},{"name":"getStepValue","signature":"getStepValue As String"},{"name":"getTicks","signature":"getTicks As Boolean"},{"name":"getRoot","signature":"getRoot As SHLabel"},{"name":"setLowerValue","signature":"setLowerValue(d As Double)"},{"name":"setUpperValue","signature":"setUpperValue(d As Double)"},{"name":"getLowerValue","signature":"getLowerValue As Double"},{"name":"getUpperValue","signature":"getUpperValue As Double"},{"name":"getParentID","signature":"getParentID As String"},{"name":"getAriaLabel","signature":"getAriaLabel As String"},{"name":"setPaddingAXYTBLR","signature":"setPaddingAXYTBLR(s As String)"},{"name":"getPaddingAXYTBLR","signature":"getPaddingAXYTBLR As String"},{"name":"setMarginAXYTBLR","signature":"setMarginAXYTBLR(s As String)"},{"name":"getMarginAXYTBLR","signature":"getMarginAXYTBLR As String"},{"name":"setRawClasses","signature":"setRawClasses(s As String)"},{"name":"getRawClasses","signature":"getRawClasses As String"},{"name":"setRawStyles","signature":"setRawStyles(s As String)"},{"name":"getRawStyles","signature":"getRawStyles As String"},{"name":"setRawAttributes","signature":"setRawAttributes(s As String)"},{"name":"getRawAttributes","signature":"getRawAttributes As String"},{"name":"setColumnName","signature":"setColumnName(s As String)"},{"name":"setColumnType","signature":"setColumnType(s As String)"},{"name":"getColumnName","signature":"getColumnName As String"},{"name":"getColumnType","signature":"getColumnType As String"}]}