{"properties":[{"Key":"ParentID","DisplayName":"ParentID","FieldType":"String","DefaultValue":"","Description":"The ParentID of this component","List":""},{"Key":"TargetId","DisplayName":"Target ID","FieldType":"String","DefaultValue":"","Description":"Target ID","List":""},{"Key":"InitialValue","DisplayName":"Initial Value","FieldType":"String","DefaultValue":"","Description":"Initial Value","List":""},{"Key":"AnimateType","DisplayName":"AnimateType","FieldType":"String","DefaultValue":"none","Description":"Animate","List":"alpha|color|height|layout|layout-radius|left|radius|rotation|scale|text-size|top|visible|width|margin-top|margin-left|margin-right|margin-bottom|right|bottom"},{"Key":"Alpha","DisplayName":"Alpha","FieldType":"String","DefaultValue":"","Description":"Alpha","List":""},{"Key":"Duration","DisplayName":"Duration","FieldType":"String","DefaultValue":"2000","Description":"Duration","List":""},{"Key":"FromColor","DisplayName":"From Color","FieldType":"String","DefaultValue":"","Description":"From Color","List":""},{"Key":"ToColor","DisplayName":"To Color","FieldType":"String","DefaultValue":"","Description":"To Color","List":""},{"Key":"FromScale","DisplayName":"From Scale","FieldType":"String","DefaultValue":"","Description":"From Scale","List":""},{"Key":"ToScale","DisplayName":"To Scale","FieldType":"String","DefaultValue":"","Description":"To Scale","List":""},{"Key":"Width","DisplayName":"Width","FieldType":"String","DefaultValue":"","Description":"Width","List":""},{"Key":"Height","DisplayName":"Height","FieldType":"String","DefaultValue":"","Description":"Height","List":""},{"Key":"Left","DisplayName":"Left","FieldType":"String","DefaultValue":"","Description":"Left","List":""},{"Key":"Right","DisplayName":"Right","FieldType":"String","DefaultValue":"","Description":"Right","List":""},{"Key":"Top","DisplayName":"Top","FieldType":"String","DefaultValue":"","Description":"Top","List":""},{"Key":"Bottom","DisplayName":"Bottom","FieldType":"String","DefaultValue":"","Description":"Bottom","List":""},{"Key":"Radius","DisplayName":"Radius","FieldType":"String","DefaultValue":"","Description":"Radius","List":""},{"Key":"Rotation","DisplayName":"Rotation","FieldType":"String","DefaultValue":"","Description":"Rotation","List":""},{"Key":"TextSize","DisplayName":"Text Size","FieldType":"String","DefaultValue":"","Description":"Text Size","List":""},{"Key":"Visible","DisplayName":"Visible","FieldType":"Boolean","DefaultValue":"True","Description":"visible.","List":""},{"Key":"PaddingAXYTBLR","DisplayName":"Paddings","FieldType":"String","DefaultValue":"a=?; x=?; y=?; t=?; b=?; l=?; r=?","Description":"Paddings A(all)-X(LR)-Y(TB)-T-B-L-R","List":""},{"Key":"MarginAXYTBLR","DisplayName":"Margins","FieldType":"String","DefaultValue":"a=?; x=?; y=?; t=?; b=?; l=?; r=?","Description":"Margins A(all)-X(LR)-Y(TB)-T-B-L-R","List":""},{"Key":"RawClasses","DisplayName":"Classes (;)","FieldType":"String","DefaultValue":"","Description":"Classes added to the HTML tag.","List":""},{"Key":"RawStyles","DisplayName":"Styles (JSON)","FieldType":"String","DefaultValue":"","Description":"Styles added to the HTML tag. Must be a json String use = and ;","List":""},{"Key":"RawAttributes","DisplayName":"Attributes (JSON)","FieldType":"String","DefaultValue":"","Description":"Attributes added to the HTML tag. Must be a json String use = and ;","List":""}],"events":[],"methods":[{"name":"Class_Globals","signature":"Class_Globals"},{"name":"Initialize","signature":"Initialize (Callback As Object, Name As String, EventName As String)"},{"name":"getElement","signature":"getElement() As BANanoElement"},{"name":"getID","signature":"getID() As String"},{"name":"AddToParent","signature":"AddToParent(TargetIDx As String, props As Map)"},{"name":"Remove","signature":"Remove()"},{"name":"setParentID","signature":"setParentID(s As String)"},{"name":"setElement","signature":"setElement(e As BANanoElement)"},{"name":"LinkExisting","signature":"LinkExisting"},{"name":"getHere","signature":"getHere() As String"},{"name":"getVisible","signature":"getVisible As Boolean"},{"name":"getThis","signature":"getThis As BANanoObject"},{"name":"getRoot","signature":"getRoot As SHLabel"},{"name":"DesignerCreateView","signature":"DesignerCreateView (Target As BANanoElement, Props As Map)"},{"name":"setInitialValue","signature":"setInitialValue(s As String)"},{"name":"setAlpha","signature":"setAlpha(s As String)"},{"name":"setAnimateType","signature":"setAnimateType(s As String)"},{"name":"setDuration","signature":"setDuration(s As String)"},{"name":"setFromColor","signature":"setFromColor(s As String)"},{"name":"setFromScale","signature":"setFromScale(s As String)"},{"name":"setHeight","signature":"setHeight(s As String)"},{"name":"setLeft","signature":"setLeft(s As String)"},{"name":"setRight","signature":"setRight(s As String)"},{"name":"setBottom","signature":"setBottom(s As String)"},{"name":"setRadius","signature":"setRadius(s As String)"},{"name":"setRotation","signature":"setRotation(s As String)"},{"name":"setTargetID","signature":"setTargetID(s As String)"},{"name":"setTextSize","signature":"setTextSize(s As String)"},{"name":"setToColor","signature":"setToColor(s As String)"},{"name":"setToScale","signature":"setToScale(s As String)"},{"name":"setTop","signature":"setTop(s As String)"},{"name":"setVisible","signature":"setVisible(s As String)"},{"name":"setWidth","signature":"setWidth(s As String)"},{"name":"getAlpha","signature":"getAlpha As String"},{"name":"getAnimateType","signature":"getAnimateType As String"},{"name":"getDuration","signature":"getDuration As String"},{"name":"getFromColor","signature":"getFromColor As String"},{"name":"getFromScale","signature":"getFromScale As String"},{"name":"getHeight","signature":"getHeight As String"},{"name":"getLeft","signature":"getLeft As String"},{"name":"getRadius","signature":"getRadius As String"},{"name":"getRotation","signature":"getRotation As String"},{"name":"getTargetID","signature":"getTargetID As String"},{"name":"getTextSize","signature":"getTextSize As String"},{"name":"getToColor","signature":"getToColor As String"},{"name":"getToScale","signature":"getToScale As String"},{"name":"getTop","signature":"getTop As String"},{"name":"getWidth","signature":"getWidth As String"},{"name":"SetColorAnimated","signature":"SetColorAnimated(elID As String,duration As Int, FromColor As String, ToColor As String) As BANanoAnimeJS"},{"name":"SetScaleAnimated","signature":"SetScaleAnimated(elID As String,duration As Int, FromScale As Double, ToScale As Double) As BANanoAnimeJS"},{"name":"SetVisibleAnimated","signature":"SetVisibleAnimated(elID As String,duration As Int, b As Boolean) As BANanoAnimeJS"},{"name":"SetAlphaAnimated","signature":"SetAlphaAnimated(elID As String,duration As Int, alpha As Double) As BANanoAnimeJS"},{"name":"SetLayoutAnimated","signature":"SetLayoutAnimated(elID As String,duration As Int, left As String, top As String, width As String, height As String) As BANanoAnimeJS"},{"name":"SetLayoutAnimatedRadius","signature":"SetLayoutAnimatedRadius(elID As String,duration As Int, left As String, top As String, width As String, height As String, radius As String) As BANanoAnimeJS"},{"name":"SetWidthAnimated","signature":"SetWidthAnimated(elID As String,duration As Int, width As String) As BANanoAnimeJS"},{"name":"SetHeightAnimated","signature":"SetHeightAnimated(elID As String,duration As Int, height As String) As BANanoAnimeJS"},{"name":"SetRadiusAnimated","signature":"SetRadiusAnimated(elID As String,duration As Int, radius As String) As BANanoAnimeJS"},{"name":"SetTextSizeAnimated","signature":"SetTextSizeAnimated(elID As String,duration As Int, textSize As String) As BANanoAnimeJS"},{"name":"SetLeftAnimated","signature":"SetLeftAnimated(elID As String,duration As Int, left As String) As BANanoAnimeJS"},{"name":"SetTopAnimated","signature":"SetTopAnimated(elID As String,duration As Int, top As String) As BANanoAnimeJS"},{"name":"SetRightAnimated","signature":"SetRightAnimated(elID As String,duration As Int, top As String) As BANanoAnimeJS"},{"name":"SetBottomAnimated","signature":"SetBottomAnimated(elID As String,duration As Int, top As String) As BANanoAnimeJS"},{"name":"SetMarginTopAnimated","signature":"SetMarginTopAnimated(elID As String,duration As Int, top As String) As BANanoAnimeJS"},{"name":"SetMarginRightAnimated","signature":"SetMarginRightAnimated(elID As String,duration As Int, top As String) As BANanoAnimeJS"},{"name":"SetMarginBottomAnimated","signature":"SetMarginBottomAnimated(elID As String,duration As Int, top As String) As BANanoAnimeJS"},{"name":"SetMarginLeftAnimated","signature":"SetMarginLeftAnimated(elID As String,duration As Int, left As String) As BANanoAnimeJS"},{"name":"SetRotationAnimated","signature":"SetRotationAnimated(elID As String,duration As Int, degrees As Int) As BANanoAnimeJS"},{"name":"SetColorAndBorder","signature":"SetColorAndBorder (BackGroundColor As String, BorderWidth As String, BorderColor As String, BorderCornerRadius As String)"},{"name":"SetLayout","signature":"SetLayout(left As String, top As String, width As String, height As String)"},{"name":"SetLayoutRadius","signature":"SetLayoutRadius(left As String, top As String, width As String, height As String, radius As String)"},{"name":"setPaddingAXYTBLR","signature":"setPaddingAXYTBLR(s As String)"},{"name":"getPaddingAXYTBLR","signature":"getPaddingAXYTBLR As String"},{"name":"setMarginAXYTBLR","signature":"setMarginAXYTBLR(s As String)"},{"name":"getMarginAXYTBLR","signature":"getMarginAXYTBLR As String"},{"name":"setRawClasses","signature":"setRawClasses(s As String)"},{"name":"getRawClasses","signature":"getRawClasses As String"},{"name":"setRawStyles","signature":"setRawStyles(s As String)"},{"name":"getRawStyles","signature":"getRawStyles As String"},{"name":"setRawAttributes","signature":"setRawAttributes(s As String)"},{"name":"getRawAttributes","signature":"getRawAttributes As String"},{"name":"getParentID","signature":"getParentID As String"},{"name":"getInitialValue","signature":"getInitialValue As String"},{"name":"getRight","signature":"getRight As String"},{"name":"getBottom","signature":"getBottom As String"}]}