{"properties":[{"Key":"ParentID","DisplayName":"ParentID","FieldType":"String","DefaultValue":"","Description":"The ParentID of this component","List":""},{"Key":"AutoGrow","DisplayName":"Auto Grow","FieldType":"Boolean","DefaultValue":"False","Description":"Auto Grow","List":""},{"Key":"Autocapitalize","DisplayName":"Autocapitalize","FieldType":"String","DefaultValue":"none","Description":"Autocapitalize","List":"characters|none|off|on|sentences|words"},{"Key":"Autofocus","DisplayName":"Autofocus","FieldType":"Boolean","DefaultValue":"False","Description":"Autofocus","List":""},{"Key":"ClearOnEdit","DisplayName":"Clear On Edit","FieldType":"Boolean","DefaultValue":"False","Description":"Clear On Edit","List":""},{"Key":"Color","DisplayName":"Color","FieldType":"String","DefaultValue":"none","Description":"Color","List":"danger|dark|light|medium|none|primary|secondary|success|tertiary|warning"},{"Key":"Cols","DisplayName":"Cols","FieldType":"String","DefaultValue":"","Description":"Cols","List":""},{"Key":"Counter","DisplayName":"Counter","FieldType":"Boolean","DefaultValue":"False","Description":"Counter","List":""},{"Key":"Debounce","DisplayName":"Debounce","FieldType":"String","DefaultValue":"","Description":"Debounce","List":""},{"Key":"Disabled","DisplayName":"Disabled","FieldType":"Boolean","DefaultValue":"False","Description":"Disabled","List":""},{"Key":"Enterkeyhint","DisplayName":"Enterkeyhint","FieldType":"String","DefaultValue":"none","Description":"Enterkeyhint","List":"done|enter|go|next|none|previous|search|send"},{"Key":"ErrorText","DisplayName":"Error Text","FieldType":"String","DefaultValue":"","Description":"Error Text","List":""},{"Key":"Fill","DisplayName":"Fill","FieldType":"String","DefaultValue":"none","Description":"Fill","List":"none|outline|solid"},{"Key":"HelperText","DisplayName":"Helper Text","FieldType":"String","DefaultValue":"","Description":"Helper Text","List":""},{"Key":"Inputmode","DisplayName":"Inputmode","FieldType":"String","DefaultValue":"none","Description":"Inputmode","List":"decimal|email|none|numeric|search|tel|text|url"},{"Key":"Label","DisplayName":"Label","FieldType":"String","DefaultValue":"","Description":"Label","List":""},{"Key":"LabelPlacement","DisplayName":"Label Placement","FieldType":"String","DefaultValue":"start","Description":"Label Placement","List":"end|fixed|floating|stacked|start"},{"Key":"Legacy","DisplayName":"Legacy","FieldType":"Boolean","DefaultValue":"False","Description":"Legacy","List":"end|fixed|start"},{"Key":"Maxlength","DisplayName":"Maxlength","FieldType":"String","DefaultValue":"","Description":"Maxlength","List":""},{"Key":"Minlength","DisplayName":"Minlength","FieldType":"String","DefaultValue":"","Description":"Minlength","List":""},{"Key":"Mode","DisplayName":"Mode","FieldType":"String","DefaultValue":"ios","Description":"Mode","List":"ios|md"},{"Key":"Name","DisplayName":"Name","FieldType":"String","DefaultValue":"","Description":"Name","List":""},{"Key":"Placeholder","DisplayName":"Placeholder","FieldType":"String","DefaultValue":"","Description":"Placeholder","List":""},{"Key":"Readonly","DisplayName":"Readonly","FieldType":"Boolean","DefaultValue":"False","Description":"Readonly","List":""},{"Key":"Required","DisplayName":"Required","FieldType":"Boolean","DefaultValue":"False","Description":"Required","List":""},{"Key":"Rows","DisplayName":"Rows","FieldType":"String","DefaultValue":"","Description":"Rows","List":""},{"Key":"Shape","DisplayName":"Shape","FieldType":"String","DefaultValue":"none","Description":"Shape","List":"none|round"},{"Key":"Spellcheck","DisplayName":"Spellcheck","FieldType":"Boolean","DefaultValue":"False","Description":"Spellcheck","List":""},{"Key":"Value","DisplayName":"Value","FieldType":"String","DefaultValue":"","Description":"Value","List":""},{"Key":"Wrap","DisplayName":"Wrap","FieldType":"String","DefaultValue":"none","Description":"Wrap","List":"hard|none|off|soft"},{"Key":"Visible","DisplayName":"Visible","FieldType":"Boolean","DefaultValue":"True","Description":"If visible.","List":""},{"Key":"ColumnName","DisplayName":"Column Name","FieldType":"String","DefaultValue":"","Description":"Column Name","List":""},{"Key":"ColumnType","DisplayName":"Column Type","FieldType":"String","DefaultValue":"string","Description":"Column Type","List":"blob|bool|double|int|string"},{"Key":"PaddingAXYTBLR","DisplayName":"Paddings","FieldType":"String","DefaultValue":"a=?; x=?; y=?; t=?; b=?; l=?; r=?","Description":"Paddings A(all)-X(LR)-Y(TB)-T-B-L-R","List":""},{"Key":"MarginAXYTBLR","DisplayName":"Margins","FieldType":"String","DefaultValue":"a=?; x=?; y=?; t=?; b=?; l=?; r=?","Description":"Margins A(all)-X(LR)-Y(TB)-T-B-L-R","List":""},{"Key":"RawClasses","DisplayName":"Classes (;)","FieldType":"String","DefaultValue":"","Description":"Classes added to the HTML tag.","List":""},{"Key":"RawStyles","DisplayName":"Styles (JSON)","FieldType":"String","DefaultValue":"","Description":"Styles added to the HTML tag. Must be a json String use = and ;","List":""},{"Key":"RawAttributes","DisplayName":"Attributes (JSON)","FieldType":"String","DefaultValue":"","Description":"Attributes added to the HTML tag. Must be a json String use = and ;","List":""}],"events":[{"name":"IonBlur (e As BANanoEvent)"},{"name":"IonChange (e As BANanoEvent)"},{"name":"IonFocus (e As BANanoEvent)"},{"name":"IonInput (e As BANanoEvent)"}],"methods":[{"name":"Class_Globals","signature":"Class_Globals"},{"name":"Initialize","signature":"Initialize (Callback As Object, Name As String, EventName As String)"},{"name":"getElement","signature":"getElement() As BANanoElement"},{"name":"getID","signature":"getID() As String"},{"name":"AddToParent","signature":"AddToParent(targetID As String, props As Map)"},{"name":"Remove","signature":"Remove()"},{"name":"setElement","signature":"setElement(e As BANanoElement)"},{"name":"LinkExisting","signature":"LinkExisting"},{"name":"TriggerEvent","signature":"TriggerEvent(event As String, params() As String)"},{"name":"getHere","signature":"getHere() As String"},{"name":"SetAttr","signature":"SetAttr(attr As String, text As String)"},{"name":"SetDataAttr","signature":"SetDataAttr(attr As String, text As String)"},{"name":"GetDataAttr","signature":"GetDataAttr(attr As String) As String"},{"name":"GetAttr","signature":"GetAttr(attr As String) As String"},{"name":"AddClass","signature":"AddClass(text As String)"},{"name":"RemoveClass","signature":"RemoveClass(text As String)"},{"name":"AddAttr","signature":"AddAttr(ms As Map)"},{"name":"RemoveAttr","signature":"RemoveAttr(attr As String)"},{"name":"AddStyleComputed","signature":"AddStyleComputed(attr As String, text As String)"},{"name":"AddStyle","signature":"AddStyle(ms As Map)"},{"name":"setVisible","signature":"setVisible(b As Boolean)"},{"name":"getVisible","signature":"getVisible As Boolean"},{"name":"On","signature":"On(event As String, args As List)"},{"name":"OnEvent","signature":"OnEvent(event As String, Module As Object, methodName As String, args As List)"},{"name":"setValue","signature":"setValue(text As String)"},{"name":"getValue","signature":"getValue As String"},{"name":"DesignerCreateView","signature":"DesignerCreateView (Target As BANanoElement, Props As Map)"},{"name":"setParentID","signature":"setParentID(sParentID As String)"},{"name":"counterFormatter","signature":"counterFormatter() As BANanoPromise"},{"name":"getInputElement","signature":"getInputElement() As BANanoPromise"},{"name":"setFocus","signature":"setFocus() As BANanoPromise"},{"name":"setAutoGrow","signature":"setAutoGrow(b As Boolean)"},{"name":"setAutocapitalize","signature":"setAutocapitalize(s As String)"},{"name":"setAutofocus","signature":"setAutofocus(b As boolean)"},{"name":"setClearOnEdit","signature":"setClearOnEdit(b As Boolean)"},{"name":"setColor","signature":"setColor(s As String)"},{"name":"setCols","signature":"setCols(s As String)"},{"name":"setCounter","signature":"setCounter(b As boolean)"},{"name":"setDebounce","signature":"setDebounce(s As String)"},{"name":"setDisabled","signature":"setDisabled(b As boolean)"},{"name":"setEnterkeyhint","signature":"setEnterkeyhint(s As String)"},{"name":"setErrorText","signature":"setErrorText(s As String)"},{"name":"setFill","signature":"setFill(s As String)"},{"name":"setHelperText","signature":"setHelperText(s As String)"},{"name":"setInputmode","signature":"setInputmode(s As String)"},{"name":"setLabel","signature":"setLabel(s As String)"},{"name":"setLabelPlacement","signature":"setLabelPlacement(s As String)"},{"name":"setLegacy","signature":"setLegacy(b As boolean)"},{"name":"setMaxlength","signature":"setMaxlength(s As String)"},{"name":"setMinlength","signature":"setMinlength(s As String)"},{"name":"setMode","signature":"setMode(s As String)"},{"name":"setName","signature":"setName(s As String)"},{"name":"setPlaceholder","signature":"setPlaceholder(s As String)"},{"name":"setReadonly","signature":"setReadonly(b As Boolean)"},{"name":"setRequired","signature":"setRequired(b As Boolean)"},{"name":"setRows","signature":"setRows(s As String)"},{"name":"setShape","signature":"setShape(s As String)"},{"name":"setSpellcheck","signature":"setSpellcheck(b As Boolean)"},{"name":"getAutoGrow","signature":"getAutoGrow As Boolean"},{"name":"getAutocapitalize","signature":"getAutocapitalize As String"},{"name":"getAutofocus","signature":"getAutofocus As Boolean"},{"name":"getClearOnEdit","signature":"getClearOnEdit As Boolean"},{"name":"getColor","signature":"getColor As String"},{"name":"getCols","signature":"getCols As String"},{"name":"getCounter","signature":"getCounter As Boolean"},{"name":"getDebounce","signature":"getDebounce As String"},{"name":"getDisabled","signature":"getDisabled As Boolean"},{"name":"getEnterkeyhint","signature":"getEnterkeyhint As String"},{"name":"getErrorText","signature":"getErrorText As String"},{"name":"getFill","signature":"getFill As String"},{"name":"getHelperText","signature":"getHelperText As String"},{"name":"getInputmode","signature":"getInputmode As String"},{"name":"getLabel","signature":"getLabel As String"},{"name":"getLabelPlacement","signature":"getLabelPlacement As String"},{"name":"getLegacy","signature":"getLegacy As Boolean"},{"name":"getMaxlength","signature":"getMaxlength As String"},{"name":"getMinlength","signature":"getMinlength As String"},{"name":"getMode","signature":"getMode As String"},{"name":"getName","signature":"getName As String"},{"name":"getPlaceholder","signature":"getPlaceholder As String"},{"name":"getReadonly","signature":"getReadonly As Boolean"},{"name":"getRequired","signature":"getRequired As Boolean"},{"name":"getRows","signature":"getRows As String"},{"name":"getShape","signature":"getShape As String"},{"name":"getSpellcheck","signature":"getSpellcheck As Boolean"},{"name":"getRoot","signature":"getRoot As SHLabel"},{"name":"IsBlank","signature":"IsBlank As Boolean"},{"name":"setIsValid","signature":"setIsValid(b As Boolean)"},{"name":"ClearValidation","signature":"ClearValidation"},{"name":"setWrap","signature":"setWrap(s As String)"},{"name":"getParentID","signature":"getParentID As String"},{"name":"getWrap","signature":"getWrap As String"},{"name":"setPaddingAXYTBLR","signature":"setPaddingAXYTBLR(s As String)"},{"name":"getPaddingAXYTBLR","signature":"getPaddingAXYTBLR As String"},{"name":"setMarginAXYTBLR","signature":"setMarginAXYTBLR(s As String)"},{"name":"getMarginAXYTBLR","signature":"getMarginAXYTBLR As String"},{"name":"setRawClasses","signature":"setRawClasses(s As String)"},{"name":"getRawClasses","signature":"getRawClasses As String"},{"name":"setRawStyles","signature":"setRawStyles(s As String)"},{"name":"getRawStyles","signature":"getRawStyles As String"},{"name":"setRawAttributes","signature":"setRawAttributes(s As String)"},{"name":"getRawAttributes","signature":"getRawAttributes As String"},{"name":"setColumnName","signature":"setColumnName(s As String)"},{"name":"setColumnType","signature":"setColumnType(s As String)"},{"name":"getColumnName","signature":"getColumnName As String"},{"name":"getColumnType","signature":"getColumnType As String"}]}