{"properties":[{"Key":"ParentID","DisplayName":"ParentID","FieldType":"String","DefaultValue":"","Description":"The id of the element to place this into","List":""},{"Key":"BackgroundColor","DisplayName":"Background Color","FieldType":"String","DefaultValue":"white","Description":"Background Color","List":"amber|black|blue|blue|brown|cyan|green|gray|indigo|lime|orange|pink|purple|red|teal|transparent|white|yellow|gray|red|black"},{"Key":"Slot","DisplayName":"Slot","FieldType":"String","DefaultValue":"","Description":"Slot","List":""},{"Key":"DotSize","DisplayName":"Dot Size","FieldType":"String","DefaultValue":"0","Description":"Dot Size","List":""},{"Key":"Height","DisplayName":"Height","FieldType":"String","DefaultValue":"200","Description":"Height","List":""},{"Key":"Width","DisplayName":"Width","FieldType":"String","DefaultValue":"250","Description":"Width","List":""},{"Key":"ImageType","DisplayName":"Image Type","FieldType":"String","DefaultValue":"jpeg","Description":"Save As Image Type","List":"jpeg|png|svg"},{"Key":"MaxWidth","DisplayName":"Max Width","FieldType":"String","DefaultValue":"2.5","Description":"Max Width","List":""},{"Key":"MinDistance","DisplayName":"Min Distance","FieldType":"Int","DefaultValue":"5","Description":"Min Distance","List":""},{"Key":"MinWidth","DisplayName":"Min Width","FieldType":"String","DefaultValue":"0.5","Description":"Min Width","List":""},{"Key":"PenColor","DisplayName":"Pen Color","FieldType":"String","DefaultValue":"black","Description":"Pen Color","List":"amber|black|blue|blue|brown|cyan|green|gray|indigo|lime|orange|pink|purple|red|teal|transparent|white|yellow|gray|red|black"},{"Key":"Throttle","DisplayName":"Throttle","FieldType":"Int","DefaultValue":"16","Description":"Throttle","List":""},{"Key":"VelocityFilterWeight","DisplayName":"Velocity Filter Weight","FieldType":"String","DefaultValue":"0.7","Description":"Velocity Filter Weight","List":""},{"Key":"BorderColor","DisplayName":"BorderColor","FieldType":"String","DefaultValue":"gray","Description":"","List":"amber|black|blue|blue|brown|cyan|green|gray|indigo|lime|orange|pink|purple|red|teal|transparent|white|yellow|gray|red|black|none"},{"Key":"BorderRadius","DisplayName":"Border Radius","FieldType":"String","DefaultValue":"5px","Description":"","List":""},{"Key":"BorderStyle","DisplayName":"Border Style","FieldType":"String","DefaultValue":"solid","Description":"","List":"dashed|dotted|double|groove|hidden|inherit|initial|inset|none|outset|remove|ridge|solid"},{"Key":"BorderWidth","DisplayName":"Border Width","FieldType":"String","DefaultValue":"2px","Description":"Border Width","List":""},{"Key":"Visible","DisplayName":"Visible","FieldType":"Boolean","DefaultValue":"True","Description":"If visible.","List":""},{"Key":"ColumnName","DisplayName":"Column Name","FieldType":"String","DefaultValue":"","Description":"Column Name","List":""},{"Key":"ColumnType","DisplayName":"Column Type","FieldType":"String","DefaultValue":"string","Description":"Column Type","List":"blob|bool|double|int|string"},{"Key":"MarginAXYTBLR","DisplayName":"Margins AXYTBLR","FieldType":"String","DefaultValue":"a=?; x=?; y=?; t=?; b=?; l=?; r=?","Description":"Margins A-X-Y-T-B-L-R","List":""},{"Key":"PaddingAXYTBLR","DisplayName":"Paddings AXYTBLR","FieldType":"String","DefaultValue":"a=?; x=?; y=?; t=?; b=?; l=?; r=?","Description":"Paddings A-X-Y-T-B-L-R","List":""},{"Key":"RawClasses","DisplayName":"Classes","FieldType":"String","DefaultValue":"","Description":"Classes added to the HTML tag.","List":""},{"Key":"RawStyles","DisplayName":"Styles","FieldType":"String","DefaultValue":"","Description":"Styles added to the HTML tag. Must be a json String","use =":"use =","List":""},{"Key":"RawAttributes","DisplayName":"Attributes","FieldType":"String","DefaultValue":"","Description":"Attributes added to the HTML tag. Must be a json String","use =":"use =","List":""}],"events":[{"name":"afterUpdateStroke (e As BANanoEvent)"},{"name":"beforeUpdateStroke (e As BANanoEvent)"},{"name":"beginStroke (e As BANanoEvent)"},{"name":"endStroke (e As BANanoEvent)"}],"methods":[{"name":"Class_Globals","signature":"Class_Globals"},{"name":"Initialize","signature":"Initialize (CallBack As Object, Name As String, EventName As String)"},{"name":"getElement","signature":"getElement() As BANanoElement"},{"name":"getID","signature":"getID() As String"},{"name":"getHere","signature":"getHere() As String"},{"name":"SetAttr","signature":"SetAttr(attr As String, text As String)"},{"name":"SetDataAttr","signature":"SetDataAttr(attr As String, text As String)"},{"name":"GetDataAttr","signature":"GetDataAttr(attr As String) As String"},{"name":"GetAttr","signature":"GetAttr(attr As String) As String"},{"name":"AddClass","signature":"AddClass(text As String)"},{"name":"RemoveClass","signature":"RemoveClass(text As String)"},{"name":"AddAttr","signature":"AddAttr(ms As Map)"},{"name":"RemoveAttr","signature":"RemoveAttr(attr As String)"},{"name":"AddStyleComputed","signature":"AddStyleComputed(attr As String, text As String)"},{"name":"AddStyle","signature":"AddStyle(ms As Map)"},{"name":"setVisible","signature":"setVisible(b As Boolean)"},{"name":"getVisible","signature":"getVisible As Boolean"},{"name":"On","signature":"On(event As String, args As List)"},{"name":"OnEvent","signature":"OnEvent(event As String, Module As Object, methodName As String, args As List)"},{"name":"Remove","signature":"Remove()"},{"name":"OnChildEvent","signature":"OnChildEvent(child As String, event As String, Module As Object, methodName As String, args As List)"},{"name":"setBackgroundColor","signature":"setBackgroundColor(v As String)"},{"name":"setDotSize","signature":"setDotSize(v As Double)"},{"name":"setHeight","signature":"setHeight(v As String)"},{"name":"setImageType","signature":"setImageType(v As String)"},{"name":"setMaxWidth","signature":"setMaxWidth(v As Double)"},{"name":"setMinDistance","signature":"setMinDistance(v As Int)"},{"name":"setMinWidth","signature":"setMinWidth(v As Double)"},{"name":"setPenColor","signature":"setPenColor(v As String)"},{"name":"setThrottle","signature":"setThrottle(v As Int)"},{"name":"setVelocityFilterWeight","signature":"setVelocityFilterWeight(v As Double)"},{"name":"setWidth","signature":"setWidth(v As String)"},{"name":"Refresh","signature":"Refresh"},{"name":"clear","signature":"clear"},{"name":"download","signature":"download"},{"name":"fromData","signature":"fromData(data As Object)"},{"name":"fromDataURL","signature":"fromDataURL(dataURL As String)"},{"name":"draw","signature":"draw"},{"name":"erase","signature":"erase"},{"name":"toData","signature":"toData As Object"},{"name":"undo","signature":"undo"},{"name":"toDataURL","signature":"toDataURL As String"},{"name":"isEmpty","signature":"isEmpty As Boolean"},{"name":"DesignerCreateView","signature":"DesignerCreateView (Target As BANanoElement, Props As Map)"},{"name":"getSlot","signature":"getSlot As String"},{"name":"setSlot","signature":"setSlot(s As String)"},{"name":"AddToParent","signature":"AddToParent(targetID As String, props As Map)"},{"name":"setParentID","signature":"setParentID(s As String)"},{"name":"setBorderColor","signature":"setBorderColor(s As String)"},{"name":"setBorderRadius","signature":"setBorderRadius(s As String)"},{"name":"setBorderStyle","signature":"setBorderStyle(s As String)"},{"name":"setBorderWidth","signature":"setBorderWidth(s As String)"},{"name":"setMarginAXYTBLR","signature":"setMarginAXYTBLR(s As String)"},{"name":"setPaddingAXYTBLR","signature":"setPaddingAXYTBLR(s As String)"},{"name":"setRawClasses","signature":"setRawClasses(s As String)"},{"name":"setRawStyles","signature":"setRawStyles(s As String)"},{"name":"setRawAttributes","signature":"setRawAttributes(s As String)"},{"name":"getParentID","signature":"getParentID As String"},{"name":"getBackgroundColor","signature":"getBackgroundColor As String"},{"name":"getDotSize","signature":"getDotSize As Double"},{"name":"getHeight","signature":"getHeight As String"},{"name":"getWidth","signature":"getWidth As String"},{"name":"getImageType","signature":"getImageType As String"},{"name":"getMaxWidth","signature":"getMaxWidth As Double"},{"name":"getMinDistance","signature":"getMinDistance As Int"},{"name":"getMinWidth","signature":"getMinWidth As Double"},{"name":"getPenColor","signature":"getPenColor As String"},{"name":"getThrottle","signature":"getThrottle As Int"},{"name":"getVelocityFilterWeight","signature":"getVelocityFilterWeight As Double"},{"name":"getBorderColor","signature":"getBorderColor As String"},{"name":"getBorderRadius","signature":"getBorderRadius As String"},{"name":"getBorderStyle","signature":"getBorderStyle As String"},{"name":"getBorderWidth","signature":"getBorderWidth As String"},{"name":"getMarginAXYTBLR","signature":"getMarginAXYTBLR As String"},{"name":"getPaddingAXYTBLR","signature":"getPaddingAXYTBLR As String"},{"name":"getRawClasses","signature":"getRawClasses As String"},{"name":"getRawStyles","signature":"getRawStyles As String"},{"name":"getRawAttributes","signature":"getRawAttributes As String"},{"name":"setColumnName","signature":"setColumnName(s As String)"},{"name":"setColumnType","signature":"setColumnType(s As String)"},{"name":"getColumnName","signature":"getColumnName As String"},{"name":"getColumnType","signature":"getColumnType As String"}]}