{"properties":[{"Key":"ParentID","DisplayName":"ParentID","FieldType":"String","DefaultValue":"","Description":"The ParentID of this div","List":""},{"Key":"ApiKey","DisplayName":"Api Key","FieldType":"String","DefaultValue":"","Description":"Api Key","List":""},{"Key":"Height","DisplayName":"Height","FieldType":"String","DefaultValue":"500px","Description":"Height Of The Map","List":""},{"Key":"Width","DisplayName":"Width","FieldType":"String","DefaultValue":"100%","Description":"Width Of The Map","List":""},{"Key":"Lat","DisplayName":"Lat","FieldType":"String","DefaultValue":"0.00","Description":"Latitude","List":""},{"Key":"Lon","DisplayName":"Lon","FieldType":"String","DefaultValue":"0.00","Description":"Longitude","List":""},{"Key":"OverHttps","DisplayName":"Over Https","FieldType":"Boolean","DefaultValue":"True","Description":"Map over Https","List":""},{"Key":"MapTypeControl","DisplayName":"Map Type Control","FieldType":"Boolean","DefaultValue":"True","Description":"Map Type Control","List":""},{"Key":"MapType","DisplayName":"Map Type","FieldType":"String","DefaultValue":"roadmap","Description":"Map Type","List":"hybrid|roadmap|satellite|terrain"},{"Key":"OverviewMapControl","DisplayName":"Overview Map Control","FieldType":"Boolean","DefaultValue":"True","Description":"Overview Map Control","List":""},{"Key":"PanControl","DisplayName":"Pan Control","FieldType":"Boolean","DefaultValue":"True","Description":"Pan Control","List":""},{"Key":"StreetViewControl","DisplayName":"Street View Control","FieldType":"Boolean","DefaultValue":"True","Description":"Street View Control","List":""},{"Key":"Zoom","DisplayName":"Zoom","FieldType":"Int","DefaultValue":"15","Description":"Zoom","List":""},{"Key":"ZoomControl","DisplayName":"Zoom Control","FieldType":"Boolean","DefaultValue":"True","Description":"Zoom Control","List":""},{"Key":"RotateControl","DisplayName":"Rotate Control","FieldType":"Boolean","DefaultValue":"False","Description":"Rotate Control","List":""},{"Key":"Static","DisplayName":"Static","FieldType":"Boolean","DefaultValue":"False","Description":"Static Map","List":""},{"Key":"Visible","DisplayName":"Visible","FieldType":"Boolean","DefaultValue":"True","Description":"If visible.","List":""},{"Key":"PaddingAXYTBLR","DisplayName":"Paddings","FieldType":"String","DefaultValue":"a=?; x=?; y=?; t=?; b=?; l=?; r=?","Description":"Paddings A(all)-X(LR)-Y(TB)-T-B-L-R","List":""},{"Key":"MarginAXYTBLR","DisplayName":"Margins","FieldType":"String","DefaultValue":"a=?; x=?; y=?; t=?; b=?; l=?; r=?","Description":"Margins A(all)-X(LR)-Y(TB)-T-B-L-R","List":""},{"Key":"RawClasses","DisplayName":"Classes (;)","FieldType":"String","DefaultValue":"","Description":"Classes added to the HTML tag.","List":""},{"Key":"RawStyles","DisplayName":"Styles (JSON)","FieldType":"String","DefaultValue":"","Description":"Styles added to the HTML tag. Must be a json String use = and ;","List":""},{"Key":"RawAttributes","DisplayName":"Attributes (JSON)","FieldType":"String","DefaultValue":"","Description":"Attributes added to the HTML tag. Must be a json String use = and ;","List":""}],"events":[{"name":"GeoLocateSuccess (position As Map)"},{"name":"GeoLocateError (error As Map)"},{"name":"GeoLocateNotSupported"},{"name":"GeoLocateAlways"},{"name":"GeoCode (results As List, status As String)"},{"name":"Ready (e As BANanoEvent)"},{"name":"Click (e As BANanoEvent)"},{"name":"MarkerClick (e As BANanoEvent)"},{"name":"MarkerMouseOver (e As BANanoEvent)"},{"name":"DblClick (e As BANanoEvent)"},{"name":"Drag (e As BANanoEvent)"},{"name":"DragEnd (e As BANanoEvent)"},{"name":"DragStart (e As BANanoEvent)"},{"name":"MouseMove (e As BANanoEvent)"},{"name":"MouseOut (e As BANanoEvent)"},{"name":"MouseOver (e As BANanoEvent)"},{"name":"ContextMenu (e As BANanoEvent)"},{"name":"ZoomChanged (e As BANanoEvent)"},{"name":"CircleClick (e As BANanoEvent)"},{"name":"PolygonClick (e As BANanoEvent)"},{"name":"PolyLineClick (e As BANanoEvent)"},{"name":"RectangleClick (e As BANanoEvent)"},{"name":"Routes (results As List)"},{"name":"TravelStep (r As Map)"}],"methods":[{"name":"Class_Globals","signature":"Class_Globals"},{"name":"DesignerCreateView","signature":"DesignerCreateView (Target As BANanoElement, Props As Map)"},{"name":"setParentID","signature":"setParentID(sParentID As String)"},{"name":"setVisible","signature":"setVisible(b As Boolean)"},{"name":"AddClass","signature":"AddClass(text As String)"},{"name":"RemoveClass","signature":"RemoveClass(text As String)"},{"name":"getVisible","signature":"getVisible As Boolean"},{"name":"Initialize","signature":"Initialize (CallBack As Object, cName As String, EventName As String)"},{"name":"Clear","signature":"Clear"},{"name":"Render","signature":"Render"},{"name":"setApiKey","signature":"setApiKey(s As String)"},{"name":"setHeight","signature":"setHeight(s As String)"},{"name":"AddAttr","signature":"AddAttr(ms As Map)"},{"name":"SetAttr","signature":"SetAttr(attr As String, text As String)"},{"name":"RemoveAttr","signature":"RemoveAttr(attr As String)"},{"name":"AddStyleComputed","signature":"AddStyleComputed(attr As String, text As String)"},{"name":"AddStyle","signature":"AddStyle(ms As Map)"},{"name":"setStatic","signature":"setStatic(b As Boolean)"},{"name":"setLat","signature":"setLat(s As String)"},{"name":"setLng","signature":"setLng(s As String)"},{"name":"setMapTypeControl","signature":"setMapTypeControl(b As Boolean)"},{"name":"setRotateControl","signature":"setRotateControl(b As Boolean)"},{"name":"setMapType","signature":"setMapType(s As String)"},{"name":"setOverviewMapControl","signature":"setOverviewMapControl(b As Boolean)"},{"name":"setPanControl","signature":"setPanControl(b As Boolean)"},{"name":"setStreetViewControl","signature":"setStreetViewControl(b As Boolean)"},{"name":"setWidth","signature":"setWidth(s As String)"},{"name":"setZoom","signature":"setZoom(i As String)"},{"name":"setZoomControl","signature":"setZoomControl(b As Boolean)"},{"name":"getName","signature":"getName As String"},{"name":"getHere","signature":"getHere As String"},{"name":"AddToParent","signature":"AddToParent(targetID As String, props As Map)"},{"name":"AddMarker","signature":"AddMarker(cid As String, lat As Double, lng As Double, title As String, info As String, color As String)"},{"name":"AddMarker1","signature":"AddMarker1(cid As String, lat As Double, lng As Double, title As String, info As String, infoMaxWidth As Int, icon As String, iconWidth As Int, iconHeight As Int)"},{"name":"removeCircle","signature":"removeCircle(cid As String)"},{"name":"removeRectangle","signature":"removeRectangle(cid As String)"},{"name":"removeMarker","signature":"removeMarker(cid As String)"},{"name":"removePolyLine","signature":"removePolyLine(cid As String)"},{"name":"removePolyGon","signature":"removePolyGon(cid As String)"},{"name":"drawCircle","signature":"drawCircle(cid As String, lat As Double, lng As Double, radius As Int, strokeColor As String, strokeOpacity As Double, _"},{"name":"drawRectangle","signature":"drawRectangle(cid As String, lat As Double, lng As Double, lat1 As Double, lng1 As Double, strokeColor As String, strokeOpacity As Double, _"},{"name":"AddPolygonLatLng","signature":"AddPolygonLatLng(cid As String, lat As Double, lng As Double)"},{"name":"AddPolyLineLatLng","signature":"AddPolyLineLatLng(cid As String, lat As Double, lng As Double)"},{"name":"drawPolyline","signature":"drawPolyline(cid As String, path As Object, strokeColor As String, strokeOpacity As Double, strokeWeight As Int, draggable As Boolean, editable As Boolean)"},{"name":"drawPolygon","signature":"drawPolygon(cid As String, paths As Object, strokeColor As String, strokeOpacity As Double, strokeWeight As Int, fillColor As String, fillOpacity As Double, draggable As Boolean, editable As Boolean)"},{"name":"AddPolygon","signature":"AddPolygon(cid As String, strokeColor As String, strokeOpacity As Double, _"},{"name":"AddPolyLine","signature":"AddPolyLine(cid As String, strokeColor As String, strokeOpacity As Double, \tstrokeWeight As Int, draggable As Boolean, editable As Boolean)"},{"name":"AddRoute","signature":"AddRoute(Route As Object, strokeColor As String, strokeOpacity As Double, strokeWeight As Int) As BANanoObject"},{"name":"removeMarkers","signature":"removeMarkers"},{"name":"removePolylines","signature":"removePolylines"},{"name":"removePolygons","signature":"removePolygons"},{"name":"removeOverlays","signature":"removeOverlays"},{"name":"setCenter","signature":"setCenter(lat As Double, lng As Double)"},{"name":"SetCenterOnLast","signature":"SetCenterOnLast"},{"name":"fitLatLngBounds","signature":"fitLatLngBounds(points As List)"},{"name":"fitZoom","signature":"fitZoom"},{"name":"refresh","signature":"refresh"},{"name":"setZoomRT","signature":"setZoomRT(cZoom As Int)"},{"name":"drawOverlay","signature":"drawOverlay(cid As String, lat As Double, lng As Double, content As String, verticalAlign As String, horizontalAlgin As String, verticalOffset As Int, horizontalOffset As Int)"},{"name":"removeOverlay","signature":"removeOverlay(cid As String)"},{"name":"GeoCode","signature":"GeoCode(address As String)"},{"name":"staticMapURL","signature":"staticMapURL(iWidth As Int, iHeight As Int, lat As Double, lng As Double, intZoom As Int) As String"},{"name":"GeoLocate","signature":"GeoLocate"},{"name":"GetGeoCodeLatLng","signature":"GetGeoCodeLatLng(r As List, p As Int) As GMapLatLng"},{"name":"GetGeoLocateLatLng","signature":"GetGeoLocateLatLng(p As Map) As GMapLatLng"},{"name":"getRoutes","signature":"getRoutes(olat As Double, olng As Double, dlat As Double, dlng As Double)"},{"name":"travelRoute","signature":"travelRoute(olat As Double, olng As Double, dlat As Double, dlng As Double, travelMode As String)"},{"name":"drawRoute","signature":"drawRoute(olat As Double, olng As Double, dlat As Double, dlng As Double, travelMode As String, strokeColor As String, strokeOpacity As Double, strokeWeight As Int)"},{"name":"renderRoute","signature":"renderRoute(panelID As String, olat As Double, olng As Double, dlat As Double, dlng As Double, travelMode As String, strokeColor As String, strokeOpacity As Double, strokeWeight As Int)"},{"name":"addLayer","signature":"addLayer(l As String, bClickable As Boolean)"},{"name":"removeLayer","signature":"removeLayer(l As String)"},{"name":"getRoot","signature":"getRoot As SHLabel"},{"name":"LinkExisting","signature":"LinkExisting"},{"name":"setLon","signature":"setLon(s As String)"},{"name":"setOverHttps","signature":"setOverHttps(b As Boolean)"},{"name":"getParentID","signature":"getParentID As String"},{"name":"getApiKey","signature":"getApiKey As String"},{"name":"getHeight","signature":"getHeight As String"},{"name":"getWidth","signature":"getWidth As String"},{"name":"getLat","signature":"getLat As String"},{"name":"getLon","signature":"getLon As String"},{"name":"getOverHttps","signature":"getOverHttps As Boolean"},{"name":"getMapTypeControl","signature":"getMapTypeControl As Boolean"},{"name":"getMapType","signature":"getMapType As String"},{"name":"getOverviewMapControl","signature":"getOverviewMapControl As Boolean"},{"name":"getPanControl","signature":"getPanControl As Boolean"},{"name":"getStreetViewControl","signature":"getStreetViewControl As Boolean"},{"name":"getZoom","signature":"getZoom As Int"},{"name":"getZoomControl","signature":"getZoomControl As Boolean"},{"name":"getRotateControl","signature":"getRotateControl As Boolean"},{"name":"getStatic","signature":"getStatic As Boolean"},{"name":"setPaddingAXYTBLR","signature":"setPaddingAXYTBLR(s As String)"},{"name":"getPaddingAXYTBLR","signature":"getPaddingAXYTBLR As String"},{"name":"setMarginAXYTBLR","signature":"setMarginAXYTBLR(s As String)"},{"name":"getMarginAXYTBLR","signature":"getMarginAXYTBLR As String"},{"name":"setRawClasses","signature":"setRawClasses(s As String)"},{"name":"getRawClasses","signature":"getRawClasses As String"},{"name":"setRawStyles","signature":"setRawStyles(s As String)"},{"name":"getRawStyles","signature":"getRawStyles As String"},{"name":"setRawAttributes","signature":"setRawAttributes(s As String)"},{"name":"getRawAttributes","signature":"getRawAttributes As String"}]}