{"properties":[{"Key":"ParentID","DisplayName":"ParentID","FieldType":"String","DefaultValue":"","Description":"The ParentID of this component","List":""},{"Key":"Active","DisplayName":"Active","FieldType":"Boolean","DefaultValue":"False","Description":"Active","List":""},{"Key":"Color","DisplayName":"Color","FieldType":"String","DefaultValue":"none","Description":"Color","List":"danger|dark|light|medium|none|primary|secondary|success|tertiary|warning"},{"Key":"IconName","DisplayName":"Icon Name","FieldType":"String","DefaultValue":"","Description":"Icon Name","List":""},{"Key":"IconSlot","DisplayName":"Icon Slot","FieldType":"String","DefaultValue":"none","Description":"Icon Slot","List":"end|icon-only|none|separator|start"},{"Key":"Disabled","DisplayName":"Disabled","FieldType":"Boolean","DefaultValue":"False","Description":"Disabled","List":""},{"Key":"Download","DisplayName":"Download","FieldType":"String","DefaultValue":"","Description":"Download","List":""},{"Key":"Href","DisplayName":"Href","FieldType":"String","DefaultValue":"","Description":"Href","List":""},{"Key":"Mode","DisplayName":"Mode","FieldType":"String","DefaultValue":"ios","Description":"Mode","List":"ios|md"},{"Key":"Rel","DisplayName":"Rel","FieldType":"String","DefaultValue":"","Description":"Rel","List":""},{"Key":"RouterAnimation","DisplayName":"Router Animation","FieldType":"String","DefaultValue":"","Description":"Router Animation","List":""},{"Key":"RouterDirection","DisplayName":"Router Direction","FieldType":"String","DefaultValue":"forward","Description":"Router Direction","List":"back|forward|root"},{"Key":"Separator","DisplayName":"Separator","FieldType":"String","DefaultValue":"","Description":"Separator","List":""},{"Key":"Target","DisplayName":"Target","FieldType":"String","DefaultValue":"none","Description":"Target","List":"_blank|_parent|_self|_top|none"},{"Key":"Text","DisplayName":"Text","FieldType":"String","DefaultValue":"","Description":"Text","List":""},{"Key":"Visible","DisplayName":"Visible","FieldType":"Boolean","DefaultValue":"True","Description":"If visible.","List":""},{"Key":"PaddingAXYTBLR","DisplayName":"Paddings","FieldType":"String","DefaultValue":"a=?; x=?; y=?; t=?; b=?; l=?; r=?","Description":"Paddings A(all)-X(LR)-Y(TB)-T-B-L-R","List":""},{"Key":"MarginAXYTBLR","DisplayName":"Margins","FieldType":"String","DefaultValue":"a=?; x=?; y=?; t=?; b=?; l=?; r=?","Description":"Margins A(all)-X(LR)-Y(TB)-T-B-L-R","List":""},{"Key":"RawClasses","DisplayName":"Classes (;)","FieldType":"String","DefaultValue":"","Description":"Classes added to the HTML tag.","List":""},{"Key":"RawStyles","DisplayName":"Styles (JSON)","FieldType":"String","DefaultValue":"","Description":"Styles added to the HTML tag. Must be a json String use = and ;","List":""},{"Key":"RawAttributes","DisplayName":"Attributes (JSON)","FieldType":"String","DefaultValue":"","Description":"Attributes added to the HTML tag. Must be a json String use = and ;","List":""}],"events":[{"name":"IonBlur (e As BANanoEvent)"},{"name":"IonFocus (e As BANanoEvent)"}],"methods":[{"name":"Class_Globals","signature":"Class_Globals"},{"name":"Initialize","signature":"Initialize (Callback As Object, Name As String, EventName As String)"},{"name":"getElement","signature":"getElement() As BANanoElement"},{"name":"getID","signature":"getID() As String"},{"name":"AddToParent","signature":"AddToParent(targetID As String, props As Map)"},{"name":"Remove","signature":"Remove()"},{"name":"TriggerEvent","signature":"TriggerEvent(event As String, params() As String)"},{"name":"getHere","signature":"getHere() As String"},{"name":"SetAttr","signature":"SetAttr(attr As String, text As String)"},{"name":"SetDataAttr","signature":"SetDataAttr(attr As String, text As String)"},{"name":"GetDataAttr","signature":"GetDataAttr(attr As String) As String"},{"name":"GetAttr","signature":"GetAttr(attr As String) As String"},{"name":"AddClass","signature":"AddClass(text As String)"},{"name":"RemoveClass","signature":"RemoveClass(text As String)"},{"name":"AddAttr","signature":"AddAttr(ms As Map)"},{"name":"RemoveAttr","signature":"RemoveAttr(attr As String)"},{"name":"AddStyleComputed","signature":"AddStyleComputed(attr As String, text As String)"},{"name":"AddStyle","signature":"AddStyle(ms As Map)"},{"name":"setVisible","signature":"setVisible(b As Boolean)"},{"name":"getVisible","signature":"getVisible As Boolean"},{"name":"On","signature":"On(event As String, args As List)"},{"name":"OnEvent","signature":"OnEvent(event As String, Module As Object, methodName As String, args As List)"},{"name":"DesignerCreateView","signature":"DesignerCreateView (Target As BANanoElement, Props As Map)"},{"name":"setIconName","signature":"setIconName(s As String)"},{"name":"setIconSlot","signature":"setIconSlot(s As String)"},{"name":"getIconName","signature":"getIconName As String"},{"name":"getIconSlot","signature":"getIconSlot As String"},{"name":"setParentID","signature":"setParentID(sParentID As String)"},{"name":"setActive","signature":"setActive(b As Boolean)"},{"name":"setColor","signature":"setColor(s As String)"},{"name":"setDisabled","signature":"setDisabled(b As Boolean)"},{"name":"setDownload","signature":"setDownload(s As String)"},{"name":"setHref","signature":"setHref(s As String)"},{"name":"setMode","signature":"setMode(s As String)"},{"name":"setRel","signature":"setRel(s As String)"},{"name":"setRouterAnimation","signature":"setRouterAnimation(s As String)"},{"name":"setRouterDirection","signature":"setRouterDirection(s As String)"},{"name":"setSeparator","signature":"setSeparator(s As String)"},{"name":"setTarget","signature":"setTarget(s As String)"},{"name":"setText","signature":"setText(s As String)"},{"name":"getActive","signature":"getActive As Boolean"},{"name":"getColor","signature":"getColor As String"},{"name":"getDisabled","signature":"getDisabled As Boolean"},{"name":"getDownload","signature":"getDownload As String"},{"name":"getHref","signature":"getHref As String"},{"name":"getMode","signature":"getMode As String"},{"name":"getRel","signature":"getRel As String"},{"name":"getRouterAnimation","signature":"getRouterAnimation As String"},{"name":"getRouterDirection","signature":"getRouterDirection As String"},{"name":"getSeparator","signature":"getSeparator As String"},{"name":"getTarget","signature":"getTarget As String"},{"name":"getText","signature":"getText As String"},{"name":"getRoot","signature":"getRoot As SHLabel"},{"name":"LinkExisting","signature":"LinkExisting"},{"name":"GetIonIcon","signature":"GetIonIcon As SHIonIcon"},{"name":"getParentID","signature":"getParentID As String"},{"name":"setPaddingAXYTBLR","signature":"setPaddingAXYTBLR(s As String)"},{"name":"getPaddingAXYTBLR","signature":"getPaddingAXYTBLR As String"},{"name":"setMarginAXYTBLR","signature":"setMarginAXYTBLR(s As String)"},{"name":"getMarginAXYTBLR","signature":"getMarginAXYTBLR As String"},{"name":"setRawClasses","signature":"setRawClasses(s As String)"},{"name":"getRawClasses","signature":"getRawClasses As String"},{"name":"setRawStyles","signature":"setRawStyles(s As String)"},{"name":"getRawStyles","signature":"getRawStyles As String"},{"name":"setRawAttributes","signature":"setRawAttributes(s As String)"},{"name":"getRawAttributes","signature":"getRawAttributes As String"}]}