{"properties":[{"Key":"ParentID","DisplayName":"ParentID","FieldType":"String","DefaultValue":"","Description":"The ParentID of this component","List":""},{"Key":"TargetID","DisplayName":"TargetID","FieldType":"String","DefaultValue":"","Description":"The TargetID of this component","List":""},{"Key":"IonGridPadding","DisplayName":"Ion Grid Padding","FieldType":"String","DefaultValue":"","Description":"Padding For The Grid","List":""},{"Key":"IonGridPaddingLg","DisplayName":"Ion Grid Padding Lg","FieldType":"String","DefaultValue":"","Description":"Padding For The Grid On Lg Screens","List":""},{"Key":"IonGridPaddingMd","DisplayName":"Ion Grid Padding Md","FieldType":"String","DefaultValue":"","Description":"Padding For The Grid On Md Screens","List":""},{"Key":"IonGridPaddingSm","DisplayName":"Ion Grid Padding Sm","FieldType":"String","DefaultValue":"","Description":"Padding For The Grid On Sm Screens","List":""},{"Key":"IonGridPaddingXl","DisplayName":"Ion Grid Padding Xl","FieldType":"String","DefaultValue":"","Description":"Padding For The Grid On Xl Screens","List":""},{"Key":"IonGridPaddingXs","DisplayName":"Ion Grid Padding Xs","FieldType":"String","DefaultValue":"","Description":"Padding For The Grid On Xs Screens","List":""},{"Key":"IonGridWidth","DisplayName":"Ion Grid Width","FieldType":"String","DefaultValue":"","Description":"Width Of The Fixed Grid","List":""},{"Key":"IonGridWidthLg","DisplayName":"Ion Grid Width Lg","FieldType":"String","DefaultValue":"","Description":"Width Of The Fixed Grid On Lg Screens","List":""},{"Key":"IonGridWidthMd","DisplayName":"Ion Grid Width Md","FieldType":"String","DefaultValue":"","Description":"Width Of The Fixed Grid On Md Screens","List":""},{"Key":"IonGridWidthSm","DisplayName":"Ion Grid Width Sm","FieldType":"String","DefaultValue":"","Description":"Width Of The Fixed Grid On Sm Screens","List":""},{"Key":"IonGridWidthXl","DisplayName":"Ion Grid Width Xl","FieldType":"String","DefaultValue":"","Description":"Width Of The Fixed Grid On Xl Screens","List":""},{"Key":"IonGridWidthXs","DisplayName":"Ion Grid Width Xs","FieldType":"String","DefaultValue":"","Description":"Width Of The Fixed Grid On Xs Screens","List":""},{"Key":"RawClasses","DisplayName":"Classes (;)","FieldType":"String","DefaultValue":"","Description":"Classes added to the HTML tag.","List":""},{"Key":"RawStyles","DisplayName":"Styles (JSON)","FieldType":"String","DefaultValue":"","Description":"Styles added to the HTML tag. Must be a json String use = and ;","List":""}],"events":[],"methods":[{"name":"Class_Globals","signature":"Class_Globals"},{"name":"Initialize","signature":"Initialize (Callback As Object, Name As String, EventName As String)"},{"name":"getElement","signature":"getElement() As BANanoElement"},{"name":"AddComputedStyleMap","signature":"AddComputedStyleMap(ms As Map)"},{"name":"getID","signature":"getID() As String"},{"name":"AddToParent","signature":"AddToParent(targetID As String, props As Map)"},{"name":"setParentID","signature":"setParentID(s As String)"},{"name":"setTargetID","signature":"setTargetID(s As String)"},{"name":"setElement","signature":"setElement(e As BANanoElement)"},{"name":"getHere","signature":"getHere() As String"},{"name":"AddClass","signature":"AddClass(text As String)"},{"name":"RemoveClass","signature":"RemoveClass(text As String)"},{"name":"AddStyleComputed","signature":"AddStyleComputed(attr As String, text As String)"},{"name":"AddStyleMap","signature":"AddStyleMap(ms As Map)"},{"name":"AddStyle","signature":"AddStyle(k As String, v As String)"},{"name":"setRawStyles","signature":"setRawStyles(s As String)"},{"name":"setRawClasses","signature":"setRawClasses(s As String)"},{"name":"getRawStyles","signature":"getRawStyles As String"},{"name":"getRawClasses","signature":"getRawClasses As String"},{"name":"getTargetID","signature":"getTargetID As String"},{"name":"DesignerCreateView","signature":"DesignerCreateView (Target As BANanoElement, Props As Map)"},{"name":"setIonGridPadding","signature":"setIonGridPadding(s As String)"},{"name":"setIonGridPaddingLg","signature":"setIonGridPaddingLg(s As String)"},{"name":"setIonGridPaddingMd","signature":"setIonGridPaddingMd(s As String)"},{"name":"setIonGridPaddingSm","signature":"setIonGridPaddingSm(s As String)"},{"name":"setIonGridPaddingXl","signature":"setIonGridPaddingXl(s As String)"},{"name":"setIonGridPaddingXs","signature":"setIonGridPaddingXs(s As String)"},{"name":"setIonGridWidth","signature":"setIonGridWidth(s As String)"},{"name":"setIonGridWidthLg","signature":"setIonGridWidthLg(s As String)"},{"name":"setIonGridWidthMd","signature":"setIonGridWidthMd(s As String)"},{"name":"setIonGridWidthSm","signature":"setIonGridWidthSm(s As String)"},{"name":"setIonGridWidthXl","signature":"setIonGridWidthXl(s As String)"},{"name":"setIonGridWidthXs","signature":"setIonGridWidthXs(s As String)"},{"name":"getIonGridPadding","signature":"getIonGridPadding As String"},{"name":"getIonGridPaddingLg","signature":"getIonGridPaddingLg As String"},{"name":"getIonGridPaddingMd","signature":"getIonGridPaddingMd As String"},{"name":"getIonGridPaddingSm","signature":"getIonGridPaddingSm As String"},{"name":"getIonGridPaddingXl","signature":"getIonGridPaddingXl As String"},{"name":"getIonGridPaddingXs","signature":"getIonGridPaddingXs As String"},{"name":"getIonGridWidth","signature":"getIonGridWidth As String"},{"name":"getIonGridWidthLg","signature":"getIonGridWidthLg As String"},{"name":"getIonGridWidthMd","signature":"getIonGridWidthMd As String"},{"name":"getIonGridWidthSm","signature":"getIonGridWidthSm As String"},{"name":"getIonGridWidthXl","signature":"getIonGridWidthXl As String"},{"name":"getIonGridWidthXs","signature":"getIonGridWidthXs As String"}]}