{"properties":[{"Key":"ParentID","DisplayName":"ParentID","FieldType":"String","DefaultValue":"","Description":"The id of the element to place this into","List":""},{"Key":"Text","DisplayName":"Text","FieldType":"String","DefaultValue":"","Description":"Text","List":""},{"Key":"IonTextCenter","DisplayName":"Ion Text Center","FieldType":"Boolean","DefaultValue":"False","Description":"Ion Text Center","List":""},{"Key":"Display","DisplayName":"Display","FieldType":"String","DefaultValue":"","Description":"Display","List":"block|contents|flex|grid|inherit|initial|inline|inline-block|none|default"},{"Key":"AlignItems","DisplayName":"Align Items (YAxis)","FieldType":"String","DefaultValue":"none","Description":"Align Items","List":"ion-align-items-baseline|ion-align-items-center|ion-align-items-end|ion-align-items-start|ion-align-items-stretch|none"},{"Key":"JustifyContent","DisplayName":"Justify Content (XAxis)","FieldType":"String","DefaultValue":"none","Description":"Justify Content","List":"ion-justify-content-around|ion-justify-content-between|ion-justify-content-center|ion-justify-content-end|ion-justify-content-evenly|ion-justify-content-start|none"},{"Key":"TextAlign","DisplayName":"Text Align (Horizontal)","FieldType":"String","DefaultValue":"none","Description":"Text Align","List":"center|justify|left|none|right|start|end"},{"Key":"VerticalAlign","DisplayName":"Vertical Align","FieldType":"String","DefaultValue":"none","Description":"Text Align","List":"baseline|sub|super|top|text-top|middle|bottom|text-bottom|initial|inherit|none"},{"Key":"BackgroundColor","DisplayName":"Background Color","FieldType":"String","DefaultValue":"","Description":"Background Color","List":""},{"Key":"Border","DisplayName":"Border","FieldType":"String","DefaultValue":"","Description":"Border","List":""},{"Key":"Color","DisplayName":"Text Color","FieldType":"String","DefaultValue":"none","Description":"Color","List":""},{"Key":"Mode","DisplayName":"Mode","FieldType":"String","DefaultValue":"ios","Description":"Mode","List":"ios|md"},{"Key":"Offsets","DisplayName":"Offsets","FieldType":"String","DefaultValue":"all=?; xs=?; sm=?; md=?; lg=?; xl=?","Description":"Offsets","List":""},{"Key":"Pulls","DisplayName":"Pulls","FieldType":"String","DefaultValue":"all=?; xs=?; sm=?; md=?; lg=?; xl=?","Description":"Pulls","List":""},{"Key":"Pushes","DisplayName":"Pushes","FieldType":"String","DefaultValue":"all=?; xs=?; sm=?; md=?; lg=?; xl=?","Description":"Pushes","List":""},{"Key":"Sizes","DisplayName":"Sizes","FieldType":"String","DefaultValue":"all=?; xs=?; sm=?; md=?; lg=?; xl=?","Description":"Sizes","List":""},{"Key":"Visible","DisplayName":"Visible","FieldType":"Boolean","DefaultValue":"True","Description":"If visible.","List":""},{"Key":"MarginAXYTBLR","DisplayName":"Margins","FieldType":"String","DefaultValue":"a=?; x=?; y=?; t=?; b=?; l=?; r=?","Description":"Margins A(all)-X(LR)-Y(TB)-T-B-L-R","List":""},{"Key":"PaddingAXYTBLR","DisplayName":"Paddings","FieldType":"String","DefaultValue":"a=?; x=?; y=?; t=?; b=?; l=?; r=?","Description":"Paddings A(all)-X(LR)-Y(TB)-T-B-L-R","List":""},{"Key":"RawClasses","DisplayName":"Classes (;)","FieldType":"String","DefaultValue":"","Description":"Classes added to the HTML tag.","List":""},{"Key":"RawStyles","DisplayName":"Styles (JSON)","FieldType":"String","DefaultValue":"","Description":"Styles added to the HTML tag. Must be a json String use = and ;","List":""},{"Key":"RawAttributes","DisplayName":"Attributes (JSON)","FieldType":"String","DefaultValue":"","Description":"Attributes added to the HTML tag. Must be a json String use = and ;","List":""}],"events":[],"methods":[{"name":"Class_Globals","signature":"Class_Globals"},{"name":"Initialize","signature":"Initialize (Callback As Object, Name As String, EventName As String)"},{"name":"getElement","signature":"getElement() As BANanoElement"},{"name":"getID","signature":"getID() As String"},{"name":"AddToParent","signature":"AddToParent(targetID As String, props As Map)"},{"name":"Remove","signature":"Remove()"},{"name":"setElement","signature":"setElement(e As BANanoElement)"},{"name":"LinkExisting","signature":"LinkExisting"},{"name":"TriggerEvent","signature":"TriggerEvent(event As String, params() As String)"},{"name":"getHere","signature":"getHere() As String"},{"name":"SetAttr","signature":"SetAttr(attr As String, text As String)"},{"name":"SetDataAttr","signature":"SetDataAttr(attr As String, text As String)"},{"name":"GetDataAttr","signature":"GetDataAttr(attr As String) As String"},{"name":"GetAttr","signature":"GetAttr(attr As String) As String"},{"name":"AddClass","signature":"AddClass(text As String)"},{"name":"RemoveClass","signature":"RemoveClass(text As String)"},{"name":"AddAttr","signature":"AddAttr(ms As Map)"},{"name":"RemoveAttr","signature":"RemoveAttr(attr As String)"},{"name":"AddStyleComputed","signature":"AddStyleComputed(attr As String, text As String)"},{"name":"AddStyle","signature":"AddStyle(ms As Map)"},{"name":"setVisible","signature":"setVisible(b As Boolean)"},{"name":"getVisible","signature":"getVisible As Boolean"},{"name":"On","signature":"On(event As String, args As List)"},{"name":"OnEvent","signature":"OnEvent(event As String, Module As Object, methodName As String, args As List)"},{"name":"DesignerCreateView","signature":"DesignerCreateView (Target As BANanoElement, Props As Map)"},{"name":"setIonTextCenter","signature":"setIonTextCenter(b As Boolean)"},{"name":"getIonTextCenter","signature":"getIonTextCenter As Boolean"},{"name":"setRawAttributes","signature":"setRawAttributes(s As String)"},{"name":"setRawStyles","signature":"setRawStyles(s As String)"},{"name":"setRawClasses","signature":"setRawClasses(s As String)"},{"name":"setPaddingAXYTBLR","signature":"setPaddingAXYTBLR(s As String)"},{"name":"setMarginAXYTBLR","signature":"setMarginAXYTBLR(s As String)"},{"name":"setSizes","signature":"setSizes(s As String)"},{"name":"setPushes","signature":"setPushes(s As String)"},{"name":"setPulls","signature":"setPulls(s As String)"},{"name":"setOffsets","signature":"setOffsets(s As String)"},{"name":"setVerticalAlign","signature":"setVerticalAlign(s As String)"},{"name":"getVerticalAlign","signature":"getVerticalAlign As String"},{"name":"setMode","signature":"setMode(s As String)"},{"name":"setAlignItems","signature":"setAlignItems(s As String)"},{"name":"setBackgroundColor","signature":"setBackgroundColor(s As String)"},{"name":"setBorder","signature":"setBorder(s As String)"},{"name":"setColor","signature":"setColor(s As String)"},{"name":"setDisplay","signature":"setDisplay(s As String)"},{"name":"setJustifyContent","signature":"setJustifyContent(s As String)"},{"name":"setOffset","signature":"setOffset(s As String)"},{"name":"setOffsetLg","signature":"setOffsetLg(s As String)"},{"name":"setOffsetMd","signature":"setOffsetMd(s As String)"},{"name":"setOffsetSm","signature":"setOffsetSm(s As String)"},{"name":"setOffsetXs","signature":"setOffsetXs(s As String)"},{"name":"setPull","signature":"setPull(s As String)"},{"name":"setPullLg","signature":"setPullLg(s As String)"},{"name":"setPullMd","signature":"setPullMd(s As String)"},{"name":"setPullSm","signature":"setPullSm(s As String)"},{"name":"setPullXl","signature":"setPullXl(s As String)"},{"name":"setPullXs","signature":"setPullXs(s As String)"},{"name":"setPush","signature":"setPush(s As String)"},{"name":"setPushLg","signature":"setPushLg(s As String)"},{"name":"setPushMd","signature":"setPushMd(s As String)"},{"name":"setPushSm","signature":"setPushSm(s As String)"},{"name":"setPushXl","signature":"setPushXl(s As String)"},{"name":"setPushXs","signature":"setPushXs(s As String)"},{"name":"setSize","signature":"setSize(s As String)"},{"name":"setSizeLg","signature":"setSizeLg(s As String)"},{"name":"setSizeMd","signature":"setSizeMd(s As String)"},{"name":"setSizeSm","signature":"setSizeSm(s As String)"},{"name":"setSizeXl","signature":"setSizeXl(s As String)"},{"name":"setSizeXs","signature":"setSizeXs(s As String)"},{"name":"setTextAlign","signature":"setTextAlign(s As String)"},{"name":"getAlignItems","signature":"getAlignItems As String"},{"name":"getBackgroundColor","signature":"getBackgroundColor As String"},{"name":"getBorder","signature":"getBorder As String"},{"name":"getColor","signature":"getColor As String"},{"name":"getDisplay","signature":"getDisplay As String"},{"name":"getJustifyContent","signature":"getJustifyContent As String"},{"name":"getOffset","signature":"getOffset As String"},{"name":"getOffsetLg","signature":"getOffsetLg As String"},{"name":"getOffsetMd","signature":"getOffsetMd As String"},{"name":"getOffsetSm","signature":"getOffsetSm As String"},{"name":"getOffsetXlBr","signature":"getOffsetXlBr As String"},{"name":"getOffsetXs","signature":"getOffsetXs As String"},{"name":"getPull","signature":"getPull As String"},{"name":"getPullLg","signature":"getPullLg As String"},{"name":"getPullMd","signature":"getPullMd As String"},{"name":"getPullSm","signature":"getPullSm As String"},{"name":"getPullXl","signature":"getPullXl As String"},{"name":"getPullXs","signature":"getPullXs As String"},{"name":"getPush","signature":"getPush As String"},{"name":"getPushLg","signature":"getPushLg As String"},{"name":"getPushMd","signature":"getPushMd As String"},{"name":"getPushSm","signature":"getPushSm As String"},{"name":"getPushXl","signature":"getPushXl As String"},{"name":"getPushXs","signature":"getPushXs As String"},{"name":"getSize","signature":"getSize As String"},{"name":"getSizeLg","signature":"getSizeLg As String"},{"name":"getSizeMd","signature":"getSizeMd As String"},{"name":"getSizeSm","signature":"getSizeSm As String"},{"name":"getSizeXl","signature":"getSizeXl As String"},{"name":"getSizeXs","signature":"getSizeXs As String"},{"name":"getTextAlign","signature":"getTextAlign As String"},{"name":"getRoot","signature":"getRoot As SHLabel"},{"name":"setParentID","signature":"setParentID(s As String)"},{"name":"getParentID","signature":"getParentID As String"},{"name":"getMode","signature":"getMode As String"},{"name":"getOffsets","signature":"getOffsets As String"},{"name":"getPulls","signature":"getPulls As String"},{"name":"getPushes","signature":"getPushes As String"},{"name":"getSizes","signature":"getSizes As String"},{"name":"getMarginAXYTBLR","signature":"getMarginAXYTBLR As String"},{"name":"getPaddingAXYTBLR","signature":"getPaddingAXYTBLR As String"},{"name":"setText","signature":"setText(s As String)"},{"name":"getText","signature":"getText As String"},{"name":"getRawClasses","signature":"getRawClasses As String"},{"name":"getRawStyles","signature":"getRawStyles As String"},{"name":"getRawAttributes","signature":"getRawAttributes As String"}]}