{"properties":[{"Key":"ParentID","DisplayName":"ParentID","FieldType":"String","DefaultValue":"","Description":"The ParentID of this component","List":""},{"Key":"TargetID","DisplayName":"TargetID","FieldType":"String","DefaultValue":"","Description":"The TargetID of this component","List":""},{"Key":"Background","DisplayName":"Background","FieldType":"String","DefaultValue":"","Description":"Background Of The Button","List":""},{"Key":"BackgroundFocused","DisplayName":"Background Focused","FieldType":"String","DefaultValue":"","Description":"Background Of The Button When Focused With The Tab Key","List":""},{"Key":"BackgroundFocusedOpacity","DisplayName":"Background Focused Opacity","FieldType":"String","DefaultValue":"","Description":"Opacity Of The Button Background When Focused With The Tab Key","List":""},{"Key":"BackgroundHover","DisplayName":"Background Hover","FieldType":"String","DefaultValue":"","Description":"Background Of The Button On Hover","List":""},{"Key":"BackgroundHoverOpacity","DisplayName":"Background Hover Opacity","FieldType":"String","DefaultValue":"","Description":"Opacity Of The Background On Hover","List":""},{"Key":"BorderRadius","DisplayName":"Border Radius","FieldType":"String","DefaultValue":"","Description":"Border Radius Of The Button","List":""},{"Key":"Color","DisplayName":"Color","FieldType":"String","DefaultValue":"","Description":"Text Color Of The Button","List":""},{"Key":"ColorFocused","DisplayName":"Color Focused","FieldType":"String","DefaultValue":"","Description":"Text Color Of The Button When Focused With The Tab Key","List":""},{"Key":"ColorHover","DisplayName":"Color Hover","FieldType":"String","DefaultValue":"","Description":"Text Color Of The Button On Hover","List":""},{"Key":"IconFontSize","DisplayName":"Icon Font Size","FieldType":"String","DefaultValue":"","Description":"Font Size Of The Button Icon","List":""},{"Key":"IconFontWeight","DisplayName":"Icon Font Weight","FieldType":"String","DefaultValue":"","Description":"Font Weight Of The Button Icon","List":""},{"Key":"IconMarginBottom","DisplayName":"Icon Margin Bottom","FieldType":"String","DefaultValue":"","Description":"Bottom Margin Of The Button Icon","List":""},{"Key":"IconMarginEnd","DisplayName":"Icon Margin End","FieldType":"String","DefaultValue":"","Description":"Right Margin If Direction Is Left-to-right- And Left Margin If Direction Is Right-to-left Of The Button Icon","List":""},{"Key":"IconMarginStart","DisplayName":"Icon Margin Start","FieldType":"String","DefaultValue":"","Description":"Left Margin If Direction Is Left-to-right- And Right Margin If Direction Is Right-to-left Of The Button Icon","List":""},{"Key":"IconMarginTop","DisplayName":"Icon Margin Top","FieldType":"String","DefaultValue":"","Description":"Top Margin Of The Button Icon","List":""},{"Key":"IconPaddingBottom","DisplayName":"Icon Padding Bottom","FieldType":"String","DefaultValue":"","Description":"Bottom Padding Of The Button Icon","List":""},{"Key":"IconPaddingEnd","DisplayName":"Icon Padding End","FieldType":"String","DefaultValue":"","Description":"Right Padding If Direction Is Left-to-right- And Left Padding If Direction Is Right-to-left Of The Button Icon","List":""},{"Key":"IconPaddingStart","DisplayName":"Icon Padding Start","FieldType":"String","DefaultValue":"","Description":"Left Padding If Direction Is Left-to-right- And Right Padding If Direction Is Right-to-left Of The Button Icon","List":""},{"Key":"IconPaddingTop","DisplayName":"Icon Padding Top","FieldType":"String","DefaultValue":"","Description":"Top Padding Of The Button Icon","List":""},{"Key":"MarginBottom","DisplayName":"Margin Bottom","FieldType":"String","DefaultValue":"","Description":"Bottom Margin Of The Button","List":""},{"Key":"MarginEnd","DisplayName":"Margin End","FieldType":"String","DefaultValue":"","Description":"Right Margin If Direction Is Left-to-right- And Left Margin If Direction Is Right-to-left Of The Button","List":""},{"Key":"MarginStart","DisplayName":"Margin Start","FieldType":"String","DefaultValue":"","Description":"Left Margin If Direction Is Left-to-right- And Right Margin If Direction Is Right-to-left Of The Button","List":""},{"Key":"MarginTop","DisplayName":"Margin Top","FieldType":"String","DefaultValue":"","Description":"Top Margin Of The Button","List":""},{"Key":"MinHeight","DisplayName":"Min Height","FieldType":"String","DefaultValue":"","Description":"Minimum Height Of The Button","List":""},{"Key":"MinWidth","DisplayName":"Min Width","FieldType":"String","DefaultValue":"","Description":"Minimum Width Of The Button","List":""},{"Key":"Opacity","DisplayName":"Opacity","FieldType":"String","DefaultValue":"","Description":"Opacity Of The Button","List":""},{"Key":"PaddingBottom","DisplayName":"Padding Bottom","FieldType":"String","DefaultValue":"","Description":"Bottom Padding Of The Button","List":""},{"Key":"PaddingEnd","DisplayName":"Padding End","FieldType":"String","DefaultValue":"","Description":"Right Padding If Direction Is Left-to-right- And Left Padding If Direction Is Right-to-left Of The Button","List":""},{"Key":"PaddingStart","DisplayName":"Padding Start","FieldType":"String","DefaultValue":"","Description":"Left Padding If Direction Is Left-to-right- And Right Padding If Direction Is Right-to-left Of The Button","List":""},{"Key":"PaddingTop","DisplayName":"Padding Top","FieldType":"String","DefaultValue":"","Description":"Top Padding Of The Button","List":""},{"Key":"RippleColor","DisplayName":"Ripple Color","FieldType":"String","DefaultValue":"","Description":"Color Of The Button Ripple Effect","List":""},{"Key":"Transition","DisplayName":"Transition","FieldType":"String","DefaultValue":"","Description":"Transition Of The Button","List":""},{"Key":"RawClasses","DisplayName":"Classes (;)","FieldType":"String","DefaultValue":"","Description":"Classes added to the HTML tag.","List":""},{"Key":"RawStyles","DisplayName":"Styles (JSON)","FieldType":"String","DefaultValue":"","Description":"Styles added to the HTML tag. Must be a json String use = and ;","List":""}],"events":[],"methods":[{"name":"Class_Globals","signature":"Class_Globals"},{"name":"Initialize","signature":"Initialize (Callback As Object, Name As String, EventName As String)"},{"name":"getElement","signature":"getElement() As BANanoElement"},{"name":"AddComputedStyleMap","signature":"AddComputedStyleMap(ms As Map)"},{"name":"getID","signature":"getID() As String"},{"name":"AddToParent","signature":"AddToParent(targetID As String, props As Map)"},{"name":"setParentID","signature":"setParentID(s As String)"},{"name":"setTargetID","signature":"setTargetID(s As String)"},{"name":"setElement","signature":"setElement(e As BANanoElement)"},{"name":"getHere","signature":"getHere() As String"},{"name":"AddClass","signature":"AddClass(text As String)"},{"name":"RemoveClass","signature":"RemoveClass(text As String)"},{"name":"AddStyleComputed","signature":"AddStyleComputed(attr As String, text As String)"},{"name":"AddStyleMap","signature":"AddStyleMap(ms As Map)"},{"name":"AddStyle","signature":"AddStyle(k As String, v As String)"},{"name":"setRawStyles","signature":"setRawStyles(s As String)"},{"name":"setRawClasses","signature":"setRawClasses(s As String)"},{"name":"getRawStyles","signature":"getRawStyles As String"},{"name":"getRawClasses","signature":"getRawClasses As String"},{"name":"getTargetID","signature":"getTargetID As String"},{"name":"DesignerCreateView","signature":"DesignerCreateView (Target As BANanoElement, Props As Map)"},{"name":"setBackground","signature":"setBackground(s As String)"},{"name":"setBackgroundFocused","signature":"setBackgroundFocused(s As String)"},{"name":"setBackgroundFocusedOpacity","signature":"setBackgroundFocusedOpacity(s As String)"},{"name":"setBackgroundHover","signature":"setBackgroundHover(s As String)"},{"name":"setBackgroundHoverOpacity","signature":"setBackgroundHoverOpacity(s As String)"},{"name":"setBorderRadius","signature":"setBorderRadius(s As String)"},{"name":"setColor","signature":"setColor(s As String)"},{"name":"setColorFocused","signature":"setColorFocused(s As String)"},{"name":"setColorHover","signature":"setColorHover(s As String)"},{"name":"setIconFontSize","signature":"setIconFontSize(s As String)"},{"name":"setIconFontWeight","signature":"setIconFontWeight(s As String)"},{"name":"setIconMarginBottom","signature":"setIconMarginBottom(s As String)"},{"name":"setIconMarginEnd","signature":"setIconMarginEnd(s As String)"},{"name":"setIconMarginStart","signature":"setIconMarginStart(s As String)"},{"name":"setIconMarginTop","signature":"setIconMarginTop(s As String)"},{"name":"setIconPaddingBottom","signature":"setIconPaddingBottom(s As String)"},{"name":"setIconPaddingEnd","signature":"setIconPaddingEnd(s As String)"},{"name":"setIconPaddingStart","signature":"setIconPaddingStart(s As String)"},{"name":"setIconPaddingTop","signature":"setIconPaddingTop(s As String)"},{"name":"setMarginBottom","signature":"setMarginBottom(s As String)"},{"name":"setMarginEnd","signature":"setMarginEnd(s As String)"},{"name":"setMarginStart","signature":"setMarginStart(s As String)"},{"name":"setMarginTop","signature":"setMarginTop(s As String)"},{"name":"setMinHeight","signature":"setMinHeight(s As String)"},{"name":"setMinWidth","signature":"setMinWidth(s As String)"},{"name":"setOpacity","signature":"setOpacity(s As String)"},{"name":"setPaddingBottom","signature":"setPaddingBottom(s As String)"},{"name":"setPaddingEnd","signature":"setPaddingEnd(s As String)"},{"name":"setPaddingStart","signature":"setPaddingStart(s As String)"},{"name":"setPaddingTop","signature":"setPaddingTop(s As String)"},{"name":"setRippleColor","signature":"setRippleColor(s As String)"},{"name":"setTransition","signature":"setTransition(s As String)"},{"name":"getBackground","signature":"getBackground As String"},{"name":"getBackgroundFocused","signature":"getBackgroundFocused As String"},{"name":"getBackgroundFocusedOpacity","signature":"getBackgroundFocusedOpacity As String"},{"name":"getBackgroundHover","signature":"getBackgroundHover As String"},{"name":"getBackgroundHoverOpacity","signature":"getBackgroundHoverOpacity As String"},{"name":"getBorderRadius","signature":"getBorderRadius As String"},{"name":"getColor","signature":"getColor As String"},{"name":"getColorFocused","signature":"getColorFocused As String"},{"name":"getColorHover","signature":"getColorHover As String"},{"name":"getIconFontSize","signature":"getIconFontSize As String"},{"name":"getIconFontWeight","signature":"getIconFontWeight As String"},{"name":"getIconMarginBottom","signature":"getIconMarginBottom As String"},{"name":"getIconMarginEnd","signature":"getIconMarginEnd As String"},{"name":"getIconMarginStart","signature":"getIconMarginStart As String"},{"name":"getIconMarginTop","signature":"getIconMarginTop As String"},{"name":"getIconPaddingBottom","signature":"getIconPaddingBottom As String"},{"name":"getIconPaddingEnd","signature":"getIconPaddingEnd As String"},{"name":"getIconPaddingStart","signature":"getIconPaddingStart As String"},{"name":"getIconPaddingTop","signature":"getIconPaddingTop As String"},{"name":"getMarginBottom","signature":"getMarginBottom As String"},{"name":"getMarginEnd","signature":"getMarginEnd As String"},{"name":"getMarginStart","signature":"getMarginStart As String"},{"name":"getMarginTop","signature":"getMarginTop As String"},{"name":"getMinHeight","signature":"getMinHeight As String"},{"name":"getMinWidth","signature":"getMinWidth As String"},{"name":"getOpacity","signature":"getOpacity As String"},{"name":"getPaddingBottom","signature":"getPaddingBottom As String"},{"name":"getPaddingEnd","signature":"getPaddingEnd As String"},{"name":"getPaddingStart","signature":"getPaddingStart As String"},{"name":"getPaddingTop","signature":"getPaddingTop As String"},{"name":"getRippleColor","signature":"getRippleColor As String"},{"name":"getTransition","signature":"getTransition As String"}]}