{"properties":[{"Key":"ParentID","DisplayName":"ParentID","FieldType":"String","DefaultValue":"","Description":"The ParentID of this component","List":""},{"Key":"Value","DisplayName":"Value","FieldType":"Int","DefaultValue":"1","Description":"Value","List":""},{"Key":"MinValue","DisplayName":"Min Value","FieldType":"Int","DefaultValue":"0","Description":"Min Value","List":""},{"Key":"MaxValue","DisplayName":"Max Value","FieldType":"Int","DefaultValue":"100","Description":"Max Value","List":""},{"Key":"BorderColor","DisplayName":"Border Color","FieldType":"String","DefaultValue":"gray","Description":"Border Color","List":""},{"Key":"BorderRadius","DisplayName":"Border Radius","FieldType":"String","DefaultValue":"14px","Description":"Border Radius","List":""},{"Key":"BorderStyle","DisplayName":"Border Style","FieldType":"String","DefaultValue":"solid","Description":"Border Style","List":"dashed|dotted|double|groove|hidden|inherit|initial|inset|none|outset|ridge|solid"},{"Key":"BorderWidth","DisplayName":"Border Width","FieldType":"String","DefaultValue":"2px","Description":"Border Width","List":""},{"Key":"DecrementIcon","DisplayName":"Decrement Icon","FieldType":"String","DefaultValue":"remove","Description":"Decrement Icon","List":""},{"Key":"DecrementColor","DisplayName":"Decrement Color","FieldType":"String","DefaultValue":"danger","Description":"Decrement Color","List":"danger|dark|light|medium|none|primary|secondary|success|tertiary|warning"},{"Key":"IncrementIcon","DisplayName":"Increment Icon","FieldType":"String","DefaultValue":"add","Description":"Increment Icon","List":""},{"Key":"IncrementColor","DisplayName":"Increment Color","FieldType":"String","DefaultValue":"success","Description":"Increment Color","List":"danger|dark|light|medium|none|primary|secondary|success|tertiary|warning"},{"Key":"ButtonSize","DisplayName":"Button Size","FieldType":"String","DefaultValue":"default","Description":"Size","List":"default|large|small"},{"Key":"IonNoPadding","DisplayName":"Ion No Padding","FieldType":"Boolean","DefaultValue":"False","Description":"Ion No Padding","List":""},{"Key":"IonPadding","DisplayName":"Ion Padding","FieldType":"Boolean","DefaultValue":"False","Description":"Ion Padding","List":""},{"Key":"Slot","DisplayName":"Slot","FieldType":"String","DefaultValue":"","Description":"Slot","List":""},{"Key":"Visible","DisplayName":"Visible","FieldType":"Boolean","DefaultValue":"True","Description":"If visible.","List":""},{"Key":"ColumnName","DisplayName":"Column Name","FieldType":"String","DefaultValue":"","Description":"Column Name","List":""},{"Key":"ColumnType","DisplayName":"Column Type","FieldType":"String","DefaultValue":"string","Description":"Column Type","List":"blob|bool|double|int|string"},{"Key":"MarginAXYTBLR","DisplayName":"Margins","FieldType":"String","DefaultValue":"a=?; x=?; y=?; t=?; b=?; l=?; r=?","Description":"Margins A(all)-X(LR)-Y(TB)-T-B-L-R","List":""},{"Key":"PaddingAXYTBLR","DisplayName":"Paddings","FieldType":"String","DefaultValue":"a=?; x=?; y=?; t=?; b=?; l=?; r=?","Description":"Paddings A(all)-X(LR)-Y(TB)-T-B-L-R","List":""},{"Key":"RawClasses","DisplayName":"Classes (;)","FieldType":"String","DefaultValue":"","Description":"Classes added to the HTML tag.","List":""},{"Key":"RawStyles","DisplayName":"Styles (JSON)","FieldType":"String","DefaultValue":"","Description":"Styles added to the HTML tag. Must be a json String use = and ;","List":""},{"Key":"RawAttributes","DisplayName":"Attributes (JSON)","FieldType":"String","DefaultValue":"","Description":"Attributes added to the HTML tag. Must be a json String use = and ;","List":""}],"events":[{"name":"Decrement (value As Int)"},{"name":"Increment (value As Int)"}],"methods":[{"name":"Class_Globals","signature":"Class_Globals"},{"name":"Initialize","signature":"Initialize (Callback As Object, Name As String, EventName As String)"},{"name":"getElement","signature":"getElement() As BANanoElement"},{"name":"AddComputedStyleMap","signature":"AddComputedStyleMap(ms As Map)"},{"name":"getID","signature":"getID() As String"},{"name":"AddToParent","signature":"AddToParent(targetID As String, props As Map)"},{"name":"Remove","signature":"Remove()"},{"name":"setParentID","signature":"setParentID(s As String)"},{"name":"setElement","signature":"setElement(e As BANanoElement)"},{"name":"LinkExisting","signature":"LinkExisting"},{"name":"TriggerEvent","signature":"TriggerEvent(event As String, params() As String)"},{"name":"getHere","signature":"getHere() As String"},{"name":"AddAttr","signature":"AddAttr(attr As String, text As Object)"},{"name":"AddDataAttr","signature":"AddDataAttr(attr As String, text As String)"},{"name":"GetDataAttr","signature":"GetDataAttr(attr As String) As String"},{"name":"GetAttr","signature":"GetAttr(attr As String) As String"},{"name":"AddClass","signature":"AddClass(text As String)"},{"name":"RemoveClass","signature":"RemoveClass(text As String)"},{"name":"AddAttrMap","signature":"AddAttrMap(ms As Map)"},{"name":"RemoveAttr","signature":"RemoveAttr(attr As String)"},{"name":"AddStyleComputed","signature":"AddStyleComputed(attr As String, text As String)"},{"name":"AddStyleMap","signature":"AddStyleMap(ms As Map)"},{"name":"AddStyle","signature":"AddStyle(k As String, v As String)"},{"name":"setVisible","signature":"setVisible(b As Boolean)"},{"name":"getVisible","signature":"getVisible As Boolean"},{"name":"OnEventMethod","signature":"OnEventMethod(event As String, Module As Object, MethodName As String, args As List)"},{"name":"getThis","signature":"getThis As BANanoObject"},{"name":"getRoot","signature":"getRoot As SHLabel"},{"name":"On","signature":"On(event As String, args As List)"},{"name":"OnEvent","signature":"OnEvent(event As String, Module As Object, methodName As String, args As List)"},{"name":"setRawAttributes","signature":"setRawAttributes(s As String)"},{"name":"setRawStyles","signature":"setRawStyles(s As String)"},{"name":"setRawClasses","signature":"setRawClasses(s As String)"},{"name":"setPaddingAXYTBLR","signature":"setPaddingAXYTBLR(s As String)"},{"name":"setMarginAXYTBLR","signature":"setMarginAXYTBLR(s As String)"},{"name":"getRawAttributes","signature":"getRawAttributes As String"},{"name":"getRawStyles","signature":"getRawStyles As String"},{"name":"getRawClasses","signature":"getRawClasses As String"},{"name":"getPaddingAXYTBLR","signature":"getPaddingAXYTBLR As String"},{"name":"getMarginAXYTBLR","signature":"getMarginAXYTBLR As String"},{"name":"OnChildEvent","signature":"OnChildEvent(child As String, event As String, Module As Object, methodName As String, args As List)"},{"name":"setValue","signature":"setValue(text As String)"},{"name":"getValue","signature":"getValue As String"},{"name":"DesignerCreateView","signature":"DesignerCreateView (Target As BANanoElement, Props As Map)"},{"name":"setDecrementIcon","signature":"setDecrementIcon(s As String)"},{"name":"setIncrementIcon","signature":"setIncrementIcon(s As String)"},{"name":"setBorderColor","signature":"setBorderColor(s As String)"},{"name":"setButtonSize","signature":"setButtonSize(s As String)"},{"name":"setBorderRadius","signature":"setBorderRadius(s As String)"},{"name":"setBorderStyle","signature":"setBorderStyle(s As String)"},{"name":"setBorderWidth","signature":"setBorderWidth(s As String)"},{"name":"setDecrementColor","signature":"setDecrementColor(s As String)"},{"name":"setIncrementColor","signature":"setIncrementColor(s As String)"},{"name":"setIonNoPadding","signature":"setIonNoPadding(b As Boolean)"},{"name":"setIonPadding","signature":"setIonPadding(b As Boolean)"},{"name":"setMaxValue","signature":"setMaxValue(i As Int)"},{"name":"setMinValue","signature":"setMinValue(i As Int)"},{"name":"setSlot","signature":"setSlot(s As String)"},{"name":"getBorderColor","signature":"getBorderColor As String"},{"name":"getBorderRadius","signature":"getBorderRadius As String"},{"name":"getBorderStyle","signature":"getBorderStyle As String"},{"name":"getBorderWidth","signature":"getBorderWidth As String"},{"name":"getDecrementColor","signature":"getDecrementColor As String"},{"name":"getIncrementColor","signature":"getIncrementColor As String"},{"name":"getIonNoPadding","signature":"getIonNoPadding As Boolean"},{"name":"getIonPadding","signature":"getIonPadding As Boolean"},{"name":"getMaxValue","signature":"getMaxValue As Int"},{"name":"getMinValue","signature":"getMinValue As Int"},{"name":"getSlot","signature":"getSlot As String"},{"name":"getParentID","signature":"getParentID As String"},{"name":"getDecrementIcon","signature":"getDecrementIcon As String"},{"name":"getIncrementIcon","signature":"getIncrementIcon As String"},{"name":"getButtonSize","signature":"getButtonSize As String"},{"name":"setColumnName","signature":"setColumnName(s As String)"},{"name":"setColumnType","signature":"setColumnType(s As String)"},{"name":"getColumnName","signature":"getColumnName As String"},{"name":"getColumnType","signature":"getColumnType As String"}]}