{"properties":[{"Key":"ParentID","DisplayName":"ParentID","FieldType":"String","DefaultValue":"","Description":"The ParentID of this component","List":""},{"Key":"TypeOf","DisplayName":"Type","FieldType":"String","DefaultValue":"div","Description":"Type","List":"div|ion-content"},{"Key":"Title","DisplayName":"Header / Page Title","FieldType":"String","DefaultValue":"Page","Description":"Header / Page Title","List":""},{"Key":"PageIcon","DisplayName":"Page Icon","FieldType":"String","DefaultValue":"logo-ionic","Description":"Page Icon","List":""},{"Key":"PageIconColor","DisplayName":"Page Icon Color","FieldType":"String","DefaultValue":"","Description":"Page Icon Color","List":"danger|dark|light|medium|none|primary|secondary|success|tertiary|warning"},{"Key":"RouterName","DisplayName":"Router Name","FieldType":"String","DefaultValue":"approuter","Description":"The name of the app router. Dont change it","List":""},{"Key":"Path","DisplayName":"URL Path","FieldType":"String","DefaultValue":"/","Description":"Path for the Route","List":""},{"Key":"IsPage","DisplayName":"Is Page","FieldType":"Boolean","DefaultValue":"True","Description":"Adds ion-page","List":""},{"Key":"Mode","DisplayName":"Mode","FieldType":"String","DefaultValue":"ios","Description":"Mode","List":"ios|md"},{"Key":"HasHeader","DisplayName":"Has Header","FieldType":"Boolean","DefaultValue":"False","Description":"Has Header","List":""},{"Key":"HeaderNoBorder","DisplayName":"Header No Border","FieldType":"Boolean","DefaultValue":"False","Description":"Header No Border","List":""},{"Key":"HeaderTranslucent","DisplayName":"Header Translucent","FieldType":"Boolean","DefaultValue":"False","Description":"Header Translucent","List":""},{"Key":"ToolbarColor","DisplayName":"Toolbar Color","FieldType":"String","DefaultValue":"none","Description":"Toolbar Color","List":"danger|dark|light|medium|none|primary|secondary|success|tertiary|warning"},{"Key":"HasLeftButtons","DisplayName":"Has Left Buttons","FieldType":"Boolean","DefaultValue":"True","Description":"Has Left Buttons","List":""},{"Key":"HasRightButtons","DisplayName":"Has Right Buttons","FieldType":"Boolean","DefaultValue":"True","Description":"Has Right Buttons","List":""},{"Key":"TitleColor","DisplayName":"Title Color","FieldType":"String","DefaultValue":"none","Description":"Title Color","List":"danger|dark|light|medium|none|primary|secondary|success|tertiary|warning"},{"Key":"HasMenuButton","DisplayName":"Has Menu Button","FieldType":"Boolean","DefaultValue":"False","Description":"Has Menu Button","List":""},{"Key":"MenuButtonAutoHide","DisplayName":"Menu Button Auto Hide","FieldType":"Boolean","DefaultValue":"True","Description":"Menu Button Auto Hide","List":""},{"Key":"MenuButtonColor","DisplayName":"Menu Button Color","FieldType":"String","DefaultValue":"","Description":"Menu Button Color","List":"danger|dark|light|medium|none|primary|secondary|success|tertiary|warning"},{"Key":"MenuId","DisplayName":"Menu Id","FieldType":"String","DefaultValue":"","Description":"Menu Id","List":""},{"Key":"HasBackButton","DisplayName":"Has Back Button","FieldType":"Boolean","DefaultValue":"False","Description":"Has Back Button","List":""},{"Key":"BackButtonHref","DisplayName":"Back Button Href","FieldType":"String","DefaultValue":"/","Description":"Back Button Href","List":""},{"Key":"BackButtonIcon","DisplayName":"Back Button Icon","FieldType":"String","DefaultValue":"","Description":"Back Button Icon","List":""},{"Key":"BackButtonText","DisplayName":"Back Button Text","FieldType":"String","DefaultValue":"Back","Description":"Back Button Text","List":""},{"Key":"HasContent","DisplayName":"Has Content","FieldType":"Boolean","DefaultValue":"True","Description":"Has Content","List":""},{"Key":"ContentIonPadding","DisplayName":"Content Ion Padding","FieldType":"Boolean","DefaultValue":"False","Description":"Content Ion Padding","List":""},{"Key":"ContentText","DisplayName":"Content Text","FieldType":"String","DefaultValue":"","Description":"Content Text","List":""},{"Key":"CenterContent","DisplayName":"Center Content","FieldType":"Boolean","DefaultValue":"False","Description":"Center Content","List":""},{"Key":"ContentFullscreen","DisplayName":"Content Fullscreen","FieldType":"Boolean","DefaultValue":"False","Description":"Content Fullscreen","List":""},{"Key":"CoverImage","DisplayName":"Content Cover Image","FieldType":"String","DefaultValue":"","Description":"Cover Image","List":""},{"Key":"HasTabs","DisplayName":"Has Tabs","FieldType":"Boolean","DefaultValue":"False","Description":"Has Tabs","List":""},{"Key":"HasTabBar","DisplayName":"Has Tab Bar","FieldType":"Boolean","DefaultValue":"False","Description":"Has Tab Bar","List":""},{"Key":"TabBarPosition","DisplayName":"Tab Bar Position","FieldType":"String","DefaultValue":"bottom","Description":"Tab Bar Position","List":"bottom|top|none"},{"Key":"TabBarColor","DisplayName":"Tab Bar Color","FieldType":"String","DefaultValue":"none","Description":"Color","List":"danger|dark|light|medium|none|primary|secondary|success|tertiary|warning"},{"Key":"SelectedTab","DisplayName":"Selected Tab","FieldType":"String","DefaultValue":"","Description":"Selected Tab","List":""},{"Key":"TabBarFixedAtBottom","DisplayName":"TabBar Fixed At Bottom","FieldType":"Boolean","DefaultValue":"False","Description":"TabBar Fixed At Bottom","List":""},{"Key":"HasList","DisplayName":"Has Content List","FieldType":"Boolean","DefaultValue":"False","Description":"Has Content List","List":""},{"Key":"HasFooter","DisplayName":"Has Footer","FieldType":"Boolean","DefaultValue":"False","Description":"Has Footer","List":""},{"Key":"FooterNoBorder","DisplayName":"Footer No Border","FieldType":"Boolean","DefaultValue":"False","Description":"Footer No Border","List":""},{"Key":"FooterTranslucent","DisplayName":"Footer Translucent","FieldType":"Boolean","DefaultValue":"False","Description":"Footer Translucent","List":""},{"Key":"Visible","DisplayName":"Visible","FieldType":"Boolean","DefaultValue":"True","Description":"If visible.","List":""},{"Key":"PaddingAXYTBLR","DisplayName":"Paddings","FieldType":"String","DefaultValue":"a=?; x=?; y=?; t=?; b=?; l=?; r=?","Description":"Paddings A(all)-X(LR)-Y(TB)-T-B-L-R","List":""},{"Key":"MarginAXYTBLR","DisplayName":"Margins","FieldType":"String","DefaultValue":"a=?; x=?; y=?; t=?; b=?; l=?; r=?","Description":"Margins A(all)-X(LR)-Y(TB)-T-B-L-R","List":""},{"Key":"RawClasses","DisplayName":"Classes (;)","FieldType":"String","DefaultValue":"","Description":"Classes added to the HTML tag.","List":""},{"Key":"RawStyles","DisplayName":"Styles (JSON)","FieldType":"String","DefaultValue":"","Description":"Styles added to the HTML tag. Must be a json String use = and ;","List":""},{"Key":"RawAttributes","DisplayName":"Attributes (JSON)","FieldType":"String","DefaultValue":"","Description":"Attributes added to the HTML tag. Must be a json String use = and ;","List":""}],"events":[{"name":"Back_Click (e As BANanoEvent)"},{"name":"Menu_Click (e As BANanoEvent)"},{"name":"PageDidChange (e As BANanoEvent)"},{"name":"PageWillChange (e As BANanoEvent)"}],"methods":[{"name":"Class_Globals","signature":"Class_Globals"},{"name":"Initialize","signature":"Initialize (Callback As Object, Name As String, EventName As String)"},{"name":"setHeaderNoBorder","signature":"setHeaderNoBorder(b As Boolean)"},{"name":"setFooterNoBorder","signature":"setFooterNoBorder(b As Boolean)"},{"name":"getElement","signature":"getElement() As BANanoElement"},{"name":"getID","signature":"getID() As String"},{"name":"AddToParent","signature":"AddToParent(targetID As String, props As Map)"},{"name":"Remove","signature":"Remove()"},{"name":"TriggerEvent","signature":"TriggerEvent(event As String, params() As String)"},{"name":"getHere","signature":"getHere() As String"},{"name":"SetAttr","signature":"SetAttr(attr As String, text As String)"},{"name":"SetDataAttr","signature":"SetDataAttr(attr As String, text As String)"},{"name":"GetDataAttr","signature":"GetDataAttr(attr As String) As String"},{"name":"GetAttr","signature":"GetAttr(attr As String) As String"},{"name":"AddClass","signature":"AddClass(text As String)"},{"name":"RemoveClass","signature":"RemoveClass(text As String)"},{"name":"AddAttr","signature":"AddAttr(ms As Map)"},{"name":"RemoveAttr","signature":"RemoveAttr(attr As String)"},{"name":"AddStyleComputed","signature":"AddStyleComputed(attr As String, text As String)"},{"name":"AddStyle","signature":"AddStyle(ms As Map)"},{"name":"setVisible","signature":"setVisible(b As Boolean)"},{"name":"getVisible","signature":"getVisible As Boolean"},{"name":"On","signature":"On(event As String, args As List)"},{"name":"OnEvent","signature":"OnEvent(event As String, Module As Object, methodName As String, args As List)"},{"name":"DesignerCreateView","signature":"DesignerCreateView (Target As BANanoElement, Props As Map)"},{"name":"setPgIcon","signature":"setPgIcon(s As String)"},{"name":"setPgTitle","signature":"setPgTitle(s As String)"},{"name":"getPgIcon","signature":"getPgIcon As String"},{"name":"getPgTitle","signature":"getPgTitle As String"},{"name":"setPgPath","signature":"setPgPath(s As String)"},{"name":"getPgPath","signature":"getPgPath As String"},{"name":"getPgName","signature":"getPgName As String"},{"name":"setCoverImage","signature":"setCoverImage(sImg As String)"},{"name":"ShowPage","signature":"ShowPage(ionApp As IonicApp, pageName As String) As Boolean"},{"name":"getSelectedPage","signature":"getSelectedPage As String"},{"name":"getHasBackButton","signature":"getHasBackButton As Boolean"},{"name":"getHasFooter","signature":"getHasFooter As Boolean"},{"name":"getHasHeader","signature":"getHasHeader As Boolean"},{"name":"getHasMenuButton","signature":"getHasMenuButton As Boolean"},{"name":"getHasTabs","signature":"getHasTabs As Boolean"},{"name":"getRoot","signature":"getRoot As SHLabel"},{"name":"LinkExisting","signature":"LinkExisting"},{"name":"setParentID","signature":"setParentID(sParentID As String)"},{"name":"getPgIconColor","signature":"getPgIconColor As String"},{"name":"setPgIconColor","signature":"setPgIconColor(s As String)"},{"name":"setTypeOf","signature":"setTypeOf(s As String)"},{"name":"setTitle","signature":"setTitle(s As String)"},{"name":"setPageIcon","signature":"setPageIcon(s As String)"},{"name":"setRouterName","signature":"setRouterName(s As String)"},{"name":"setPath","signature":"setPath(s As String)"},{"name":"setIsPage","signature":"setIsPage(b As Boolean)"},{"name":"setMode","signature":"setMode(s As String)"},{"name":"setHasHeader","signature":"setHasHeader(b As Boolean)"},{"name":"setHeaderTranslucent","signature":"setHeaderTranslucent(b As Boolean)"},{"name":"setToolbarColor","signature":"setToolbarColor(s As String)"},{"name":"setHasLeftButtons","signature":"setHasLeftButtons(b As Boolean)"},{"name":"setHasRightButtons","signature":"setHasRightButtons(b As Boolean)"},{"name":"setTitleColor","signature":"setTitleColor(s As String)"},{"name":"setHasMenuButton","signature":"setHasMenuButton(b As Boolean)"},{"name":"setMenuButtonAutoHide","signature":"setMenuButtonAutoHide(b As Boolean)"},{"name":"setMenuButtonColor","signature":"setMenuButtonColor(s As String)"},{"name":"setMenuId","signature":"setMenuId(s As String)"},{"name":"setHasBackButton","signature":"setHasBackButton(b As Boolean)"},{"name":"setBackButtonHref","signature":"setBackButtonHref(s As String)"},{"name":"setBackButtonIcon","signature":"setBackButtonIcon(s As String)"},{"name":"setBackButtonText","signature":"setBackButtonText(s As String)"},{"name":"setHasContent","signature":"setHasContent(b As Boolean)"},{"name":"setContentIonPadding","signature":"setContentIonPadding(b As Boolean)"},{"name":"setContentText","signature":"setContentText(s As String)"},{"name":"setCenterContent","signature":"setCenterContent(b As Boolean)"},{"name":"setContentFullscreen","signature":"setContentFullscreen(b As Boolean)"},{"name":"setHasTabs","signature":"setHasTabs(b As Boolean)"},{"name":"setHasTabBar","signature":"setHasTabBar(b As Boolean)"},{"name":"setTabBarPosition","signature":"setTabBarPosition(s As String)"},{"name":"setTabBarColor","signature":"setTabBarColor(s As String)"},{"name":"setSelectedTab","signature":"setSelectedTab(s As String)"},{"name":"setTabBarFixedAtBottom","signature":"setTabBarFixedAtBottom(b As Boolean)"},{"name":"setHasList","signature":"setHasList(b As Boolean)"},{"name":"setHasFooter","signature":"setHasFooter(b As Boolean)"},{"name":"setFooterTranslucent","signature":"setFooterTranslucent(b As Boolean)"},{"name":"getParentID","signature":"getParentID As String"},{"name":"getTypeOf","signature":"getTypeOf As String"},{"name":"getTitle","signature":"getTitle As String"},{"name":"getPageIcon","signature":"getPageIcon As String"},{"name":"getRouterName","signature":"getRouterName As String"},{"name":"getPath","signature":"getPath As String"},{"name":"getIsPage","signature":"getIsPage As Boolean"},{"name":"getMode","signature":"getMode As String"},{"name":"getHeaderTranslucent","signature":"getHeaderTranslucent As Boolean"},{"name":"getToolbarColor","signature":"getToolbarColor As String"},{"name":"getHasLeftButtons","signature":"getHasLeftButtons As Boolean"},{"name":"getHasRightButtons","signature":"getHasRightButtons As Boolean"},{"name":"getTitleColor","signature":"getTitleColor As String"},{"name":"getMenuButtonAutoHide","signature":"getMenuButtonAutoHide As Boolean"},{"name":"getMenuButtonColor","signature":"getMenuButtonColor As String"},{"name":"getMenuId","signature":"getMenuId As String"},{"name":"getBackButtonHref","signature":"getBackButtonHref As String"},{"name":"getBackButtonIcon","signature":"getBackButtonIcon As String"},{"name":"getBackButtonText","signature":"getBackButtonText As String"},{"name":"getHasContent","signature":"getHasContent As Boolean"},{"name":"getContentIonPadding","signature":"getContentIonPadding As Boolean"},{"name":"getContentText","signature":"getContentText As String"},{"name":"getCenterContent","signature":"getCenterContent As Boolean"},{"name":"getContentFullscreen","signature":"getContentFullscreen As Boolean"},{"name":"getCoverImage","signature":"getCoverImage As String"},{"name":"getHasTabBar","signature":"getHasTabBar As Boolean"},{"name":"getTabBarPosition","signature":"getTabBarPosition As String"},{"name":"getTabBarColor","signature":"getTabBarColor As String"},{"name":"getSelectedTab","signature":"getSelectedTab As String"},{"name":"getTabBarFixedAtBottom","signature":"getTabBarFixedAtBottom As Boolean"},{"name":"getHasList","signature":"getHasList As Boolean"},{"name":"getFooterTranslucent","signature":"getFooterTranslucent As Boolean"},{"name":"setPageIconColor","signature":"setPageIconColor(s As String)"},{"name":"getPageIconColor","signature":"getPageIconColor As String"},{"name":"getHeaderNoBorder","signature":"getHeaderNoBorder As Boolean"},{"name":"getFooterNoBorder","signature":"getFooterNoBorder As Boolean"},{"name":"setPaddingAXYTBLR","signature":"setPaddingAXYTBLR(s As String)"},{"name":"getPaddingAXYTBLR","signature":"getPaddingAXYTBLR As String"},{"name":"setMarginAXYTBLR","signature":"setMarginAXYTBLR(s As String)"},{"name":"getMarginAXYTBLR","signature":"getMarginAXYTBLR As String"},{"name":"setRawClasses","signature":"setRawClasses(s As String)"},{"name":"getRawClasses","signature":"getRawClasses As String"},{"name":"setRawStyles","signature":"setRawStyles(s As String)"},{"name":"getRawStyles","signature":"getRawStyles As String"},{"name":"setRawAttributes","signature":"setRawAttributes(s As String)"},{"name":"getRawAttributes","signature":"getRawAttributes As String"}]}