{"properties":[{"Key":"ParentID","DisplayName":"ParentID","FieldType":"String","DefaultValue":"","Description":"The ParentID of this component","List":""},{"Key":"TargetID","DisplayName":"TargetID","FieldType":"String","DefaultValue":"","Description":"The TargetID of this component","List":""},{"Key":"Background","DisplayName":"Background","FieldType":"String","DefaultValue":"","Description":"Background Of The Searchbar Input","List":""},{"Key":"BorderRadius","DisplayName":"Border Radius","FieldType":"String","DefaultValue":"","Description":"Border Radius Of The Searchbar Input","List":""},{"Key":"BoxShadow","DisplayName":"Box Shadow","FieldType":"String","DefaultValue":"","Description":"Box Shadow Of The Searchbar Input","List":""},{"Key":"CancelButtonColor","DisplayName":"Cancel Button Color","FieldType":"String","DefaultValue":"","Description":"Color Of The Searchbar Cancel Button","List":""},{"Key":"ClearButtonColor","DisplayName":"Clear Button Color","FieldType":"String","DefaultValue":"","Description":"Color Of The Searchbar Clear Button","List":""},{"Key":"Color","DisplayName":"Color","FieldType":"String","DefaultValue":"","Description":"Color Of The Searchbar Text","List":""},{"Key":"IconColor","DisplayName":"Icon Color","FieldType":"String","DefaultValue":"","Description":"Color Of The Searchbar Icon","List":""},{"Key":"PlaceholderColor","DisplayName":"Placeholder Color","FieldType":"String","DefaultValue":"","Description":"Color Of The Searchbar Placeholder","List":""},{"Key":"PlaceholderFontStyle","DisplayName":"Placeholder Font Style","FieldType":"String","DefaultValue":"","Description":"Font Style Of The Searchbar Placeholder","List":""},{"Key":"PlaceholderFontWeight","DisplayName":"Placeholder Font Weight","FieldType":"String","DefaultValue":"","Description":"Font Weight Of The Searchbar Placeholder","List":""},{"Key":"PlaceholderOpacity","DisplayName":"Placeholder Opacity","FieldType":"String","DefaultValue":"","Description":"Opacity Of The Searchbar Placeholder","List":""},{"Key":"RawClasses","DisplayName":"Classes (;)","FieldType":"String","DefaultValue":"","Description":"Classes added to the HTML tag.","List":""},{"Key":"RawStyles","DisplayName":"Styles (JSON)","FieldType":"String","DefaultValue":"","Description":"Styles added to the HTML tag. Must be a json String use = and ;","List":""}],"events":[],"methods":[{"name":"Class_Globals","signature":"Class_Globals"},{"name":"Initialize","signature":"Initialize (Callback As Object, Name As String, EventName As String)"},{"name":"getElement","signature":"getElement() As BANanoElement"},{"name":"AddComputedStyleMap","signature":"AddComputedStyleMap(ms As Map)"},{"name":"getID","signature":"getID() As String"},{"name":"AddToParent","signature":"AddToParent(targetID As String, props As Map)"},{"name":"setParentID","signature":"setParentID(s As String)"},{"name":"setTargetID","signature":"setTargetID(s As String)"},{"name":"setElement","signature":"setElement(e As BANanoElement)"},{"name":"getHere","signature":"getHere() As String"},{"name":"AddClass","signature":"AddClass(text As String)"},{"name":"RemoveClass","signature":"RemoveClass(text As String)"},{"name":"AddStyleComputed","signature":"AddStyleComputed(attr As String, text As String)"},{"name":"AddStyleMap","signature":"AddStyleMap(ms As Map)"},{"name":"AddStyle","signature":"AddStyle(k As String, v As String)"},{"name":"setRawStyles","signature":"setRawStyles(s As String)"},{"name":"setRawClasses","signature":"setRawClasses(s As String)"},{"name":"getRawStyles","signature":"getRawStyles As String"},{"name":"getRawClasses","signature":"getRawClasses As String"},{"name":"getTargetID","signature":"getTargetID As String"},{"name":"DesignerCreateView","signature":"DesignerCreateView (Target As BANanoElement, Props As Map)"},{"name":"setBackground","signature":"setBackground(s As String)"},{"name":"setBorderRadius","signature":"setBorderRadius(s As String)"},{"name":"setBoxShadow","signature":"setBoxShadow(s As String)"},{"name":"setCancelButtonColor","signature":"setCancelButtonColor(s As String)"},{"name":"setClearButtonColor","signature":"setClearButtonColor(s As String)"},{"name":"setColor","signature":"setColor(s As String)"},{"name":"setIconColor","signature":"setIconColor(s As String)"},{"name":"setPlaceholderColor","signature":"setPlaceholderColor(s As String)"},{"name":"setPlaceholderFontStyle","signature":"setPlaceholderFontStyle(s As String)"},{"name":"setPlaceholderFontWeight","signature":"setPlaceholderFontWeight(s As String)"},{"name":"setPlaceholderOpacity","signature":"setPlaceholderOpacity(s As String)"},{"name":"getBackground","signature":"getBackground As String"},{"name":"getBorderRadius","signature":"getBorderRadius As String"},{"name":"getBoxShadow","signature":"getBoxShadow As String"},{"name":"getCancelButtonColor","signature":"getCancelButtonColor As String"},{"name":"getClearButtonColor","signature":"getClearButtonColor As String"},{"name":"getColor","signature":"getColor As String"},{"name":"getIconColor","signature":"getIconColor As String"},{"name":"getPlaceholderColor","signature":"getPlaceholderColor As String"},{"name":"getPlaceholderFontStyle","signature":"getPlaceholderFontStyle As String"},{"name":"getPlaceholderFontWeight","signature":"getPlaceholderFontWeight As String"},{"name":"getPlaceholderOpacity","signature":"getPlaceholderOpacity As String"}]}