{"properties":[{"Key":"ParentID","DisplayName":"ParentID","FieldType":"String","DefaultValue":"","Description":"The ParentID of this component","List":""},{"Key":"PropertyType","DisplayName":"Property Type","FieldType":"String","DefaultValue":"text-box","Description":"Property Type","List":"check-box|color|date|decimal-number|explanation|number|password|radio-group|range|select|text-area|text-box|time|toggle|segment-group"},{"Key":"FieldName","DisplayName":"Field Name","FieldType":"String","DefaultValue":"","Description":"Field Name","List":""},{"Key":"Title","DisplayName":"Title","FieldType":"String","DefaultValue":"","Description":"Title","List":""},{"Key":"Value","DisplayName":"Value","FieldType":"String","DefaultValue":"","Description":"Value","List":""},{"Key":"DataType","DisplayName":"Data Type","FieldType":"String","DefaultValue":"string","Description":"Data Type","List":"boolean|double|int|string"},{"Key":"Enabled","DisplayName":"Enabled","FieldType":"Boolean","DefaultValue":"True","Description":"Enabled","List":""},{"Key":"Focus","DisplayName":"Focus","FieldType":"Boolean","DefaultValue":"False","Description":"Focus","List":""},{"Key":"Required","DisplayName":"Required","FieldType":"Boolean","DefaultValue":"False","Description":"Required","List":""},{"Key":"Visible","DisplayName":"Visible","FieldType":"Boolean","DefaultValue":"True","Description":"Visible","List":""},{"Key":"Mode","DisplayName":"Mode","FieldType":"String","DefaultValue":"ios","Description":"Mode","List":"ios|md"},{"Key":"RangeStart","DisplayName":"Range Start","FieldType":"String","DefaultValue":"","Description":"Range Start","List":""},{"Key":"RangeEnd","DisplayName":"Range End","FieldType":"String","DefaultValue":"","Description":"Range End","List":""},{"Key":"Interval","DisplayName":"Interval","FieldType":"String","DefaultValue":"","Description":"Interval","List":""},{"Key":"Rows","DisplayName":"Rows","FieldType":"String","DefaultValue":"","Description":"Rows","List":""},{"Key":"RawOptions","DisplayName":"Raw Options","FieldType":"String","DefaultValue":"","Description":"Raw Options","List":""},{"Key":"PaddingAXYTBLR","DisplayName":"Paddings","FieldType":"String","DefaultValue":"a=?; x=?; y=?; t=?; b=?; l=?; r=?","Description":"Paddings A(all)-X(LR)-Y(TB)-T-B-L-R","List":""},{"Key":"MarginAXYTBLR","DisplayName":"Margins","FieldType":"String","DefaultValue":"a=?; x=?; y=?; t=?; b=?; l=?; r=?","Description":"Margins A(all)-X(LR)-Y(TB)-T-B-L-R","List":""},{"Key":"RawClasses","DisplayName":"Classes (;)","FieldType":"String","DefaultValue":"","Description":"Classes added to the HTML tag.","List":""},{"Key":"RawStyles","DisplayName":"Styles (JSON)","FieldType":"String","DefaultValue":"","Description":"Styles added to the HTML tag. Must be a json String use = and ;","List":""},{"Key":"RawAttributes","DisplayName":"Attributes (JSON)","FieldType":"String","DefaultValue":"","Description":"Attributes added to the HTML tag. Must be a json String use = and ;","List":""}],"events":[],"methods":[{"name":"Class_Globals","signature":"Class_Globals"},{"name":"Initialize","signature":"Initialize (Callback As Object, Name As String, EventName As String)"},{"name":"getElement","signature":"getElement() As BANanoElement"},{"name":"getID","signature":"getID() As String"},{"name":"AddToParent","signature":"AddToParent(targetID As String, props As Map)"},{"name":"Remove","signature":"Remove()"},{"name":"setElement","signature":"setElement(e As BANanoElement)"},{"name":"Clear","signature":"Clear"},{"name":"LinkExisting","signature":"LinkExisting"},{"name":"TriggerEvent","signature":"TriggerEvent(event As String, params() As String)"},{"name":"getHere","signature":"getHere() As String"},{"name":"AddAttr","signature":"AddAttr(attr As String, text As Object)"},{"name":"AddDataAttr","signature":"AddDataAttr(attr As String, text As String)"},{"name":"GetDataAttr","signature":"GetDataAttr(attr As String) As String"},{"name":"GetAttr","signature":"GetAttr(attr As String) As String"},{"name":"AddClass","signature":"AddClass(text As String)"},{"name":"RemoveClass","signature":"RemoveClass(text As String)"},{"name":"AddAttrMap","signature":"AddAttrMap(ms As Map)"},{"name":"RemoveAttr","signature":"RemoveAttr(attr As String)"},{"name":"setVisible","signature":"setVisible(b As Boolean)"},{"name":"getVisible","signature":"getVisible As Boolean"},{"name":"getRoot","signature":"getRoot As SHLabel"},{"name":"setValue","signature":"setValue(text As String)"},{"name":"getValue","signature":"getValue As String"},{"name":"DesignerCreateView","signature":"DesignerCreateView (Target As BANanoElement, Props As Map)"},{"name":"setMode","signature":"setMode(s As String)"},{"name":"setDataType","signature":"setDataType(s As String)"},{"name":"setEnabled","signature":"setEnabled(b As Boolean)"},{"name":"setFieldName","signature":"setFieldName(s As String)"},{"name":"setFocus","signature":"setFocus(b As Boolean)"},{"name":"setInterval","signature":"setInterval(s As String)"},{"name":"setPropertyType","signature":"setPropertyType(s As String)"},{"name":"setRangeEnd","signature":"setRangeEnd(s As String)"},{"name":"setRangeStart","signature":"setRangeStart(s As String)"},{"name":"setRawOptions","signature":"setRawOptions(s As String)"},{"name":"setRequired","signature":"setRequired(b As Boolean)"},{"name":"setRows","signature":"setRows(s As String)"},{"name":"setTitle","signature":"setTitle(s As String)"},{"name":"getDataType","signature":"getDataType As String"},{"name":"getEnabled","signature":"getEnabled As Boolean"},{"name":"getFieldName","signature":"getFieldName As String"},{"name":"getFocus","signature":"getFocus As Boolean"},{"name":"getInterval","signature":"getInterval As String"},{"name":"getPropertyType","signature":"getPropertyType As String"},{"name":"getRangeEnd","signature":"getRangeEnd As String"},{"name":"getRangeStart","signature":"getRangeStart As String"},{"name":"getRawOptions","signature":"getRawOptions As String"},{"name":"getRequired","signature":"getRequired As Boolean"},{"name":"getRows","signature":"getRows As String"},{"name":"getTitle","signature":"getTitle As String"},{"name":"setParentID","signature":"setParentID(sParentID As String)"},{"name":"getParentID","signature":"getParentID As String"},{"name":"getMode","signature":"getMode As String"},{"name":"setPaddingAXYTBLR","signature":"setPaddingAXYTBLR(s As String)"},{"name":"getPaddingAXYTBLR","signature":"getPaddingAXYTBLR As String"},{"name":"setMarginAXYTBLR","signature":"setMarginAXYTBLR(s As String)"},{"name":"getMarginAXYTBLR","signature":"getMarginAXYTBLR As String"},{"name":"setRawClasses","signature":"setRawClasses(s As String)"},{"name":"getRawClasses","signature":"getRawClasses As String"},{"name":"setRawStyles","signature":"setRawStyles(s As String)"},{"name":"getRawStyles","signature":"getRawStyles As String"},{"name":"setRawAttributes","signature":"setRawAttributes(s As String)"},{"name":"getRawAttributes","signature":"getRawAttributes As String"}]}