{"properties":[{"Key":"ParentID","DisplayName":"ParentID","FieldType":"String","DefaultValue":"","Description":"The ParentID of this component","List":""},{"Key":"Animated","DisplayName":"Animated","FieldType":"Boolean","DefaultValue":"True","Description":"Animated","List":""},{"Key":"Autocomplete","DisplayName":"Autocomplete","FieldType":"String","DefaultValue":"off","Description":"Autocomplete","List":"additional-name|address-level1|address-level2|address-level3|address-level4|address-line1|address-line2|address-line3|bday|bday-day|bday-month|bday-year|cc-additional-name|cc-csc|cc-exp|cc-exp-month|cc-exp-year|cc-family-name|cc-given-name|cc-name|cc-number|cc-type|country|country-name|current-password|email|family-name|given-name|honorific-prefix|honorific-suffix|impp|language|name|new-password|nickname|off|on|one-time-code|organization|organization-title|photo|postal-code|sex|street-address|tel|tel-area-code|tel-country-code|tel-extension|tel-local|tel-national|transaction-amount|transaction-currency|url|username"},{"Key":"Autocorrect","DisplayName":"Autocorrect","FieldType":"String","DefaultValue":"off","Description":"Autocorrect","List":"off|on"},{"Key":"CancelButtonIcon","DisplayName":"Cancel Button Icon","FieldType":"String","DefaultValue":"","Description":"Cancel Button Icon","List":""},{"Key":"CancelButtonText","DisplayName":"Cancel Button Text","FieldType":"String","DefaultValue":"Cancel","Description":"Cancel Button Text","List":""},{"Key":"ClearIcon","DisplayName":"Clear Icon","FieldType":"String","DefaultValue":"","Description":"Clear Icon","List":""},{"Key":"Color","DisplayName":"Color","FieldType":"String","DefaultValue":"none","Description":"Color","List":"danger|dark|light|medium|none|primary|secondary|success|tertiary|warning"},{"Key":"Debounce","DisplayName":"Debounce","FieldType":"String","DefaultValue":"","Description":"Debounce","List":""},{"Key":"Disabled","DisplayName":"Disabled","FieldType":"Boolean","DefaultValue":"False","Description":"Disabled","List":""},{"Key":"Enterkeyhint","DisplayName":"Enterkeyhint","FieldType":"String","DefaultValue":"none","Description":"Enterkeyhint","List":"done|enter|go|next|none|previous|search|send|undefined"},{"Key":"Inputmode","DisplayName":"Inputmode","FieldType":"String","DefaultValue":"none","Description":"Inputmode","List":"decimal|email|none|numeric|search|tel|text|url"},{"Key":"Mode","DisplayName":"Mode","FieldType":"String","DefaultValue":"ios","Description":"Mode","List":"ios|md"},{"Key":"Name","DisplayName":"Name","FieldType":"String","DefaultValue":"","Description":"Name","List":""},{"Key":"Placeholder","DisplayName":"Placeholder","FieldType":"String","DefaultValue":"Search","Description":"Placeholder","List":""},{"Key":"SearchIcon","DisplayName":"Search Icon","FieldType":"String","DefaultValue":"","Description":"Search Icon","List":""},{"Key":"ShowCancelButton","DisplayName":"Show Cancel Button","FieldType":"String","DefaultValue":"never","Description":"Show Cancel Button","List":"always|focus|never"},{"Key":"ShowClearButton","DisplayName":"Show Clear Button","FieldType":"String","DefaultValue":"always","Description":"Show Clear Button","List":"always|focus|never"},{"Key":"Spellcheck","DisplayName":"Spellcheck","FieldType":"Boolean","DefaultValue":"False","Description":"Spellcheck","List":""},{"Key":"TypeOf","DisplayName":"Type Of","FieldType":"String","DefaultValue":"search","Description":"Type Of","List":"email|number|password|search|tel|text|url"},{"Key":"Value","DisplayName":"Value","FieldType":"String","DefaultValue":"","Description":"Value","List":""},{"Key":"Visible","DisplayName":"Visible","FieldType":"Boolean","DefaultValue":"True","Description":"If visible.","List":""},{"Key":"PaddingAXYTBLR","DisplayName":"Paddings","FieldType":"String","DefaultValue":"a=?; x=?; y=?; t=?; b=?; l=?; r=?","Description":"Paddings A(all)-X(LR)-Y(TB)-T-B-L-R","List":""},{"Key":"MarginAXYTBLR","DisplayName":"Margins","FieldType":"String","DefaultValue":"a=?; x=?; y=?; t=?; b=?; l=?; r=?","Description":"Margins A(all)-X(LR)-Y(TB)-T-B-L-R","List":""},{"Key":"RawClasses","DisplayName":"Classes (;)","FieldType":"String","DefaultValue":"","Description":"Classes added to the HTML tag.","List":""},{"Key":"RawStyles","DisplayName":"Styles (JSON)","FieldType":"String","DefaultValue":"","Description":"Styles added to the HTML tag. Must be a json String use = and ;","List":""},{"Key":"RawAttributes","DisplayName":"Attributes (JSON)","FieldType":"String","DefaultValue":"","Description":"Attributes added to the HTML tag. Must be a json String use = and ;","List":""}],"events":[{"name":"IonBlur (e As BANanoEvent)"},{"name":"IonCancel (e As BANanoEvent)"},{"name":"IonChange (e As BANanoEvent)"},{"name":"IonClear (e As BANanoEvent)"},{"name":"IonFocus (e As BANanoEvent)"},{"name":"IonInput (e As BANanoEvent)"}],"methods":[{"name":"Class_Globals","signature":"Class_Globals"},{"name":"Initialize","signature":"Initialize (Callback As Object, Name As String, EventName As String)"},{"name":"getElement","signature":"getElement() As BANanoElement"},{"name":"getID","signature":"getID() As String"},{"name":"AddToParent","signature":"AddToParent(targetID As String, props As Map)"},{"name":"Remove","signature":"Remove()"},{"name":"TriggerEvent","signature":"TriggerEvent(event As String, params() As String)"},{"name":"getHere","signature":"getHere() As String"},{"name":"SetAttr","signature":"SetAttr(attr As String, text As String)"},{"name":"SetDataAttr","signature":"SetDataAttr(attr As String, text As String)"},{"name":"GetDataAttr","signature":"GetDataAttr(attr As String) As String"},{"name":"GetAttr","signature":"GetAttr(attr As String) As String"},{"name":"AddClass","signature":"AddClass(text As String)"},{"name":"RemoveClass","signature":"RemoveClass(text As String)"},{"name":"AddAttr","signature":"AddAttr(ms As Map)"},{"name":"RemoveAttr","signature":"RemoveAttr(attr As String)"},{"name":"AddStyleComputed","signature":"AddStyleComputed(attr As String, text As String)"},{"name":"AddStyle","signature":"AddStyle(ms As Map)"},{"name":"setVisible","signature":"setVisible(b As Boolean)"},{"name":"getVisible","signature":"getVisible As Boolean"},{"name":"On","signature":"On(event As String, args As List)"},{"name":"OnEvent","signature":"OnEvent(event As String, Module As Object, methodName As String, args As List)"},{"name":"setValue","signature":"setValue(text As String)"},{"name":"getValue","signature":"getValue As String"},{"name":"DesignerCreateView","signature":"DesignerCreateView (Target As BANanoElement, Props As Map)"},{"name":"setParentID","signature":"setParentID(sParentID As String)"},{"name":"getInputElement","signature":"getInputElement() As BANanoPromise"},{"name":"setFocus","signature":"setFocus() As BANanoPromise"},{"name":"setAnimated","signature":"setAnimated(b As Boolean)"},{"name":"setAutocomplete","signature":"setAutocomplete(s As String)"},{"name":"setAutocorrect","signature":"setAutocorrect(s As String)"},{"name":"setCancelButtonIcon","signature":"setCancelButtonIcon(s As String)"},{"name":"setCancelButtonText","signature":"setCancelButtonText(s As String)"},{"name":"setClearIcon","signature":"setClearIcon(s As String)"},{"name":"setColor","signature":"setColor(s As String)"},{"name":"setDebounce","signature":"setDebounce(s As String)"},{"name":"setDisabled","signature":"setDisabled(b As Boolean)"},{"name":"setEnterkeyhint","signature":"setEnterkeyhint(s As String)"},{"name":"setInputmode","signature":"setInputmode(s As String)"},{"name":"setMode","signature":"setMode(s As String)"},{"name":"setName","signature":"setName(s As String)"},{"name":"setPlaceholder","signature":"setPlaceholder(s As String)"},{"name":"setSearchIcon","signature":"setSearchIcon(s As String)"},{"name":"setShowCancelButton","signature":"setShowCancelButton(s As String)"},{"name":"setShowClearButton","signature":"setShowClearButton(s As String)"},{"name":"setSpellcheck","signature":"setSpellcheck(b As Boolean)"},{"name":"setTypeOf","signature":"setTypeOf(s As String)"},{"name":"getAnimated","signature":"getAnimated As Boolean"},{"name":"getAutocomplete","signature":"getAutocomplete As String"},{"name":"getAutocorrect","signature":"getAutocorrect As String"},{"name":"getCancelButtonIcon","signature":"getCancelButtonIcon As String"},{"name":"getCancelButtonText","signature":"getCancelButtonText As String"},{"name":"getClearIcon","signature":"getClearIcon As String"},{"name":"getColor","signature":"getColor As String"},{"name":"getDebounce","signature":"getDebounce As String"},{"name":"getDisabled","signature":"getDisabled As Boolean"},{"name":"getEnterkeyhint","signature":"getEnterkeyhint As String"},{"name":"getInputmode","signature":"getInputmode As String"},{"name":"getMode","signature":"getMode As String"},{"name":"getName","signature":"getName As String"},{"name":"getPlaceholder","signature":"getPlaceholder As String"},{"name":"getSearchIcon","signature":"getSearchIcon As String"},{"name":"getShowCancelButton","signature":"getShowCancelButton As String"},{"name":"getShowClearButton","signature":"getShowClearButton As String"},{"name":"getSpellcheck","signature":"getSpellcheck As Boolean"},{"name":"getTypeOf","signature":"getTypeOf As String"},{"name":"getRoot","signature":"getRoot As SHLabel"},{"name":"LinkExisting","signature":"LinkExisting"},{"name":"getParentID","signature":"getParentID As String"},{"name":"setPaddingAXYTBLR","signature":"setPaddingAXYTBLR(s As String)"},{"name":"getPaddingAXYTBLR","signature":"getPaddingAXYTBLR As String"},{"name":"setMarginAXYTBLR","signature":"setMarginAXYTBLR(s As String)"},{"name":"getMarginAXYTBLR","signature":"getMarginAXYTBLR As String"},{"name":"setRawClasses","signature":"setRawClasses(s As String)"},{"name":"getRawClasses","signature":"getRawClasses As String"},{"name":"setRawStyles","signature":"setRawStyles(s As String)"},{"name":"getRawStyles","signature":"getRawStyles As String"},{"name":"setRawAttributes","signature":"setRawAttributes(s As String)"},{"name":"getRawAttributes","signature":"getRawAttributes As String"}]}