{"properties":[{"Key":"ParentID","DisplayName":"ParentID","FieldType":"String","DefaultValue":"","Description":"The ParentID of this component","List":""},{"Key":"HasHeader","DisplayName":"Has Header","FieldType":"Boolean","DefaultValue":"False","Description":"Has Header","List":""},{"Key":"HeaderNoBorder","DisplayName":"Header No Border","FieldType":"Boolean","DefaultValue":"False","Description":"Header No Border","List":""},{"Key":"HeaderTranslucent","DisplayName":"Header Translucent","FieldType":"Boolean","DefaultValue":"False","Description":"Header Translucent","List":""},{"Key":"ToolbarColor","DisplayName":"Toolbar Color","FieldType":"String","DefaultValue":"none","Description":"Toolbar Color","List":"danger|dark|light|medium|none|primary|secondary|success|tertiary|warning"},{"Key":"Title","DisplayName":"Header Title","FieldType":"String","DefaultValue":"","Description":"Header Title","List":""},{"Key":"TitleColor","DisplayName":"Title Color","FieldType":"String","DefaultValue":"none","Description":"Title Color","List":"danger|dark|light|medium|none|primary|secondary|success|tertiary|warning"},{"Key":"HasMenuButton","DisplayName":"Has Menu Button","FieldType":"Boolean","DefaultValue":"False","Description":"Has Menu Button","List":""},{"Key":"MenuButtonAutoHide","DisplayName":"Menu Button Auto Hide","FieldType":"Boolean","DefaultValue":"True","Description":"Menu Button Auto Hide","List":""},{"Key":"MenuButtonColor","DisplayName":"Menu Button Color","FieldType":"String","DefaultValue":"","Description":"Menu Button Color","List":"danger|dark|light|medium|none|primary|secondary|success|tertiary|warning"},{"Key":"MenuId","DisplayName":"Menu Id","FieldType":"String","DefaultValue":"","Description":"Menu Id","List":""},{"Key":"HasBackButton","DisplayName":"Has Back Button","FieldType":"Boolean","DefaultValue":"False","Description":"Has Back Button","List":""},{"Key":"BackButtonHref","DisplayName":"Back Button Href","FieldType":"String","DefaultValue":"/","Description":"Back Button Href","List":""},{"Key":"BackButtonIcon","DisplayName":"Back Button Icon","FieldType":"String","DefaultValue":"","Description":"Back Button Icon","List":""},{"Key":"BackButtonText","DisplayName":"Back Button Text","FieldType":"String","DefaultValue":"Back","Description":"Back Button Text","List":""},{"Key":"CancelVisible","DisplayName":"Cancel Visible","FieldType":"Boolean","DefaultValue":"True","Description":"Cancel Visible","List":""},{"Key":"CancelText","DisplayName":"Cancel Text","FieldType":"String","DefaultValue":"Cancel","Description":"Cancel Text","List":""},{"Key":"ConfirmText","DisplayName":"Confirm Text","FieldType":"String","DefaultValue":"Confirm","Description":"Confirm Text","List":""},{"Key":"HasContent","DisplayName":"Has Content","FieldType":"Boolean","DefaultValue":"True","Description":"Has Content","List":""},{"Key":"ContentIonPadding","DisplayName":"Content Ion Padding","FieldType":"Boolean","DefaultValue":"False","Description":"Content Ion Padding","List":""},{"Key":"ContentText","DisplayName":"Content Text","FieldType":"String","DefaultValue":"","Description":"Content Text","List":""},{"Key":"CenterContent","DisplayName":"CenterContent","FieldType":"Boolean","DefaultValue":"False","Description":"Center Content","List":""},{"Key":"HasList","DisplayName":"Has List","FieldType":"Boolean","DefaultValue":"False","Description":"Has List","List":""},{"Key":"HasFooter","DisplayName":"Has Footer","FieldType":"Boolean","DefaultValue":"False","Description":"Has Footer","List":""},{"Key":"FooterNoBorder","DisplayName":"Footer No Border","FieldType":"Boolean","DefaultValue":"False","Description":"Footer No Border","List":""},{"Key":"FooterTranslucent","DisplayName":"Footer Translucent","FieldType":"Boolean","DefaultValue":"False","Description":"Footer Translucent","List":""},{"Key":"Visible","DisplayName":"Visible","FieldType":"Boolean","DefaultValue":"True","Description":"If visible.","List":""},{"Key":"Animated","DisplayName":"Animated","FieldType":"Boolean","DefaultValue":"True","Description":"Animated","List":""},{"Key":"CssClass","DisplayName":"Css Class","FieldType":"String","DefaultValue":"","Description":"Css Class","List":""},{"Key":"BackdropBreakpoint","DisplayName":"Backdrop Breakpoint","FieldType":"String","DefaultValue":"0","Description":"Backdrop Breakpoint","List":""},{"Key":"BackdropDismiss","DisplayName":"Backdrop Dismiss","FieldType":"Boolean","DefaultValue":"True","Description":"Backdrop Dismiss","List":""},{"Key":"CanDismiss","DisplayName":"Can Dismiss","FieldType":"Boolean","DefaultValue":"True","Description":"Can Dismiss","List":""},{"Key":"EnterAnimation","DisplayName":"Enter Animation","FieldType":"String","DefaultValue":"","Description":"Enter Animation","List":""},{"Key":"Handle","DisplayName":"Handle","FieldType":"Boolean","DefaultValue":"False","Description":"Handle","List":""},{"Key":"HandleBehavior","DisplayName":"Handle Behavior","FieldType":"String","DefaultValue":"none","Description":"Handle Behavior","List":"cycle|none"},{"Key":"Breakpoints","DisplayName":"Breakpoints (;)","FieldType":"String","DefaultValue":"","Descripttion":"Breakpoints (;)","List":""},{"Key":"InitialBreakpoint","DisplayName":"Initial Breakpoint","FieldType":"String","DefaultValue":"","Description":"Initial Breakpoint","List":""},{"Key":"IsOpen","DisplayName":"Is Open","FieldType":"Boolean","DefaultValue":"False","Description":"Is Open","List":""},{"Key":"KeepContentsMounted","DisplayName":"Keep Contents Mounted","FieldType":"Boolean","DefaultValue":"False","Description":"Keep Contents Mounted","List":""},{"Key":"KeyboardClose","DisplayName":"Keyboard Close","FieldType":"Boolean","DefaultValue":"True","Description":"Keyboard Close","List":""},{"Key":"LeaveAnimation","DisplayName":"Leave Animation","FieldType":"String","DefaultValue":"","Description":"Leave Animation","List":""},{"Key":"Mode","DisplayName":"Mode","FieldType":"String","DefaultValue":"ios","Description":"Mode","List":"ios|md"},{"Key":"PresentingElement","DisplayName":"Presenting Element","FieldType":"String","DefaultValue":"","Description":"Presenting Element","List":""},{"Key":"ShowBackdrop","DisplayName":"Show Backdrop","FieldType":"Boolean","DefaultValue":"True","Description":"Show Backdrop","List":""},{"Key":"Trigger","DisplayName":"Trigger","FieldType":"String","DefaultValue":"","Description":"Trigger","List":""},{"Key":"PaddingAXYTBLR","DisplayName":"Paddings","FieldType":"String","DefaultValue":"a=?; x=?; y=?; t=?; b=?; l=?; r=?","Description":"Paddings A(all)-X(LR)-Y(TB)-T-B-L-R","List":""},{"Key":"MarginAXYTBLR","DisplayName":"Margins","FieldType":"String","DefaultValue":"a=?; x=?; y=?; t=?; b=?; l=?; r=?","Description":"Margins A(all)-X(LR)-Y(TB)-T-B-L-R","List":""},{"Key":"RawClasses","DisplayName":"Classes (;)","FieldType":"String","DefaultValue":"","Description":"Classes added to the HTML tag.","List":""},{"Key":"RawStyles","DisplayName":"Styles (JSON)","FieldType":"String","DefaultValue":"","Description":"Styles added to the HTML tag. Must be a json String use = and ;","List":""},{"Key":"RawAttributes","DisplayName":"Attributes (JSON)","FieldType":"String","DefaultValue":"","Description":"Attributes added to the HTML tag. Must be a json String use = and ;","List":""}],"events":[{"name":"Cancel_Click (e As BANanoEvent)"},{"name":"Confirm_Click (data As Map)"},{"name":"Back_Click (e As BANanoEvent)"},{"name":"Menu_Click (e As BANanoEvent)"},{"name":"DidDismiss (e As BANanoEvent)"},{"name":"DidPresent (e As BANanoEvent)"},{"name":"IonBreakpointDidChange (e As BANanoEvent)"},{"name":"WillDismiss (role As String, data As Map)"},{"name":"WillPresent (e As BANanoEvent)"}],"methods":[{"name":"Class_Globals","signature":"Class_Globals"},{"name":"Initialize","signature":"Initialize (Callback As Object, Name As String, EventName As String)"},{"name":"setHeaderNoBorder","signature":"setHeaderNoBorder(b As Boolean)"},{"name":"setFooterNoBorder","signature":"setFooterNoBorder(b As Boolean)"},{"name":"setConfirmText","signature":"setConfirmText(s As String)"},{"name":"setCancelText","signature":"setCancelText(s As String)"},{"name":"setBackButtonText","signature":"setBackButtonText(s As String)"},{"name":"setTitle","signature":"setTitle(s As String)"},{"name":"getElement","signature":"getElement() As BANanoElement"},{"name":"getID","signature":"getID() As String"},{"name":"AddToParent","signature":"AddToParent(targetID As String, props As Map)"},{"name":"Remove","signature":"Remove()"},{"name":"setElement","signature":"setElement(e As BANanoElement)"},{"name":"LinkExisting","signature":"LinkExisting(bEvents As Boolean)"},{"name":"TriggerEvent","signature":"TriggerEvent(event As String, params() As String)"},{"name":"getHere","signature":"getHere() As String"},{"name":"SetAttr","signature":"SetAttr(attr As String, text As String)"},{"name":"SetDataAttr","signature":"SetDataAttr(attr As String, text As String)"},{"name":"GetDataAttr","signature":"GetDataAttr(attr As String) As String"},{"name":"GetAttr","signature":"GetAttr(attr As String) As String"},{"name":"AddClass","signature":"AddClass(text As String)"},{"name":"RemoveClass","signature":"RemoveClass(text As String)"},{"name":"AddAttr","signature":"AddAttr(ms As Map)"},{"name":"RemoveAttr","signature":"RemoveAttr(attr As String)"},{"name":"AddStyleComputed","signature":"AddStyleComputed(attr As String, text As String)"},{"name":"AddStyle","signature":"AddStyle(ms As Map)"},{"name":"setVisible","signature":"setVisible(b As Boolean)"},{"name":"getVisible","signature":"getVisible As Boolean"},{"name":"On","signature":"On(event As String, args As List)"},{"name":"OnEvent","signature":"OnEvent(event As String, Module As Object, methodName As String, args As List)"},{"name":"DesignerCreateView","signature":"DesignerCreateView (Target As BANanoElement, Props As Map)"},{"name":"ShowConfirm","signature":"ShowConfirm(sProcess As String, xTitle As String, xSubTitle As String, Message As String, ConfirmText As String, CancelText As String)"},{"name":"ShowAlert","signature":"ShowAlert(sProcess As String, xTitle As String, sSubTitle As String, Message As String, ConfirmText As String)"},{"name":"setParentID","signature":"setParentID(sParentID As String)"},{"name":"Confirm","signature":"Confirm(data As Object)"},{"name":"Cancel","signature":"Cancel"},{"name":"dismiss","signature":"dismiss(data As Object, role As String) As BANanoPromise"},{"name":"getCurrentBreakpoint","signature":"getCurrentBreakpoint() As BANanoPromise"},{"name":"onDidDismiss","signature":"onDidDismiss() As BANanoPromise"},{"name":"onWillDismiss","signature":"onWillDismiss() As BANanoPromise"},{"name":"present","signature":"present() As BANanoPromise"},{"name":"setCurrentBreakpoint","signature":"setCurrentBreakpoint(value As Double) As BANanoPromise"},{"name":"setAnimated","signature":"setAnimated(b As Boolean)"},{"name":"setBackdropBreakpoint","signature":"setBackdropBreakpoint(s As String)"},{"name":"setBackdropDismiss","signature":"setBackdropDismiss(b As Boolean)"},{"name":"SetBreakpointsActual","signature":"SetBreakpointsActual(s As List)"},{"name":"RemoveBreakPoints","signature":"RemoveBreakPoints"},{"name":"setBreakpoints","signature":"setBreakpoints(s As String)"},{"name":"setCanDismiss","signature":"setCanDismiss(b As Boolean)"},{"name":"setEnterAnimation","signature":"setEnterAnimation(s As String)"},{"name":"setHandle","signature":"setHandle(b As Boolean)"},{"name":"setHandleBehavior","signature":"setHandleBehavior(s As String)"},{"name":"setHtmlAttributes","signature":"setHtmlAttributes(s As Map)"},{"name":"setInitialBreakpoint","signature":"setInitialBreakpoint(s As String)"},{"name":"setIsOpen","signature":"setIsOpen(b As Boolean)"},{"name":"setKeepContentsMounted","signature":"setKeepContentsMounted(b As Boolean)"},{"name":"setKeyboardClose","signature":"setKeyboardClose(b As Boolean)"},{"name":"setLeaveAnimation","signature":"setLeaveAnimation(s As String)"},{"name":"setMode","signature":"setMode(s As String)"},{"name":"setPresentingElement","signature":"setPresentingElement(s As String)"},{"name":"setShowBackdrop","signature":"setShowBackdrop(b As Boolean)"},{"name":"setTrigger","signature":"setTrigger(s As String)"},{"name":"getAnimated","signature":"getAnimated As Boolean"},{"name":"getBackdropBreakpoint","signature":"getBackdropBreakpoint As String"},{"name":"getBackdropDismiss","signature":"getBackdropDismiss As Boolean"},{"name":"getBreakpoints","signature":"getBreakpoints As String"},{"name":"getCanDismiss","signature":"getCanDismiss As Boolean"},{"name":"getEnterAnimation","signature":"getEnterAnimation As String"},{"name":"getHandle","signature":"getHandle As Boolean"},{"name":"getHandleBehavior","signature":"getHandleBehavior As String"},{"name":"getHtmlAttributes","signature":"getHtmlAttributes As Map"},{"name":"getInitialBreakpoint","signature":"getInitialBreakpoint As String"},{"name":"getIsOpen","signature":"getIsOpen As Boolean"},{"name":"getKeepContentsMounted","signature":"getKeepContentsMounted As Boolean"},{"name":"getKeyboardClose","signature":"getKeyboardClose As Boolean"},{"name":"getLeaveAnimation","signature":"getLeaveAnimation As String"},{"name":"getMode","signature":"getMode As String"},{"name":"getPresentingElement","signature":"getPresentingElement As String"},{"name":"getShowBackdrop","signature":"getShowBackdrop As Boolean"},{"name":"getTrigger","signature":"getTrigger As String"},{"name":"getRoot","signature":"getRoot As SHLabel"},{"name":"getHasBackButton","signature":"getHasBackButton As Boolean"},{"name":"getHasFooter","signature":"getHasFooter As Boolean"},{"name":"getHasHeader","signature":"getHasHeader As Boolean"},{"name":"getHasMenuButton","signature":"getHasMenuButton As Boolean"},{"name":"setHasHeader","signature":"setHasHeader(b As Boolean)"},{"name":"setHeaderTranslucent","signature":"setHeaderTranslucent(b As Boolean)"},{"name":"setToolbarColor","signature":"setToolbarColor(s As String)"},{"name":"setTitleColor","signature":"setTitleColor(s As String)"},{"name":"setHasMenuButton","signature":"setHasMenuButton(b As Boolean)"},{"name":"setMenuButtonAutoHide","signature":"setMenuButtonAutoHide(b As Boolean)"},{"name":"setMenuButtonColor","signature":"setMenuButtonColor(s As String)"},{"name":"setMenuId","signature":"setMenuId(s As String)"},{"name":"setHasBackButton","signature":"setHasBackButton(b As Boolean)"},{"name":"setBackButtonHref","signature":"setBackButtonHref(s As String)"},{"name":"setBackButtonIcon","signature":"setBackButtonIcon(s As String)"},{"name":"setHasContent","signature":"setHasContent(b As Boolean)"},{"name":"setContentIonPadding","signature":"setContentIonPadding(b As Boolean)"},{"name":"setContentText","signature":"setContentText(s As String)"},{"name":"setCenterContent","signature":"setCenterContent(b As Boolean)"},{"name":"setHasList","signature":"setHasList(b As Boolean)"},{"name":"setHasFooter","signature":"setHasFooter(b As Boolean)"},{"name":"setFooterTranslucent","signature":"setFooterTranslucent(b As Boolean)"},{"name":"setCancelVisible","signature":"setCancelVisible(b As Boolean)"},{"name":"getParentID","signature":"getParentID As String"},{"name":"getHeaderNoBorder","signature":"getHeaderNoBorder As Boolean"},{"name":"getHeaderTranslucent","signature":"getHeaderTranslucent As Boolean"},{"name":"getToolbarColor","signature":"getToolbarColor As String"},{"name":"getTitle","signature":"getTitle As String"},{"name":"getTitleColor","signature":"getTitleColor As String"},{"name":"getMenuButtonAutoHide","signature":"getMenuButtonAutoHide As Boolean"},{"name":"getMenuButtonColor","signature":"getMenuButtonColor As String"},{"name":"getMenuId","signature":"getMenuId As String"},{"name":"getBackButtonHref","signature":"getBackButtonHref As String"},{"name":"getBackButtonIcon","signature":"getBackButtonIcon As String"},{"name":"getBackButtonText","signature":"getBackButtonText As String"},{"name":"getHasContent","signature":"getHasContent As Boolean"},{"name":"getContentIonPadding","signature":"getContentIonPadding As Boolean"},{"name":"getContentText","signature":"getContentText As String"},{"name":"getCenterContent","signature":"getCenterContent As Boolean"},{"name":"getHasList","signature":"getHasList As Boolean"},{"name":"getFooterNoBorder","signature":"getFooterNoBorder As Boolean"},{"name":"getFooterTranslucent","signature":"getFooterTranslucent As Boolean"},{"name":"getCancelVisible","signature":"getCancelVisible As Boolean"},{"name":"getCancelText","signature":"getCancelText As String"},{"name":"getConfirmText","signature":"getConfirmText As String"},{"name":"getCssClass","signature":"getCssClass As String"},{"name":"setCssClass","signature":"setCssClass(s As String)"},{"name":"setPaddingAXYTBLR","signature":"setPaddingAXYTBLR(s As String)"},{"name":"getPaddingAXYTBLR","signature":"getPaddingAXYTBLR As String"},{"name":"setMarginAXYTBLR","signature":"setMarginAXYTBLR(s As String)"},{"name":"getMarginAXYTBLR","signature":"getMarginAXYTBLR As String"},{"name":"setRawClasses","signature":"setRawClasses(s As String)"},{"name":"getRawClasses","signature":"getRawClasses As String"},{"name":"setRawStyles","signature":"setRawStyles(s As String)"},{"name":"getRawStyles","signature":"getRawStyles As String"},{"name":"setRawAttributes","signature":"setRawAttributes(s As String)"},{"name":"getRawAttributes","signature":"getRawAttributes As String"}]}