{"properties":[{"Key":"ParentID","DisplayName":"ParentID","FieldType":"String","DefaultValue":"","Description":"The ParentID of this component","List":""},{"Key":"PullingIcon","DisplayName":"Pulling Icon","FieldType":"String","DefaultValue":"","Description":"Pulling Icon","List":""},{"Key":"PullingText","DisplayName":"Pulling Text","FieldType":"String","DefaultValue":"","Description":"Pulling Text","List":""},{"Key":"RefreshingSpinner","DisplayName":"Refreshing Spinner","FieldType":"String","DefaultValue":"none","Description":"Refreshing Spinner","List":"bubbles|circles|circular|crescent|dots|lines|lines-sharp|lines-sharp-small|lines-small|none"},{"Key":"RefreshingText","DisplayName":"Refreshing Text","FieldType":"String","DefaultValue":"","Description":"Refreshing Text","List":""},{"Key":"Visible","DisplayName":"Visible","FieldType":"Boolean","DefaultValue":"True","Description":"If visible.","List":""},{"Key":"PaddingAXYTBLR","DisplayName":"Paddings","FieldType":"String","DefaultValue":"a=?; x=?; y=?; t=?; b=?; l=?; r=?","Description":"Paddings A(all)-X(LR)-Y(TB)-T-B-L-R","List":""},{"Key":"MarginAXYTBLR","DisplayName":"Margins","FieldType":"String","DefaultValue":"a=?; x=?; y=?; t=?; b=?; l=?; r=?","Description":"Margins A(all)-X(LR)-Y(TB)-T-B-L-R","List":""},{"Key":"RawClasses","DisplayName":"Classes (;)","FieldType":"String","DefaultValue":"","Description":"Classes added to the HTML tag.","List":""},{"Key":"RawStyles","DisplayName":"Styles (JSON)","FieldType":"String","DefaultValue":"","Description":"Styles added to the HTML tag. Must be a json String use = and ;","List":""},{"Key":"RawAttributes","DisplayName":"Attributes (JSON)","FieldType":"String","DefaultValue":"","Description":"Attributes added to the HTML tag. Must be a json String use = and ;","List":""}],"events":[],"methods":[{"name":"Class_Globals","signature":"Class_Globals"},{"name":"Initialize","signature":"Initialize (Callback As Object, Name As String, EventName As String)"},{"name":"getElement","signature":"getElement() As BANanoElement"},{"name":"getID","signature":"getID() As String"},{"name":"AddToParent","signature":"AddToParent(targetID As String, props As Map)"},{"name":"Remove","signature":"Remove()"},{"name":"setElement","signature":"setElement(e As BANanoElement)"},{"name":"LinkExisting","signature":"LinkExisting"},{"name":"TriggerEvent","signature":"TriggerEvent(event As String, params() As String)"},{"name":"getHere","signature":"getHere() As String"},{"name":"SetAttr","signature":"SetAttr(attr As String, text As String)"},{"name":"SetDataAttr","signature":"SetDataAttr(attr As String, text As String)"},{"name":"GetDataAttr","signature":"GetDataAttr(attr As String) As String"},{"name":"GetAttr","signature":"GetAttr(attr As String) As String"},{"name":"AddClass","signature":"AddClass(text As String)"},{"name":"RemoveClass","signature":"RemoveClass(text As String)"},{"name":"AddAttr","signature":"AddAttr(ms As Map)"},{"name":"RemoveAttr","signature":"RemoveAttr(attr As String)"},{"name":"AddStyleComputed","signature":"AddStyleComputed(attr As String, text As String)"},{"name":"AddStyle","signature":"AddStyle(ms As Map)"},{"name":"setVisible","signature":"setVisible(b As Boolean)"},{"name":"getVisible","signature":"getVisible As Boolean"},{"name":"On","signature":"On(event As String, args As List)"},{"name":"OnEvent","signature":"OnEvent(event As String, Module As Object, methodName As String, args As List)"},{"name":"DesignerCreateView","signature":"DesignerCreateView (Target As BANanoElement, Props As Map)"},{"name":"setParentID","signature":"setParentID(sParentID As String)"},{"name":"setPullingIcon","signature":"setPullingIcon(s As String)"},{"name":"setPullingText","signature":"setPullingText(s As String)"},{"name":"setRefreshingSpinner","signature":"setRefreshingSpinner(s As String)"},{"name":"setRefreshingText","signature":"setRefreshingText(s As String)"},{"name":"getPullingIcon","signature":"getPullingIcon As String"},{"name":"getPullingText","signature":"getPullingText As String"},{"name":"getRefreshingSpinner","signature":"getRefreshingSpinner As String"},{"name":"getRefreshingText","signature":"getRefreshingText As String"},{"name":"getRoot","signature":"getRoot As SHLabel"},{"name":"getParentID","signature":"getParentID As String"},{"name":"setPaddingAXYTBLR","signature":"setPaddingAXYTBLR(s As String)"},{"name":"getPaddingAXYTBLR","signature":"getPaddingAXYTBLR As String"},{"name":"setMarginAXYTBLR","signature":"setMarginAXYTBLR(s As String)"},{"name":"getMarginAXYTBLR","signature":"getMarginAXYTBLR As String"},{"name":"setRawClasses","signature":"setRawClasses(s As String)"},{"name":"getRawClasses","signature":"getRawClasses As String"},{"name":"setRawStyles","signature":"setRawStyles(s As String)"},{"name":"getRawStyles","signature":"getRawStyles As String"},{"name":"setRawAttributes","signature":"setRawAttributes(s As String)"},{"name":"getRawAttributes","signature":"getRawAttributes As String"}]}