{"properties":[{"Key":"ParentID","DisplayName":"ParentID","FieldType":"String","DefaultValue":"","Description":"The ParentID of this component","List":""},{"Key":"Text","DisplayName":"Text","FieldType":"String","DefaultValue":"Button","Description":"Text","List":""},{"Key":"HasIcon","DisplayName":"Has Icon","FieldType":"Boolean","DefaultValue":"False","Description":"Has Icon","List":""},{"Key":"IconName","DisplayName":"Icon Name","FieldType":"String","DefaultValue":"logo-ionic","Description":"Icon Name","List":""},{"Key":"IconSrc","DisplayName":"Icon Src","FieldType":"String","DefaultValue":"","Description":"Icon Src","List":""},{"Key":"IconSlot","DisplayName":"Icon Slot","FieldType":"String","DefaultValue":"start","Description":"Icon Slot","List":"end|icon-only|start"},{"Key":"Color","DisplayName":"Color","FieldType":"String","DefaultValue":"none","Description":"Color","List":"danger|dark|light|medium|none|primary|secondary|success|tertiary|warning"},{"Key":"Disabled","DisplayName":"Disabled","FieldType":"Boolean","DefaultValue":"False","Description":"Disabled","List":""},{"Key":"NormalCase","DisplayName":"Normal Case","FieldType":"Boolean","DefaultValue":"False","Description":"Normal Case","List":""},{"Key":"Loading","DisplayName":"Loading","FieldType":"Boolean","DefaultValue":"False","Description":"Loading","List":""},{"Key":"Expand","DisplayName":"Expand","FieldType":"String","DefaultValue":"none","Description":"Expand","List":"block|full|none"},{"Key":"Fill","DisplayName":"Fill","FieldType":"String","DefaultValue":"default","Description":"Fill","List":"clear|default|outline|solid"},{"Key":"Form","DisplayName":"Form","FieldType":"String","DefaultValue":"","Description":"Form","List":""},{"Key":"Href","DisplayName":"Href","FieldType":"String","DefaultValue":"","Description":"Href","List":""},{"Key":"IonTextWrap","DisplayName":"Ion Text Wrap","FieldType":"Boolean","DefaultValue":"False","Description":"Ion Text Wrap","List":""},{"Key":"MaxWidth","DisplayName":"Max Width","FieldType":"String","DefaultValue":"","Description":"Max Width","List":""},{"Key":"Mode","DisplayName":"Mode","FieldType":"String","DefaultValue":"ios","Description":"Mode","List":"ios|md"},{"Key":"Shape","DisplayName":"Shape","FieldType":"String","DefaultValue":"none","Description":"Shape","List":"none|round"},{"Key":"Size","DisplayName":"Size","FieldType":"String","DefaultValue":"default","Description":"Size","List":"default|large|small"},{"Key":"Slot","DisplayName":"Slot","FieldType":"String","DefaultValue":"","Description":"Slot","List":""},{"Key":"Strong","DisplayName":"Strong","FieldType":"Boolean","DefaultValue":"False","Description":"Strong","List":""},{"Key":"Target","DisplayName":"Target","FieldType":"String","DefaultValue":"none","Description":"Target","List":"_blank|_parent|_self|_top|none"},{"Key":"Tooltip","DisplayName":"Tooltip","FieldType":"String","DefaultValue":"","Description":"Tooltip","List":""},{"Key":"TooltipPosition","DisplayName":"Tooltip Position","FieldType":"String","DefaultValue":"left","Description":"Tooltip","List":"left|right|top|bottom"},{"Key":"TooltipColor","DisplayName":"Tooltip Color","FieldType":"String","DefaultValue":"blue","Description":"Tooltip","List":""},{"Key":"TypeOf","DisplayName":"Type Of","FieldType":"String","DefaultValue":"none","Description":"Type Of","List":"button|none|reset|submit"},{"Key":"Visible","DisplayName":"Visible","FieldType":"Boolean","DefaultValue":"True","Description":"If visible.","List":""},{"Key":"MarginAXYTBLR","DisplayName":"Margins","FieldType":"String","DefaultValue":"a=?; x=?; y=?; t=?; b=?; l=?; r=?","Description":"Margins A(all)-X(LR)-Y(TB)-T-B-L-R","List":""},{"Key":"PaddingAXYTBLR","DisplayName":"Paddings","FieldType":"String","DefaultValue":"a=?; x=?; y=?; t=?; b=?; l=?; r=?","Description":"Paddings A(all)-X(LR)-Y(TB)-T-B-L-R","List":""},{"Key":"RawClasses","DisplayName":"Classes (;)","FieldType":"String","DefaultValue":"","Description":"Classes added to the HTML tag.","List":""},{"Key":"RawStyles","DisplayName":"Styles (JSON)","FieldType":"String","DefaultValue":"","Description":"Styles added to the HTML tag. Must be a json String use = and ;","List":""},{"Key":"RawAttributes","DisplayName":"Attributes (JSON)","FieldType":"String","DefaultValue":"","Description":"Attributes added to the HTML tag. Must be a json String use = and ;","List":""}],"events":[{"name":"Click (e As BANanoEvent)"},{"name":"IonBlur (e As BANanoEvent)"},{"name":"IonFocus (e As BANanoEvent)"}],"methods":[{"name":"Class_Globals","signature":"Class_Globals"},{"name":"Initialize","signature":"Initialize (Callback As Object, Name As String, EventName As String)"},{"name":"getElement","signature":"getElement() As BANanoElement"},{"name":"getID","signature":"getID() As String"},{"name":"AddToParent","signature":"AddToParent(targetID As String, props As Map)"},{"name":"Remove","signature":"Remove()"},{"name":"TriggerEvent","signature":"TriggerEvent(event As String, params() As String)"},{"name":"getHere","signature":"getHere() As String"},{"name":"SetAttr","signature":"SetAttr(attr As String, text As String)"},{"name":"SetDataAttr","signature":"SetDataAttr(attr As String, text As String)"},{"name":"GetDataAttr","signature":"GetDataAttr(attr As String) As String"},{"name":"GetAttr","signature":"GetAttr(attr As String) As String"},{"name":"AddClass","signature":"AddClass(text As String)"},{"name":"RemoveClass","signature":"RemoveClass(text As String)"},{"name":"AddAttr","signature":"AddAttr(ms As Map)"},{"name":"RemoveAttr","signature":"RemoveAttr(attr As String)"},{"name":"AddStyleComputed","signature":"AddStyleComputed(attr As String, text As String)"},{"name":"AddStyle","signature":"AddStyle(ms As Map)"},{"name":"setVisible","signature":"setVisible(b As Boolean)"},{"name":"getVisible","signature":"getVisible As Boolean"},{"name":"On","signature":"On(event As String, args As List)"},{"name":"OnEvent","signature":"OnEvent(event As String, Module As Object, methodName As String, args As List)"},{"name":"DesignerCreateView","signature":"DesignerCreateView (Target As BANanoElement, Props As Map)"},{"name":"setNormalCase","signature":"setNormalCase(b As Boolean)"},{"name":"getNormalCase","signature":"getNormalCase As Boolean"},{"name":"setLoading","signature":"setLoading(b As Boolean)"},{"name":"SetToolTipActual","signature":"SetToolTipActual(tt As String, ttPos As String, tColor As String)"},{"name":"setParentID","signature":"setParentID(sParentID As String)"},{"name":"setAriaLabel","signature":"setAriaLabel(s As String)"},{"name":"setColor","signature":"setColor(s As String)"},{"name":"setDisabled","signature":"setDisabled(b As Boolean)"},{"name":"setDownload","signature":"setDownload(b As Boolean)"},{"name":"setExpand","signature":"setExpand(s As String)"},{"name":"setFill","signature":"setFill(s As String)"},{"name":"setForm","signature":"setForm(s As String)"},{"name":"setHref","signature":"setHref(s As String)"},{"name":"setIonTextWrap","signature":"setIonTextWrap(b As Boolean)"},{"name":"setMaxWidth","signature":"setMaxWidth(s As String)"},{"name":"setMode","signature":"setMode(s As String)"},{"name":"setRel","signature":"setRel(s As String)"},{"name":"setRouterAnimation","signature":"setRouterAnimation(s As String)"},{"name":"setRouterDirection","signature":"setRouterDirection(s As String)"},{"name":"setShape","signature":"setShape(s As String)"},{"name":"setSize","signature":"setSize(s As String)"},{"name":"setSlot","signature":"setSlot(s As String)"},{"name":"setStrong","signature":"setStrong(b As Boolean)"},{"name":"setTarget","signature":"setTarget(s As String)"},{"name":"setText","signature":"setText(s As String)"},{"name":"setTypeOf","signature":"setTypeOf(s As String)"},{"name":"getAriaLabel","signature":"getAriaLabel As String"},{"name":"getColor","signature":"getColor As String"},{"name":"getDisabled","signature":"getDisabled As Boolean"},{"name":"getDownload","signature":"getDownload As Boolean"},{"name":"getExpand","signature":"getExpand As String"},{"name":"getFill","signature":"getFill As String"},{"name":"getForm","signature":"getForm As String"},{"name":"getHref","signature":"getHref As String"},{"name":"getIonTextWrap","signature":"getIonTextWrap As Boolean"},{"name":"getMaxWidth","signature":"getMaxWidth As String"},{"name":"getMode","signature":"getMode As String"},{"name":"getRel","signature":"getRel As String"},{"name":"getRouterAnimation","signature":"getRouterAnimation As String"},{"name":"getRouterDirection","signature":"getRouterDirection As String"},{"name":"getShape","signature":"getShape As String"},{"name":"getSize","signature":"getSize As String"},{"name":"getSlot","signature":"getSlot As String"},{"name":"getStrong","signature":"getStrong As Boolean"},{"name":"getTarget","signature":"getTarget As String"},{"name":"getText","signature":"getText As String"},{"name":"getTypeOf","signature":"getTypeOf As String"},{"name":"LinkExisting","signature":"LinkExisting(bLinkEvents As Boolean)"},{"name":"GetIonIcon","signature":"GetIonIcon As SHIonIcon"},{"name":"GetIonLabel","signature":"GetIonLabel As SHIonLabel"},{"name":"getRoot","signature":"getRoot As SHLabel"},{"name":"setPulse","signature":"setPulse(b As Boolean)"},{"name":"setElevation","signature":"setElevation(point As String)"},{"name":"setHasIcon","signature":"setHasIcon(b As Boolean)"},{"name":"setIconName","signature":"setIconName(s As String)"},{"name":"setIconSlot","signature":"setIconSlot(s As String)"},{"name":"setIconSrc","signature":"setIconSrc(s As String)"},{"name":"getHasIcon","signature":"getHasIcon As Boolean"},{"name":"getIconName","signature":"getIconName As String"},{"name":"getIconSlot","signature":"getIconSlot As String"},{"name":"getIconSrc","signature":"getIconSrc As String"},{"name":"setRawAttributes","signature":"setRawAttributes(s As String)"},{"name":"setRawStyles","signature":"setRawStyles(s As String)"},{"name":"setRawClasses","signature":"setRawClasses(s As String)"},{"name":"setPaddingAXYTBLR","signature":"setPaddingAXYTBLR(s As String)"},{"name":"setMarginAXYTBLR","signature":"setMarginAXYTBLR(s As String)"},{"name":"setTooltip","signature":"setTooltip(s As String)"},{"name":"setTooltipPosition","signature":"setTooltipPosition(s As String)"},{"name":"setTooltipColor","signature":"setTooltipColor(s As String)"},{"name":"getParentID","signature":"getParentID As String"},{"name":"getLoading","signature":"getLoading As Boolean"},{"name":"getTooltip","signature":"getTooltip As String"},{"name":"getTooltipPosition","signature":"getTooltipPosition As String"},{"name":"getTooltipColor","signature":"getTooltipColor As String"},{"name":"getMarginAXYTBLR","signature":"getMarginAXYTBLR As String"},{"name":"getPaddingAXYTBLR","signature":"getPaddingAXYTBLR As String"},{"name":"getRawClasses","signature":"getRawClasses As String"},{"name":"getRawStyles","signature":"getRawStyles As String"},{"name":"getRawAttributes","signature":"getRawAttributes As String"}]}