{"properties":[{"Key":"ParentID","DisplayName":"ParentID","FieldType":"String","DefaultValue":"","Description":"The ParentID of this component","List":""},{"Key":"TargetID","DisplayName":"TargetID","FieldType":"String","DefaultValue":"","Description":"The TargetID of this component","List":""},{"Key":"BorderColor","DisplayName":"Border Color","FieldType":"String","DefaultValue":"","Description":"Border Color Of The Checkbox Icon","List":""},{"Key":"BorderColorChecked","DisplayName":"Border Color Checked","FieldType":"String","DefaultValue":"","Description":"Border Color Of The Checkbox Icon When Checked","List":""},{"Key":"BorderRadius","DisplayName":"Border Radius","FieldType":"String","DefaultValue":"","Description":"Border Radius Of The Checkbox Icon","List":""},{"Key":"BorderStyle","DisplayName":"Border Style","FieldType":"String","DefaultValue":"","Description":"Border Style Of The Checkbox Icon","List":"dashed|dotted|double|groove|hidden|inherit|initial|inset|none|outset|ridge|solid"},{"Key":"BorderWidth","DisplayName":"Border Width","FieldType":"String","DefaultValue":"","Description":"Border Width Of The Checkbox Icon","List":""},{"Key":"CheckboxBackground","DisplayName":"Checkbox Background","FieldType":"String","DefaultValue":"","Description":"Background Of The Checkbox Icon","List":""},{"Key":"CheckboxBackgroundChecked","DisplayName":"Checkbox Background Checked","FieldType":"String","DefaultValue":"","Description":"Background Of The Checkbox Icon When Checked","List":""},{"Key":"CheckmarkColor","DisplayName":"Checkmark Color","FieldType":"String","DefaultValue":"","Description":"Color Of The Checkbox Checkmark When Checked","List":""},{"Key":"CheckmarkWidth","DisplayName":"Checkmark Width","FieldType":"String","DefaultValue":"","Description":"Stroke Width Of The Checkbox Checkmark","List":""},{"Key":"Size","DisplayName":"Size","FieldType":"String","DefaultValue":"","Description":"Size Of The Checkbox Icon","List":""},{"Key":"Transition","DisplayName":"Transition","FieldType":"String","DefaultValue":"","Description":"Transition Of The Checkbox Icon","List":""},{"Key":"RawClasses","DisplayName":"Classes (;)","FieldType":"String","DefaultValue":"","Description":"Classes added to the HTML tag.","List":""},{"Key":"RawStyles","DisplayName":"Styles (JSON)","FieldType":"String","DefaultValue":"","Description":"Styles added to the HTML tag. Must be a json String use = and ;","List":""}],"events":[],"methods":[{"name":"Class_Globals","signature":"Class_Globals"},{"name":"Initialize","signature":"Initialize (Callback As Object, Name As String, EventName As String)"},{"name":"getElement","signature":"getElement() As BANanoElement"},{"name":"AddComputedStyleMap","signature":"AddComputedStyleMap(ms As Map)"},{"name":"getID","signature":"getID() As String"},{"name":"AddToParent","signature":"AddToParent(targetID As String, props As Map)"},{"name":"setParentID","signature":"setParentID(s As String)"},{"name":"setTargetID","signature":"setTargetID(s As String)"},{"name":"setElement","signature":"setElement(e As BANanoElement)"},{"name":"getHere","signature":"getHere() As String"},{"name":"AddClass","signature":"AddClass(text As String)"},{"name":"RemoveClass","signature":"RemoveClass(text As String)"},{"name":"AddStyleComputed","signature":"AddStyleComputed(attr As String, text As String)"},{"name":"AddStyleMap","signature":"AddStyleMap(ms As Map)"},{"name":"AddStyle","signature":"AddStyle(k As String, v As String)"},{"name":"setRawStyles","signature":"setRawStyles(s As String)"},{"name":"setRawClasses","signature":"setRawClasses(s As String)"},{"name":"getRawStyles","signature":"getRawStyles As String"},{"name":"getRawClasses","signature":"getRawClasses As String"},{"name":"getTargetID","signature":"getTargetID As String"},{"name":"DesignerCreateView","signature":"DesignerCreateView (Target As BANanoElement, Props As Map)"},{"name":"setBorderColor","signature":"setBorderColor(s As String)"},{"name":"setBorderColorChecked","signature":"setBorderColorChecked(s As String)"},{"name":"setBorderRadius","signature":"setBorderRadius(s As String)"},{"name":"setBorderStyle","signature":"setBorderStyle(s As String)"},{"name":"setBorderWidth","signature":"setBorderWidth(s As String)"},{"name":"setCheckboxBackground","signature":"setCheckboxBackground(s As String)"},{"name":"setCheckboxBackgroundChecked","signature":"setCheckboxBackgroundChecked(s As String)"},{"name":"setCheckmarkColor","signature":"setCheckmarkColor(s As String)"},{"name":"setCheckmarkWidth","signature":"setCheckmarkWidth(s As String)"},{"name":"setSize","signature":"setSize(s As String)"},{"name":"setTransition","signature":"setTransition(s As String)"},{"name":"getBorderColor","signature":"getBorderColor As String"},{"name":"getBorderColorChecked","signature":"getBorderColorChecked As String"},{"name":"getBorderRadius","signature":"getBorderRadius As String"},{"name":"getBorderStyle","signature":"getBorderStyle As String"},{"name":"getBorderWidth","signature":"getBorderWidth As String"},{"name":"getCheckboxBackground","signature":"getCheckboxBackground As String"},{"name":"getCheckboxBackgroundChecked","signature":"getCheckboxBackgroundChecked As String"},{"name":"getCheckmarkColor","signature":"getCheckmarkColor As String"},{"name":"getCheckmarkWidth","signature":"getCheckmarkWidth As String"},{"name":"getSize","signature":"getSize As String"},{"name":"getTransition","signature":"getTransition As String"}]}