{"properties":[{"Key":"ParentID","DisplayName":"ParentID","FieldType":"String","DefaultValue":"","Description":"The ParentID of this component","List":""},{"Key":"CloseDuration","DisplayName":"Close Duration","FieldType":"String","DefaultValue":"280ms","Description":"Close Duration","List":""},{"Key":"Disabled","DisplayName":"Disabled","FieldType":"Boolean","DefaultValue":"False","Description":"Disabled","List":""},{"Key":"PullFactor","DisplayName":"Pull Factor","FieldType":"String","DefaultValue":"1","Description":"Pull Factor","List":""},{"Key":"PullMax","DisplayName":"Pull Max","FieldType":"String","DefaultValue":"","Description":"Pull Max","List":""},{"Key":"PullMin","DisplayName":"Pull Min","FieldType":"String","DefaultValue":"60","Description":"Pull Min","List":""},{"Key":"SnapbackDuration","DisplayName":"Snapback Duration","FieldType":"String","DefaultValue":"280ms","Description":"Snapback Duration","List":""},{"Key":"Slot","DisplayName":"Slot","FieldType":"String","DefaultValue":"","Description":"Slot","List":""},{"Key":"Visible","DisplayName":"Visible","FieldType":"Boolean","DefaultValue":"True","Description":"If visible.","List":""},{"Key":"PaddingAXYTBLR","DisplayName":"Paddings","FieldType":"String","DefaultValue":"a=?; x=?; y=?; t=?; b=?; l=?; r=?","Description":"Paddings A(all)-X(LR)-Y(TB)-T-B-L-R","List":""},{"Key":"MarginAXYTBLR","DisplayName":"Margins","FieldType":"String","DefaultValue":"a=?; x=?; y=?; t=?; b=?; l=?; r=?","Description":"Margins A(all)-X(LR)-Y(TB)-T-B-L-R","List":""},{"Key":"RawClasses","DisplayName":"Classes (;)","FieldType":"String","DefaultValue":"","Description":"Classes added to the HTML tag.","List":""},{"Key":"RawStyles","DisplayName":"Styles (JSON)","FieldType":"String","DefaultValue":"","Description":"Styles added to the HTML tag. Must be a json String use = and ;","List":""},{"Key":"RawAttributes","DisplayName":"Attributes (JSON)","FieldType":"String","DefaultValue":"","Description":"Attributes added to the HTML tag. Must be a json String use = and ;","List":""}],"events":[{"name":"IonPull (e As BANanoEvent)"},{"name":"IonRefresh (e As BANanoEvent)"},{"name":"IonStart (e As BANanoEvent)"}],"methods":[{"name":"Class_Globals","signature":"Class_Globals"},{"name":"Initialize","signature":"Initialize (Callback As Object, Name As String, EventName As String)"},{"name":"getElement","signature":"getElement() As BANanoElement"},{"name":"getID","signature":"getID() As String"},{"name":"AddToParent","signature":"AddToParent(targetID As String, props As Map)"},{"name":"Remove","signature":"Remove()"},{"name":"setElement","signature":"setElement(e As BANanoElement)"},{"name":"LinkExisting","signature":"LinkExisting"},{"name":"TriggerEvent","signature":"TriggerEvent(event As String, params() As String)"},{"name":"getHere","signature":"getHere() As String"},{"name":"SetAttr","signature":"SetAttr(attr As String, text As String)"},{"name":"SetDataAttr","signature":"SetDataAttr(attr As String, text As String)"},{"name":"GetDataAttr","signature":"GetDataAttr(attr As String) As String"},{"name":"GetAttr","signature":"GetAttr(attr As String) As String"},{"name":"AddClass","signature":"AddClass(text As String)"},{"name":"RemoveClass","signature":"RemoveClass(text As String)"},{"name":"AddAttr","signature":"AddAttr(ms As Map)"},{"name":"RemoveAttr","signature":"RemoveAttr(attr As String)"},{"name":"AddStyleComputed","signature":"AddStyleComputed(attr As String, text As String)"},{"name":"AddStyle","signature":"AddStyle(ms As Map)"},{"name":"setVisible","signature":"setVisible(b As Boolean)"},{"name":"getVisible","signature":"getVisible As Boolean"},{"name":"Off","signature":"Off(event As String, args As List)"},{"name":"RemoveEvents","signature":"RemoveEvents"},{"name":"AddEvents","signature":"AddEvents"},{"name":"On","signature":"On(event As String, args As List)"},{"name":"OnEvent","signature":"OnEvent(event As String, Module As Object, methodName As String, args As List)"},{"name":"DesignerCreateView","signature":"DesignerCreateView (Target As BANanoElement, Props As Map)"},{"name":"setParentID","signature":"setParentID(sParentID As String)"},{"name":"cancel","signature":"cancel() As BANanoPromise"},{"name":"complete","signature":"complete() As BANanoPromise"},{"name":"getProgress","signature":"getProgress() As BANanoPromise"},{"name":"setCloseDuration","signature":"setCloseDuration(s As String)"},{"name":"setDisabled","signature":"setDisabled(b As Boolean)"},{"name":"setPullFactor","signature":"setPullFactor(s As String)"},{"name":"setPullMax","signature":"setPullMax(s As String)"},{"name":"setPullMin","signature":"setPullMin(s As String)"},{"name":"setSnapbackDuration","signature":"setSnapbackDuration(s As String)"},{"name":"getCloseDuration","signature":"getCloseDuration As String"},{"name":"getDisabled","signature":"getDisabled As Boolean"},{"name":"getPullFactor","signature":"getPullFactor As String"},{"name":"getPullMax","signature":"getPullMax As String"},{"name":"getPullMin","signature":"getPullMin As String"},{"name":"getSnapbackDuration","signature":"getSnapbackDuration As String"},{"name":"getRoot","signature":"getRoot As SHLabel"},{"name":"Clear","signature":"Clear"},{"name":"setSlot","signature":"setSlot(s As String)"},{"name":"getParentID","signature":"getParentID As String"},{"name":"getSlot","signature":"getSlot As String"},{"name":"setPaddingAXYTBLR","signature":"setPaddingAXYTBLR(s As String)"},{"name":"getPaddingAXYTBLR","signature":"getPaddingAXYTBLR As String"},{"name":"setMarginAXYTBLR","signature":"setMarginAXYTBLR(s As String)"},{"name":"getMarginAXYTBLR","signature":"getMarginAXYTBLR As String"},{"name":"setRawClasses","signature":"setRawClasses(s As String)"},{"name":"getRawClasses","signature":"getRawClasses As String"},{"name":"setRawStyles","signature":"setRawStyles(s As String)"},{"name":"getRawStyles","signature":"getRawStyles As String"},{"name":"setRawAttributes","signature":"setRawAttributes(s As String)"},{"name":"getRawAttributes","signature":"getRawAttributes As String"}]}