{"properties":[{"Key":"ParentID","DisplayName":"ParentID","FieldType":"String","DefaultValue":"","Description":"The id of the element to place this into","List":""},{"Key":"OptionType","DisplayName":"Option Type","FieldType":"String","DefaultValue":"text","Description":"Option Type","List":"text|icon|icon-text"},{"Key":"Text","DisplayName":"Text","FieldType":"String","DefaultValue":"","Description":"Text","List":""},{"Key":"IconName","DisplayName":"Icon Name","FieldType":"String","DefaultValue":"","Description":"Icon Name","List":""},{"Key":"IconSlot","DisplayName":"Icon Slot","FieldType":"String","DefaultValue":"","Description":"Icon Position","List":"start|end|top|bottom|icon-only"},{"Key":"IconColor","DisplayName":"Icon Color","FieldType":"String","DefaultValue":"","Description":"Icon Color","List":"danger|dark|none|primary|secondary|success|tertiary|warning"},{"Key":"IconSize","DisplayName":"Icon Size","FieldType":"String","DefaultValue":"","Description":"Icon Size","List":"large|none|small"},{"Key":"Color","DisplayName":"Color","FieldType":"String","DefaultValue":"none","Description":"Color","List":"danger|dark|light|medium|none|primary|secondary|success|tertiary|warning"},{"Key":"Disabled","DisplayName":"Disabled","FieldType":"Boolean","DefaultValue":"False","Description":"Disabled","List":""},{"Key":"Download","DisplayName":"Download","FieldType":"String","DefaultValue":"","Description":"Download","List":""},{"Key":"Expandable","DisplayName":"Expandable","FieldType":"Boolean","DefaultValue":"False","Description":"Expandable","List":""},{"Key":"Href","DisplayName":"Href","FieldType":"String","DefaultValue":"","Description":"Href","List":""},{"Key":"Mode","DisplayName":"Mode","FieldType":"String","DefaultValue":"ios","Description":"Mode","List":"ios|md"},{"Key":"Rel","DisplayName":"Rel","FieldType":"String","DefaultValue":"","Description":"Rel","List":""},{"Key":"Target","DisplayName":"Target","FieldType":"String","DefaultValue":"none","Description":"Target","List":"_blank|_parent|_self|_top|none"},{"Key":"TypeOf","DisplayName":"Type Of","FieldType":"String","DefaultValue":"button","Description":"Type Of","List":"button|reset|submit"},{"Key":"Visible","DisplayName":"Visible","FieldType":"Boolean","DefaultValue":"True","Description":"If visible.","List":""},{"Key":"MarginAXYTBLR","DisplayName":"Margins","FieldType":"String","DefaultValue":"a=?; x=?; y=?; t=?; b=?; l=?; r=?","Description":"Margins A(all)-X(LR)-Y(TB)-T-B-L-R","List":""},{"Key":"PaddingAXYTBLR","DisplayName":"Paddings","FieldType":"String","DefaultValue":"a=?; x=?; y=?; t=?; b=?; l=?; r=?","Description":"Paddings A(all)-X(LR)-Y(TB)-T-B-L-R","List":""},{"Key":"RawClasses","DisplayName":"Classes (;)","FieldType":"String","DefaultValue":"","Description":"Classes added to the HTML tag.","List":""},{"Key":"RawStyles","DisplayName":"Styles (JSON)","FieldType":"String","DefaultValue":"","Description":"Styles added to the HTML tag. Must be a json String use = and ;","List":""},{"Key":"RawAttributes","DisplayName":"Attributes (JSON)","FieldType":"String","DefaultValue":"","Description":"Attributes added to the HTML tag. Must be a json String use = and ;","List":""}],"events":[{"name":"Click (e As BANanoEvent)"}],"methods":[{"name":"Class_Globals","signature":"Class_Globals"},{"name":"Initialize","signature":"Initialize (Callback As Object, Name As String, EventName As String)"},{"name":"getElement","signature":"getElement() As BANanoElement"},{"name":"getID","signature":"getID() As String"},{"name":"AddToParent","signature":"AddToParent(targetID As String, props As Map)"},{"name":"Remove","signature":"Remove()"},{"name":"setElement","signature":"setElement(e As BANanoElement)"},{"name":"LinkExisting","signature":"LinkExisting"},{"name":"TriggerEvent","signature":"TriggerEvent(event As String, params() As String)"},{"name":"getHere","signature":"getHere() As String"},{"name":"SetAttr","signature":"SetAttr(attr As String, text As String)"},{"name":"SetDataAttr","signature":"SetDataAttr(attr As String, text As String)"},{"name":"GetDataAttr","signature":"GetDataAttr(attr As String) As String"},{"name":"GetAttr","signature":"GetAttr(attr As String) As String"},{"name":"AddClass","signature":"AddClass(text As String)"},{"name":"RemoveClass","signature":"RemoveClass(text As String)"},{"name":"AddAttr","signature":"AddAttr(ms As Map)"},{"name":"RemoveAttr","signature":"RemoveAttr(attr As String)"},{"name":"AddStyleComputed","signature":"AddStyleComputed(attr As String, text As String)"},{"name":"AddStyle","signature":"AddStyle(ms As Map)"},{"name":"setVisible","signature":"setVisible(b As Boolean)"},{"name":"getVisible","signature":"getVisible As Boolean"},{"name":"On","signature":"On(event As String, args As List)"},{"name":"OnEvent","signature":"OnEvent(event As String, Module As Object, methodName As String, args As List)"},{"name":"DesignerCreateView","signature":"DesignerCreateView (Target As BANanoElement, Props As Map)"},{"name":"setIconSlot","signature":"setIconSlot(s As String)"},{"name":"setIconName","signature":"setIconName(s As String)"},{"name":"setOptionType","signature":"setOptionType(s As String)"},{"name":"GetIonIcon","signature":"GetIonIcon As SHIonIcon"},{"name":"GetLabel","signature":"GetLabel As SHLabel"},{"name":"setText","signature":"setText(s As String)"},{"name":"setColor","signature":"setColor(s As String)"},{"name":"setDisabled","signature":"setDisabled(b As Boolean)"},{"name":"setDownload","signature":"setDownload(s As String)"},{"name":"setExpandable","signature":"setExpandable(b As Boolean)"},{"name":"setHref","signature":"setHref(s As String)"},{"name":"setMode","signature":"setMode(s As String)"},{"name":"setRel","signature":"setRel(s As String)"},{"name":"setTarget","signature":"setTarget(s As String)"},{"name":"setTypeOf","signature":"setTypeOf(s As String)"},{"name":"getColor","signature":"getColor As String"},{"name":"getDisabled","signature":"getDisabled As Boolean"},{"name":"getDownload","signature":"getDownload As String"},{"name":"getExpandable","signature":"getExpandable As Boolean"},{"name":"getHref","signature":"getHref As String"},{"name":"getMode","signature":"getMode As String"},{"name":"getRel","signature":"getRel As String"},{"name":"getTarget","signature":"getTarget As String"},{"name":"getTypeOf","signature":"getTypeOf As String"},{"name":"getText","signature":"getText As String"},{"name":"getRoot","signature":"getRoot As SHLabel"},{"name":"Append","signature":"Append(tmp As Object)"},{"name":"setRawAttributes","signature":"setRawAttributes(s As String)"},{"name":"setRawStyles","signature":"setRawStyles(s As String)"},{"name":"setRawClasses","signature":"setRawClasses(s As String)"},{"name":"setPaddingAXYTBLR","signature":"setPaddingAXYTBLR(s As String)"},{"name":"setMarginAXYTBLR","signature":"setMarginAXYTBLR(s As String)"},{"name":"setParentID","signature":"setParentID(s As String)"},{"name":"setIconColor","signature":"setIconColor(s As String)"},{"name":"setIconSize","signature":"setIconSize(s As String)"},{"name":"getParentID","signature":"getParentID As String"},{"name":"getOptionType","signature":"getOptionType As String"},{"name":"getIconName","signature":"getIconName As String"},{"name":"getIconSlot","signature":"getIconSlot As String"},{"name":"getIconColor","signature":"getIconColor As String"},{"name":"getIconSize","signature":"getIconSize As String"},{"name":"getMarginAXYTBLR","signature":"getMarginAXYTBLR As String"},{"name":"getPaddingAXYTBLR","signature":"getPaddingAXYTBLR As String"},{"name":"getRawClasses","signature":"getRawClasses As String"},{"name":"getRawStyles","signature":"getRawStyles As String"},{"name":"getRawAttributes","signature":"getRawAttributes As String"}]}