{"properties":[{"Key":"ParentID","DisplayName":"ParentID","FieldType":"String","DefaultValue":"","Description":"The ParentID of this component","List":""},{"Key":"Text","DisplayName":"Text","FieldType":"String","DefaultValue":"","Description":"Text","List":""},{"Key":"Action","DisplayName":"Action","FieldType":"String","DefaultValue":"","Description":"Action","List":""},{"Key":"CssClass","DisplayName":"Css Class","FieldType":"String","DefaultValue":"","Description":"Css Class","List":""},{"Key":"Icon","DisplayName":"Icon","FieldType":"String","DefaultValue":"","Description":"Icon","List":""},{"Key":"Role","DisplayName":"Role","FieldType":"String","DefaultValue":"","Description":"Role (cancel/destructive/selected)","List":""}],"events":[{"name":"Click (e As BANanoEvent)"}],"methods":[{"name":"Class_Globals","signature":"Class_Globals"},{"name":"Initialize","signature":"Initialize (Callback As Object, Name As String, EventName As String)"},{"name":"RemoveHandler","signature":"RemoveHandler"},{"name":"setHtmlAttributes","signature":"setHtmlAttributes(m As Map)"},{"name":"setAction","signature":"setAction(s As String)"},{"name":"setCssClass","signature":"setCssClass(s As String)"},{"name":"setData","signature":"setData(s As Map)"},{"name":"setIcon","signature":"setIcon(s As String)"},{"name":"setRole","signature":"setRole(s As String)"},{"name":"setText","signature":"setText(s As String)"},{"name":"AddToParent","signature":"AddToParent(targetID As String, props As Map)"},{"name":"DesignerCreateView","signature":"DesignerCreateView (Target As BANanoElement, Props As Map)"},{"name":"getAction","signature":"getAction As String"},{"name":"getCssClass","signature":"getCssClass As String"},{"name":"getHtmlAttributes","signature":"getHtmlAttributes As Map"},{"name":"getIcon","signature":"getIcon As String"},{"name":"getRole","signature":"getRole As String"},{"name":"getText","signature":"getText As String"},{"name":"setParentID","signature":"setParentID(s As String)"},{"name":"getParentID","signature":"getParentID As String"}]}