{"properties":[{"Key":"ParentID","DisplayName":"ParentID","FieldType":"String","DefaultValue":"","Description":"The ParentID of this component","List":""},{"Key":"Name","DisplayName":"Name","FieldType":"String","DefaultValue":"","Description":"Name","List":""},{"Key":"Label","DisplayName":"Label","FieldType":"String","DefaultValue":"","Description":"Label","List":""},{"Key":"TypeOf","DisplayName":"Type Of","FieldType":"String","DefaultValue":"text","Description":"Type Of","List":"checkbox|number|radio|text|textarea|url|email"},{"Key":"Value","DisplayName":"Value","FieldType":"String","DefaultValue":"","Description":"Value","List":""},{"Key":"Checked","DisplayName":"Checked","FieldType":"Boolean","DefaultValue":"False","Description":"Checked","List":""},{"Key":"CssClass","DisplayName":"Css Class","FieldType":"String","DefaultValue":"","Description":"Css Class","List":""},{"Key":"Disabled","DisplayName":"Disabled","FieldType":"Boolean","DefaultValue":"False","Description":"Disabled","List":""},{"Key":"MinValue","DisplayName":"Min Value","FieldType":"String","DefaultValue":"","Description":"Min Value","List":""},{"Key":"MaxValue","DisplayName":"Max Value","FieldType":"String","DefaultValue":"","Description":"Max Value","List":""},{"Key":"Maxlength","DisplayName":"Max Length","FieldType":"String","DefaultValue":"","Description":"Maxlength","List":""},{"Key":"Placeholder","DisplayName":"Placeholder","FieldType":"String","DefaultValue":"","Description":"Placeholder","List":""},{"Key":"Tabindex","DisplayName":"Tabindex","FieldType":"String","DefaultValue":"","Description":"Tabindex","List":""}],"events":[{"name":"Change (e As BANanoEvent)"}],"methods":[{"name":"Class_Globals","signature":"Class_Globals"},{"name":"Initialize","signature":"Initialize (Callback As Object, Name As String, EventName As String)"},{"name":"setAttributes","signature":"setAttributes(s As Map)"},{"name":"setChecked","signature":"setChecked(b As Boolean)"},{"name":"setCssClass","signature":"setCssClass(s As String)"},{"name":"setDisabled","signature":"setDisabled(b As Boolean)"},{"name":"setId","signature":"setId(s As String)"},{"name":"setLabel","signature":"setLabel(s As String)"},{"name":"setMaxValue","signature":"setMaxValue(s As String)"},{"name":"setMinValue","signature":"setMinValue(s As String)"},{"name":"setName","signature":"setName(s As String)"},{"name":"setPlaceholder","signature":"setPlaceholder(s As String)"},{"name":"setTabindex","signature":"setTabindex(s As String)"},{"name":"setTypeOf","signature":"setTypeOf(s As String)"},{"name":"setValue","signature":"setValue(s As String)"},{"name":"setMaxLength","signature":"setMaxLength(i As Int)"},{"name":"AddToParent","signature":"AddToParent(targetID As String, props As Map)"},{"name":"setParentID","signature":"setParentID(s As String)"},{"name":"DesignerCreateView","signature":"DesignerCreateView (Target As BANanoElement, Props As Map)"},{"name":"getParentID","signature":"getParentID As String"},{"name":"getName","signature":"getName As String"},{"name":"getLabel","signature":"getLabel As String"},{"name":"getTypeOf","signature":"getTypeOf As String"},{"name":"getValue","signature":"getValue As String"},{"name":"getChecked","signature":"getChecked As Boolean"},{"name":"getCssClass","signature":"getCssClass As String"},{"name":"getDisabled","signature":"getDisabled As Boolean"},{"name":"getMinValue","signature":"getMinValue As String"},{"name":"getMaxValue","signature":"getMaxValue As String"},{"name":"getMaxlength","signature":"getMaxlength As String"},{"name":"getPlaceholder","signature":"getPlaceholder As String"},{"name":"getTabindex","signature":"getTabindex As String"}]}