{"properties":[{"Key":"ParentID","DisplayName":"ParentID","FieldType":"String","DefaultValue":"","Description":"The ParentID of this component","List":""},{"Key":"Text","DisplayName":"Text","FieldType":"String","DefaultValue":"","Description":"Text","List":""},{"Key":"Action","DisplayName":"Action","FieldType":"String","DefaultValue":"","Description":"Action","List":""},{"Key":"CssClass","DisplayName":"Css Class","FieldType":"String","DefaultValue":"","Description":"Css Class","List":""},{"Key":"Icon","DisplayName":"Icon","FieldType":"String","DefaultValue":"","Description":"Icon","List":""},{"Key":"Role","DisplayName":"Role","FieldType":"String","DefaultValue":"","Description":"Role (cancel etc)","List":""},{"Key":"Side","DisplayName":"Side","FieldType":"String","DefaultValue":"start","Description":"Side","List":"end|start"},{"Key":"Visible","DisplayName":"Visible","FieldType":"Boolean","DefaultValue":"False","Description":"If visible.","List":""},{"Key":"PaddingAXYTBLR","DisplayName":"Paddings","FieldType":"String","DefaultValue":"a=?; x=?; y=?; t=?; b=?; l=?; r=?","Description":"Paddings A(all)-X(LR)-Y(TB)-T-B-L-R","List":""},{"Key":"MarginAXYTBLR","DisplayName":"Margins","FieldType":"String","DefaultValue":"a=?; x=?; y=?; t=?; b=?; l=?; r=?","Description":"Margins A(all)-X(LR)-Y(TB)-T-B-L-R","List":""},{"Key":"RawClasses","DisplayName":"Classes (;)","FieldType":"String","DefaultValue":"","Description":"Classes added to the HTML tag.","List":""},{"Key":"RawStyles","DisplayName":"Styles (JSON)","FieldType":"String","DefaultValue":"","Description":"Styles added to the HTML tag. Must be a json String use = and ;","List":""},{"Key":"RawAttributes","DisplayName":"Attributes (JSON)","FieldType":"String","DefaultValue":"","Description":"Attributes added to the HTML tag. Must be a json String use = and ;","List":""}],"events":[{"name":"Click (e As BANanoEvent)"}],"methods":[{"name":"Class_Globals","signature":"Class_Globals"},{"name":"Initialize","signature":"Initialize (Callback As Object, Name As String, EventName As String)"},{"name":"setAction","signature":"setAction(s As String)"},{"name":"RemoveHandler","signature":"RemoveHandler"},{"name":"setHtmlAttributes","signature":"setHtmlAttributes(m As Map)"},{"name":"setSide","signature":"setSide(s As String)"},{"name":"setCssClass","signature":"setCssClass(s As String)"},{"name":"setIcon","signature":"setIcon(s As String)"},{"name":"setRole","signature":"setRole(s As String)"},{"name":"setText","signature":"setText(s As String)"},{"name":"AddToParent","signature":"AddToParent(targetID As String, props As Map)"},{"name":"Remove","signature":"Remove()"},{"name":"setVisible","signature":"setVisible(b As Boolean)"},{"name":"AddClass","signature":"AddClass(text As String)"},{"name":"RemoveClass","signature":"RemoveClass(text As String)"},{"name":"getVisible","signature":"getVisible As Boolean"},{"name":"DesignerCreateView","signature":"DesignerCreateView (Target As BANanoElement, Props As Map)"},{"name":"getAction","signature":"getAction As String"},{"name":"getCssClass","signature":"getCssClass As String"},{"name":"getHtmlAttributes","signature":"getHtmlAttributes As Map"},{"name":"getIcon","signature":"getIcon As String"},{"name":"getRole","signature":"getRole As String"},{"name":"getSide","signature":"getSide As String"},{"name":"getText","signature":"getText As String"},{"name":"setParentID","signature":"setParentID(s As String)"},{"name":"getParentID","signature":"getParentID As String"},{"name":"setPaddingAXYTBLR","signature":"setPaddingAXYTBLR(s As String)"},{"name":"getPaddingAXYTBLR","signature":"getPaddingAXYTBLR As String"},{"name":"setMarginAXYTBLR","signature":"setMarginAXYTBLR(s As String)"},{"name":"getMarginAXYTBLR","signature":"getMarginAXYTBLR As String"},{"name":"setRawClasses","signature":"setRawClasses(s As String)"},{"name":"getRawClasses","signature":"getRawClasses As String"},{"name":"setRawStyles","signature":"setRawStyles(s As String)"},{"name":"getRawStyles","signature":"getRawStyles As String"},{"name":"setRawAttributes","signature":"setRawAttributes(s As String)"},{"name":"getRawAttributes","signature":"getRawAttributes As String"}]}