{"properties":[{"Key":"ParentID","DisplayName":"ParentID","FieldType":"String","DefaultValue":"","Description":"The ParentID of this component","List":""},{"Key":"TargetID","DisplayName":"TargetID","FieldType":"String","DefaultValue":"","Description":"The TargetID of this component","List":""},{"Key":"Background","DisplayName":"Background","FieldType":"String","DefaultValue":"","Description":"Background Of The Item","List":""},{"Key":"BackgroundActivated","DisplayName":"Background Activated","FieldType":"String","DefaultValue":"","Description":"Background Of The Item When Pressed. Note- Setting This Will Interfere With The Material Design Ripple.","List":""},{"Key":"BackgroundActivatedOpacity","DisplayName":"Background Activated Opacity","FieldType":"String","DefaultValue":"","Description":"Opacity Of The Item Background When Pressed","List":""},{"Key":"BackgroundFocused","DisplayName":"Background Focused","FieldType":"String","DefaultValue":"","Description":"Background Of The Item When Focused With The Tab Key","List":""},{"Key":"BackgroundFocusedOpacity","DisplayName":"Background Focused Opacity","FieldType":"String","DefaultValue":"","Description":"Opacity Of The Item Background When Focused With The Tab Key","List":""},{"Key":"BackgroundHover","DisplayName":"Background Hover","FieldType":"String","DefaultValue":"","Description":"Background Of The Item On Hover","List":""},{"Key":"BackgroundHoverOpacity","DisplayName":"Background Hover Opacity","FieldType":"String","DefaultValue":"","Description":"Opacity Of The Background Of The Item On Hover","List":""},{"Key":"BorderColor","DisplayName":"Border Color","FieldType":"String","DefaultValue":"","Description":"Color Of The Item Border","List":""},{"Key":"BorderRadius","DisplayName":"Border Radius","FieldType":"String","DefaultValue":"","Description":"Radius Of The Item Border","List":""},{"Key":"BorderStyle","DisplayName":"Border Style","FieldType":"String","DefaultValue":"","Description":"Style Of The Item Border","List":"dashed|dotted|double|groove|hidden|inherit|initial|inset|none|outset|ridge|solid"},{"Key":"BorderWidth","DisplayName":"Border Width","FieldType":"String","DefaultValue":"","Description":"Width Of The Item Border","List":""},{"Key":"Color","DisplayName":"Color","FieldType":"String","DefaultValue":"","Description":"Color Of The Item","List":""},{"Key":"ColorActivated","DisplayName":"Color Activated","FieldType":"String","DefaultValue":"","Description":"Color Of The Item When Pressed","List":""},{"Key":"ColorFocused","DisplayName":"Color Focused","FieldType":"String","DefaultValue":"","Description":"Color Of The Item When Focused With The Tab Key","List":""},{"Key":"ColorHover","DisplayName":"Color Hover","FieldType":"String","DefaultValue":"","Description":"Color Of The Item On Hover","List":""},{"Key":"DetailIconColor","DisplayName":"Detail Icon Color","FieldType":"String","DefaultValue":"","Description":"Color Of The Item Detail Icon","List":""},{"Key":"DetailIconFontSize","DisplayName":"Detail Icon Font Size","FieldType":"String","DefaultValue":"","Description":"Font Size Of The Item Detail Icon","List":""},{"Key":"DetailIconOpacity","DisplayName":"Detail Icon Opacity","FieldType":"String","DefaultValue":"","Description":"Opacity Of The Item Detail Icon","List":""},{"Key":"HighlightColorFocused","DisplayName":"Highlight Color Focused","FieldType":"String","DefaultValue":"","Description":"The Color Of The Highlight On The Item When Focused. Only Applies To Inputs And Textareas Using The Legacy Form Syntax. Deprecated- Highlights Can Be Styled On Ion-input Or Ion-textarea When Using The Modern Form Syntax.","List":""},{"Key":"HighlightColorInvalid","DisplayName":"Highlight Color Invalid","FieldType":"String","DefaultValue":"","Description":"The Color Of The Highlight On The Item When Invalid. Only Applies To Inputs And Textareas Using The Legacy Form Syntax. Deprecated- Highlights Can Be Styled On Ion-input Or Ion-textarea When Using The Modern Form Syntax.","List":""},{"Key":"HighlightColorValid","DisplayName":"Highlight Color Valid","FieldType":"String","DefaultValue":"","Description":"The Color Of The Highlight On The Item When Valid. Only Applies To Inputs And Textareas Using The Legacy Form Syntax. Deprecated- Highlights Can Be Styled On Ion-input Or Ion-textarea When Using The Modern Form Syntax.","List":""},{"Key":"HighlightHeight","DisplayName":"Highlight Height","FieldType":"String","DefaultValue":"","Description":"The Height Of The Highlight On The Item. Only Applies To Inputs And Textareas Using The Legacy Form Syntax. Deprecated- Highlights Can Be Styled On Ion-input Or Ion-textarea When Using The Modern Form Syntax.","List":""},{"Key":"InnerBorderWidth","DisplayName":"Inner Border Width","FieldType":"String","DefaultValue":"","Description":"Width Of The Item Inner Border","List":""},{"Key":"InnerBoxShadow","DisplayName":"Inner Box Shadow","FieldType":"String","DefaultValue":"","Description":"Box Shadow Of The Item Inner","List":""},{"Key":"InnerPaddingBottom","DisplayName":"Inner Padding Bottom","FieldType":"String","DefaultValue":"","Description":"Bottom Padding Of The Item Inner","List":""},{"Key":"InnerPaddingEnd","DisplayName":"Inner Padding End","FieldType":"String","DefaultValue":"","Description":"Right Padding If Direction Is Left-to-right- And Left Padding If Direction Is Right-to-left Of The Item Inner","List":""},{"Key":"InnerPaddingStart","DisplayName":"Inner Padding Start","FieldType":"String","DefaultValue":"","Description":"Left Padding If Direction Is Left-to-right- And Right Padding If Direction Is Right-to-left Of The Item Inner","List":""},{"Key":"InnerPaddingTop","DisplayName":"Inner Padding Top","FieldType":"String","DefaultValue":"","Description":"Top Padding Of The Item Inner","List":""},{"Key":"MinHeight","DisplayName":"Min Height","FieldType":"String","DefaultValue":"","Description":"Minimum Height Of The Item","List":""},{"Key":"PaddingBottom","DisplayName":"Padding Bottom","FieldType":"String","DefaultValue":"","Description":"Bottom Padding Of The Item","List":""},{"Key":"PaddingEnd","DisplayName":"Padding End","FieldType":"String","DefaultValue":"","Description":"Right Padding If Direction Is Left-to-right- And Left Padding If Direction Is Right-to-left Of The Item","List":""},{"Key":"PaddingStart","DisplayName":"Padding Start","FieldType":"String","DefaultValue":"","Description":"Left Padding If Direction Is Left-to-right- And Right Padding If Direction Is Right-to-left Of The Item","List":""},{"Key":"PaddingTop","DisplayName":"Padding Top","FieldType":"String","DefaultValue":"","Description":"Top Padding Of The Item","List":""},{"Key":"RippleColor","DisplayName":"Ripple Color","FieldType":"String","DefaultValue":"","Description":"Color Of The Item Ripple Effect","List":""},{"Key":"Transition","DisplayName":"Transition","FieldType":"String","DefaultValue":"","Description":"Transition Of The Item","List":""},{"Key":"RawClasses","DisplayName":"Classes (;)","FieldType":"String","DefaultValue":"","Description":"Classes added to the HTML tag.","List":""},{"Key":"RawStyles","DisplayName":"Styles (JSON)","FieldType":"String","DefaultValue":"","Description":"Styles added to the HTML tag. Must be a json String use = and ;","List":""}],"events":[],"methods":[{"name":"Class_Globals","signature":"Class_Globals"},{"name":"Initialize","signature":"Initialize (Callback As Object, Name As String, EventName As String)"},{"name":"getElement","signature":"getElement() As BANanoElement"},{"name":"AddComputedStyleMap","signature":"AddComputedStyleMap(ms As Map)"},{"name":"getID","signature":"getID() As String"},{"name":"AddToParent","signature":"AddToParent(targetID As String, props As Map)"},{"name":"setParentID","signature":"setParentID(s As String)"},{"name":"setTargetID","signature":"setTargetID(s As String)"},{"name":"setElement","signature":"setElement(e As BANanoElement)"},{"name":"getHere","signature":"getHere() As String"},{"name":"AddClass","signature":"AddClass(text As String)"},{"name":"RemoveClass","signature":"RemoveClass(text As String)"},{"name":"AddStyleComputed","signature":"AddStyleComputed(attr As String, text As String)"},{"name":"AddStyleMap","signature":"AddStyleMap(ms As Map)"},{"name":"AddStyle","signature":"AddStyle(k As String, v As String)"},{"name":"setRawStyles","signature":"setRawStyles(s As String)"},{"name":"setRawClasses","signature":"setRawClasses(s As String)"},{"name":"getRawStyles","signature":"getRawStyles As String"},{"name":"getRawClasses","signature":"getRawClasses As String"},{"name":"getTargetID","signature":"getTargetID As String"},{"name":"DesignerCreateView","signature":"DesignerCreateView (Target As BANanoElement, Props As Map)"},{"name":"setBackground","signature":"setBackground(s As String)"},{"name":"setBackgroundActivated","signature":"setBackgroundActivated(s As String)"},{"name":"setBackgroundActivatedOpacity","signature":"setBackgroundActivatedOpacity(s As String)"},{"name":"setBackgroundFocused","signature":"setBackgroundFocused(s As String)"},{"name":"setBackgroundFocusedOpacity","signature":"setBackgroundFocusedOpacity(s As String)"},{"name":"setBackgroundHover","signature":"setBackgroundHover(s As String)"},{"name":"setBackgroundHoverOpacity","signature":"setBackgroundHoverOpacity(s As String)"},{"name":"setBorderColor","signature":"setBorderColor(s As String)"},{"name":"setBorderRadius","signature":"setBorderRadius(s As String)"},{"name":"setBorderStyle","signature":"setBorderStyle(s As String)"},{"name":"setBorderWidth","signature":"setBorderWidth(s As String)"},{"name":"setColor","signature":"setColor(s As String)"},{"name":"setColorActivated","signature":"setColorActivated(s As String)"},{"name":"setColorFocused","signature":"setColorFocused(s As String)"},{"name":"setColorHover","signature":"setColorHover(s As String)"},{"name":"setDetailIconColor","signature":"setDetailIconColor(s As String)"},{"name":"setDetailIconFontSize","signature":"setDetailIconFontSize(s As String)"},{"name":"setDetailIconOpacity","signature":"setDetailIconOpacity(s As String)"},{"name":"setHighlightColorFocused","signature":"setHighlightColorFocused(s As String)"},{"name":"setHighlightColorInvalid","signature":"setHighlightColorInvalid(s As String)"},{"name":"setHighlightColorValid","signature":"setHighlightColorValid(s As String)"},{"name":"setHighlightHeight","signature":"setHighlightHeight(s As String)"},{"name":"setInnerBorderWidth","signature":"setInnerBorderWidth(s As String)"},{"name":"setInnerBoxShadow","signature":"setInnerBoxShadow(s As String)"},{"name":"setInnerPaddingBottom","signature":"setInnerPaddingBottom(s As String)"},{"name":"setInnerPaddingEnd","signature":"setInnerPaddingEnd(s As String)"},{"name":"setInnerPaddingStart","signature":"setInnerPaddingStart(s As String)"},{"name":"setInnerPaddingTop","signature":"setInnerPaddingTop(s As String)"},{"name":"setMinHeight","signature":"setMinHeight(s As String)"},{"name":"setPaddingBottom","signature":"setPaddingBottom(s As String)"},{"name":"setPaddingEnd","signature":"setPaddingEnd(s As String)"},{"name":"setPaddingStart","signature":"setPaddingStart(s As String)"},{"name":"setPaddingTop","signature":"setPaddingTop(s As String)"},{"name":"setRippleColor","signature":"setRippleColor(s As String)"},{"name":"setTransition","signature":"setTransition(s As String)"},{"name":"getBackground","signature":"getBackground As String"},{"name":"getBackgroundActivated","signature":"getBackgroundActivated As String"},{"name":"getBackgroundActivatedOpacity","signature":"getBackgroundActivatedOpacity As String"},{"name":"getBackgroundFocused","signature":"getBackgroundFocused As String"},{"name":"getBackgroundFocusedOpacity","signature":"getBackgroundFocusedOpacity As String"},{"name":"getBackgroundHover","signature":"getBackgroundHover As String"},{"name":"getBackgroundHoverOpacity","signature":"getBackgroundHoverOpacity As String"},{"name":"getBorderColor","signature":"getBorderColor As String"},{"name":"getBorderRadius","signature":"getBorderRadius As String"},{"name":"getBorderStyle","signature":"getBorderStyle As String"},{"name":"getBorderWidth","signature":"getBorderWidth As String"},{"name":"getColor","signature":"getColor As String"},{"name":"getColorActivated","signature":"getColorActivated As String"},{"name":"getColorFocused","signature":"getColorFocused As String"},{"name":"getColorHover","signature":"getColorHover As String"},{"name":"getDetailIconColor","signature":"getDetailIconColor As String"},{"name":"getDetailIconFontSize","signature":"getDetailIconFontSize As String"},{"name":"getDetailIconOpacity","signature":"getDetailIconOpacity As String"},{"name":"getHighlightColorFocused","signature":"getHighlightColorFocused As String"},{"name":"getHighlightColorInvalid","signature":"getHighlightColorInvalid As String"},{"name":"getHighlightColorValid","signature":"getHighlightColorValid As String"},{"name":"getHighlightHeight","signature":"getHighlightHeight As String"},{"name":"getInnerBorderWidth","signature":"getInnerBorderWidth As String"},{"name":"getInnerBoxShadow","signature":"getInnerBoxShadow As String"},{"name":"getInnerPaddingBottom","signature":"getInnerPaddingBottom As String"},{"name":"getInnerPaddingEnd","signature":"getInnerPaddingEnd As String"},{"name":"getInnerPaddingStart","signature":"getInnerPaddingStart As String"},{"name":"getInnerPaddingTop","signature":"getInnerPaddingTop As String"},{"name":"getMinHeight","signature":"getMinHeight As String"},{"name":"getPaddingBottom","signature":"getPaddingBottom As String"},{"name":"getPaddingEnd","signature":"getPaddingEnd As String"},{"name":"getPaddingStart","signature":"getPaddingStart As String"},{"name":"getPaddingTop","signature":"getPaddingTop As String"},{"name":"getRippleColor","signature":"getRippleColor As String"},{"name":"getTransition","signature":"getTransition As String"}]}