{"properties":[{"Key":"ParentID","DisplayName":"ParentID","FieldType":"String","DefaultValue":"","Description":"The ParentID of this component","List":""},{"Key":"TargetID","DisplayName":"TargetID","FieldType":"String","DefaultValue":"","Description":"The TargetID of this component","List":""},{"Key":"BorderRadius","DisplayName":"Border Radius","FieldType":"String","DefaultValue":"","Description":"Border Radius Of The Toggle Track","List":""},{"Key":"HandleBackground","DisplayName":"Handle Background","FieldType":"String","DefaultValue":"","Description":"Background Of The Toggle Handle","List":""},{"Key":"HandleBackgroundChecked","DisplayName":"Handle Background Checked","FieldType":"String","DefaultValue":"","Description":"Background Of The Toggle Handle When Checked","List":""},{"Key":"HandleBorderRadius","DisplayName":"Handle Border Radius","FieldType":"String","DefaultValue":"","Description":"Border Radius Of The Toggle Handle","List":""},{"Key":"HandleBoxShadow","DisplayName":"Handle Box Shadow","FieldType":"String","DefaultValue":"","Description":"Box Shadow Of The Toggle Handle","List":""},{"Key":"HandleHeight","DisplayName":"Handle Height","FieldType":"String","DefaultValue":"","Description":"Height Of The Toggle Handle","List":""},{"Key":"HandleMaxHeight","DisplayName":"Handle Max Height","FieldType":"String","DefaultValue":"","Description":"Maximum Height Of The Toggle Handle","List":""},{"Key":"HandleSpacing","DisplayName":"Handle Spacing","FieldType":"String","DefaultValue":"","Description":"Horizontal Spacing Around The Toggle Handle","List":""},{"Key":"HandleTransition","DisplayName":"Handle Transition","FieldType":"String","DefaultValue":"","Description":"Transition Of The Toggle Handle","List":""},{"Key":"HandleWidth","DisplayName":"Handle Width","FieldType":"String","DefaultValue":"","Description":"Width Of The Toggle Handle","List":""},{"Key":"TrackBackground","DisplayName":"Track Background","FieldType":"String","DefaultValue":"","Description":"Background Of The Toggle Track","List":""},{"Key":"TrackBackgroundChecked","DisplayName":"Track Background Checked","FieldType":"String","DefaultValue":"","Description":"Background Of The Toggle Track When Checked","List":""},{"Key":"RawClasses","DisplayName":"Classes (;)","FieldType":"String","DefaultValue":"","Description":"Classes added to the HTML tag.","List":""},{"Key":"RawStyles","DisplayName":"Styles (JSON)","FieldType":"String","DefaultValue":"","Description":"Styles added to the HTML tag. Must be a json String use = and ;","List":""}],"events":[],"methods":[{"name":"Class_Globals","signature":"Class_Globals"},{"name":"Initialize","signature":"Initialize (Callback As Object, Name As String, EventName As String)"},{"name":"getElement","signature":"getElement() As BANanoElement"},{"name":"AddComputedStyleMap","signature":"AddComputedStyleMap(ms As Map)"},{"name":"getID","signature":"getID() As String"},{"name":"AddToParent","signature":"AddToParent(targetID As String, props As Map)"},{"name":"setParentID","signature":"setParentID(s As String)"},{"name":"setTargetID","signature":"setTargetID(s As String)"},{"name":"setElement","signature":"setElement(e As BANanoElement)"},{"name":"getHere","signature":"getHere() As String"},{"name":"AddClass","signature":"AddClass(text As String)"},{"name":"RemoveClass","signature":"RemoveClass(text As String)"},{"name":"AddStyleComputed","signature":"AddStyleComputed(attr As String, text As String)"},{"name":"AddStyleMap","signature":"AddStyleMap(ms As Map)"},{"name":"AddStyle","signature":"AddStyle(k As String, v As String)"},{"name":"setRawStyles","signature":"setRawStyles(s As String)"},{"name":"setRawClasses","signature":"setRawClasses(s As String)"},{"name":"getRawStyles","signature":"getRawStyles As String"},{"name":"getRawClasses","signature":"getRawClasses As String"},{"name":"getTargetID","signature":"getTargetID As String"},{"name":"DesignerCreateView","signature":"DesignerCreateView (Target As BANanoElement, Props As Map)"},{"name":"setBorderRadius","signature":"setBorderRadius(s As String)"},{"name":"setHandleBackground","signature":"setHandleBackground(s As String)"},{"name":"setHandleBackgroundChecked","signature":"setHandleBackgroundChecked(s As String)"},{"name":"setHandleBorderRadius","signature":"setHandleBorderRadius(s As String)"},{"name":"setHandleBoxShadow","signature":"setHandleBoxShadow(s As String)"},{"name":"setHandleHeight","signature":"setHandleHeight(s As String)"},{"name":"setHandleMaxHeight","signature":"setHandleMaxHeight(s As String)"},{"name":"setHandleSpacing","signature":"setHandleSpacing(s As String)"},{"name":"setHandleTransition","signature":"setHandleTransition(s As String)"},{"name":"setHandleWidth","signature":"setHandleWidth(s As String)"},{"name":"setTrackBackground","signature":"setTrackBackground(s As String)"},{"name":"setTrackBackgroundChecked","signature":"setTrackBackgroundChecked(s As String)"},{"name":"getBorderRadius","signature":"getBorderRadius As String"},{"name":"getHandleBackground","signature":"getHandleBackground As String"},{"name":"getHandleBackgroundChecked","signature":"getHandleBackgroundChecked As String"},{"name":"getHandleBorderRadius","signature":"getHandleBorderRadius As String"},{"name":"getHandleBoxShadow","signature":"getHandleBoxShadow As String"},{"name":"getHandleHeight","signature":"getHandleHeight As String"},{"name":"getHandleMaxHeight","signature":"getHandleMaxHeight As String"},{"name":"getHandleSpacing","signature":"getHandleSpacing As String"},{"name":"getHandleTransition","signature":"getHandleTransition As String"},{"name":"getHandleWidth","signature":"getHandleWidth As String"},{"name":"getTrackBackground","signature":"getTrackBackground As String"},{"name":"getTrackBackgroundChecked","signature":"getTrackBackgroundChecked As String"}]}