{"properties":[{"Key":"ParentID","DisplayName":"ParentID","FieldType":"String","DefaultValue":"","Description":"The ParentID of this component","List":""},{"Key":"TargetID","DisplayName":"TargetID","FieldType":"String","DefaultValue":"","Description":"The TargetID of this component","List":""},{"Key":"EventName","DisplayName":"Event Name","FieldType":"String","DefaultValue":"none","Description":"Event Name","List":"none"},{"Key":"CrudActions","DisplayName":"Crud Actions","FieldType":"String","DefaultValue":"none","Description":"Crud Actions","List":"create|delete|none|read|update|view"},{"Key":"RawAddClass","DisplayName":"Add Class (JSON)","FieldType":"String","DefaultValue":"","Description":"Add Class (id~class;)","List":""},{"Key":"RawAddStyle","DisplayName":"Add Style (JSON)","FieldType":"String","DefaultValue":"","Description":"Add Style (id~style~value;)","List":""},{"Key":"RawAddAttribute","DisplayName":"Add Attribute (JSON)","FieldType":"String","DefaultValue":"","Description":"Add Attribute (id~attr~value;)","List":""},{"Key":"RawSetText","DisplayName":"Set Text (JSON)","FieldType":"String","DefaultValue":"","Description":"Set Text (id~text;)","List":""},{"Key":"RawSetValue","DisplayName":"Set Value (JSON)","FieldType":"String","DefaultValue":"","Description":"Set Value (id~value;)","List":""},{"Key":"RawToggleClass","DisplayName":"Toggle Class (JSON)","FieldType":"String","DefaultValue":"","Description":"Toggle Class (id~class;)","List":""},{"Key":"RawRemoveClass","DisplayName":"Remove Class (JSON)","FieldType":"String","DefaultValue":"","Description":"Remove Class (id~class;)","List":""},{"Key":"RawRemoveStyle","DisplayName":"Remove Style (JSON)","FieldType":"String","DefaultValue":"","Description":"Remove Style (id~style;)","List":""},{"Key":"RawRemoveAttribute","DisplayName":"Remove Attribute (JSON)","FieldType":"String","DefaultValue":"","Description":"Remove Attribute (id~attr;)","List":""},{"Key":"HasFocus","DisplayName":"Set Focus","FieldType":"String","DefaultValue":"none","Description":"Set Focus","List":"none"},{"Key":"ShowActionSheet","DisplayName":"Show Action Sheet","FieldType":"String","DefaultValue":"none","Description":"Show Action Sheet","List":"none"},{"Key":"ShowAlert","DisplayName":"Show Alert","FieldType":"String","DefaultValue":"none","Description":"Show Alert","List":"none"},{"Key":"ShowLoading","DisplayName":"Show Loading","FieldType":"String","DefaultValue":"none","Description":"Show Loading","List":"none"},{"Key":"ShowModal","DisplayName":"Show Modal","FieldType":"String","DefaultValue":"none","Description":"Show Modal","List":"none"},{"Key":"ShowPage","DisplayName":"Show Page","FieldType":"String","DefaultValue":"none","Description":"Show Page","List":"none"},{"Key":"ShowPopOver","DisplayName":"Show Pop Over","FieldType":"String","DefaultValue":"none","Description":"Show Pop Over","List":"none"},{"Key":"ShowToast","DisplayName":"Show Toast","FieldType":"String","DefaultValue":"none","Description":"Show Toast","List":"none"},{"Key":"HideActionSheet","DisplayName":"Hide Action Sheet","FieldType":"String","DefaultValue":"none","Description":"Hide Action Sheet","List":"none"},{"Key":"HideAlert","DisplayName":"Hide Alert","FieldType":"String","DefaultValue":"none","Description":"Hide Alert","List":"none"},{"Key":"HideModal","DisplayName":"Hide Modal","FieldType":"String","DefaultValue":"none","Description":"Hide Modal","List":"none"},{"Key":"TableName","DisplayName":"Table Name","FieldType":"String","DefaultValue":"","Description":"Table Name","List":""},{"Key":"PrimaryField","DisplayName":"Primary Field","FieldType":"String","DefaultValue":"","Description":"Primary Field","List":"none"},{"Key":"NextId","DisplayName":"Next Id","FieldType":"String","DefaultValue":"","Description":"Next Id","List":"none"},{"Key":"DisplayField","DisplayName":"Display Field","FieldType":"String","DefaultValue":"","Description":"Display Field","List":"none"},{"Key":"DisplayValue","DisplayName":"Display Value","FieldType":"String","DefaultValue":"","Description":"Display Value","List":"none"},{"Key":"Singular","DisplayName":"Singular","FieldType":"String","DefaultValue":"","Description":"Singular","List":""},{"Key":"Plural","DisplayName":"Plural","FieldType":"String","DefaultValue":"","Description":"Plural","List":""},{"Key":"RawClearValues","DisplayName":"Clear Values","FieldType":"String","DefaultValue":"","Description":"Clear Values","List":"none"},{"Key":"RawClearValidation","DisplayName":"Clear Validation","FieldType":"String","DefaultValue":"","Description":"Raw Validation","List":"none"},{"Key":"RawChangeColor","DisplayName":"Change Color","FieldType":"String","DefaultValue":"","Description":"Change Color","List":""},{"Key":"RawDelete","DisplayName":"Delete","FieldType":"String","DefaultValue":"","Description":"Delete","List":"none"},{"Key":"RawRead","DisplayName":"Read Fields","FieldType":"String","DefaultValue":"","Description":"Read","List":"none"},{"Key":"RawSave","DisplayName":"Save Fields","FieldType":"String","DefaultValue":"","Description":"Save","List":"none"},{"Key":"RawValidate","DisplayName":"Validate Fields","FieldType":"String","DefaultValue":"","Description":"Validate","List":"none"},{"Key":"UpdateModalTag","DisplayName":"Update Modal Tag","FieldType":"String","DefaultValue":"","Description":"Update Modal Tag","List":""}],"events":[],"methods":[{"name":"Class_Globals","signature":"Class_Globals"},{"name":"Initialize","signature":"Initialize (Callback As Object, Name As String, EventName As String)"},{"name":"AddToParent","signature":"AddToParent(targetID As String, props As Map)"},{"name":"setTargetID","signature":"setTargetID(s As String)"},{"name":"getTargetID","signature":"getTargetID As String"},{"name":"DesignerCreateView","signature":"DesignerCreateView (Target As BANanoElement, Props As Map)"},{"name":"ToString","signature":"ToString As String"},{"name":"setHasFocus","signature":"setHasFocus(s As String)"},{"name":"setRawChangeColor","signature":"setRawChangeColor(s As String)"},{"name":"setCrudActions","signature":"setCrudActions(s As String)"},{"name":"setEventName","signature":"setEventName(s As String)"},{"name":"setHideActionSheet","signature":"setHideActionSheet(s As String)"},{"name":"setHideAlert","signature":"setHideAlert(s As String)"},{"name":"setHideModal","signature":"setHideModal(s As String)"},{"name":"setAddAttribute","signature":"setAddAttribute(s As String)"},{"name":"setAddClass","signature":"setAddClass(s As String)"},{"name":"setAddStyle","signature":"setAddStyle(s As String)"},{"name":"setRemoveAttribute","signature":"setRemoveAttribute(s As String)"},{"name":"setRemoveClass","signature":"setRemoveClass(s As String)"},{"name":"setRemoveStyle","signature":"setRemoveStyle(s As String)"},{"name":"setSetText","signature":"setSetText(s As String)"},{"name":"setSetValue","signature":"setSetValue(s As String)"},{"name":"setToggleClass","signature":"setToggleClass(s As String)"},{"name":"setShowActionSheet","signature":"setShowActionSheet(s As String)"},{"name":"setShowAlert","signature":"setShowAlert(s As String)"},{"name":"setShowLoading","signature":"setShowLoading(s As String)"},{"name":"setShowModal","signature":"setShowModal(s As String)"},{"name":"setShowPage","signature":"setShowPage(s As String)"},{"name":"setShowPopOver","signature":"setShowPopOver(s As String)"},{"name":"setShowToast","signature":"setShowToast(s As String)"},{"name":"getCrudActions","signature":"getCrudActions As String"},{"name":"getEventName","signature":"getEventName As String"},{"name":"getHideActionSheet","signature":"getHideActionSheet As String"},{"name":"getHideAlert","signature":"getHideAlert As String"},{"name":"getHideModal","signature":"getHideModal As String"},{"name":"getAddAttribute","signature":"getAddAttribute As String"},{"name":"getAddClass","signature":"getAddClass As String"},{"name":"getAddStyle","signature":"getAddStyle As String"},{"name":"getRemoveAttribute","signature":"getRemoveAttribute As String"},{"name":"getRemoveClass","signature":"getRemoveClass As String"},{"name":"getRemoveStyle","signature":"getRemoveStyle As String"},{"name":"getSetText","signature":"getSetText As String"},{"name":"getSetValue","signature":"getSetValue As String"},{"name":"getToggleClass","signature":"getToggleClass As String"},{"name":"getShowActionSheet","signature":"getShowActionSheet As String"},{"name":"getShowAlert","signature":"getShowAlert As String"},{"name":"getShowLoading","signature":"getShowLoading As String"},{"name":"getShowModal","signature":"getShowModal As String"},{"name":"getShowPage","signature":"getShowPage As String"},{"name":"getShowPopOver","signature":"getShowPopOver As String"},{"name":"getShowToast","signature":"getShowToast As String"},{"name":"setDisplayField","signature":"setDisplayField(s As String)"},{"name":"setDisplayValue","signature":"setDisplayValue(s As String)"},{"name":"setNextId","signature":"setNextId(s As String)"},{"name":"setPlural","signature":"setPlural(s As String)"},{"name":"setPrimaryField","signature":"setPrimaryField(s As String)"},{"name":"setRawClearValidation","signature":"setRawClearValidation(s As String)"},{"name":"setRawClearValues","signature":"setRawClearValues(s As String)"},{"name":"setRawDelete","signature":"setRawDelete(s As String)"},{"name":"setRawRead","signature":"setRawRead(s As String)"},{"name":"setRawSave","signature":"setRawSave(s As String)"},{"name":"setRawValidate","signature":"setRawValidate(s As String)"},{"name":"setSingular","signature":"setSingular(s As String)"},{"name":"setTableName","signature":"setTableName(s As String)"},{"name":"setUpdateModalTag","signature":"setUpdateModalTag(s As String)"},{"name":"getDisplayField","signature":"getDisplayField As String"},{"name":"getDisplayValue","signature":"getDisplayValue As String"},{"name":"getNextId","signature":"getNextId As String"},{"name":"getPlural","signature":"getPlural As String"},{"name":"getPrimaryField","signature":"getPrimaryField As String"},{"name":"getRawClearValidation","signature":"getRawClearValidation As String"},{"name":"getRawClearValues","signature":"getRawClearValues As String"},{"name":"getRawDelete","signature":"getRawDelete As String"},{"name":"getRawRead","signature":"getRawRead As String"},{"name":"getRawSave","signature":"getRawSave As String"},{"name":"getRawValidate","signature":"getRawValidate As String"},{"name":"getSingular","signature":"getSingular As String"},{"name":"getTableName","signature":"getTableName As String"},{"name":"getUpdateModalTag","signature":"getUpdateModalTag As String"}]}