{"properties":[{"Key":"ParentID","DisplayName":"ParentID","FieldType":"String","DefaultValue":"","Description":"The ParentID of this component","List":""},{"Key":"TargetID","DisplayName":"TargetID","FieldType":"String","DefaultValue":"","Description":"The TargetID of this component","List":""},{"Key":"Background","DisplayName":"Background","FieldType":"String","DefaultValue":"","Description":"Background Of The Segment Button","List":""},{"Key":"BackgroundChecked","DisplayName":"Background Checked","FieldType":"String","DefaultValue":"","Description":"Background Of The Checked Segment Button","List":""},{"Key":"BackgroundFocused","DisplayName":"Background Focused","FieldType":"String","DefaultValue":"","Description":"Background Of The Segment Button When Focused With The Tab Key","List":""},{"Key":"BackgroundFocusedOpacity","DisplayName":"Background Focused Opacity","FieldType":"String","DefaultValue":"","Description":"Opacity Of The Segment Button Background When Focused With The Tab Key","List":""},{"Key":"BackgroundHover","DisplayName":"Background Hover","FieldType":"String","DefaultValue":"","Description":"Background Of The Segment Button On Hover","List":""},{"Key":"BackgroundHoverOpacity","DisplayName":"Background Hover Opacity","FieldType":"String","DefaultValue":"","Description":"Opacity Of The Segment Button Background On Hover","List":""},{"Key":"BorderColor","DisplayName":"Border Color","FieldType":"String","DefaultValue":"","Description":"Color Of The Segment Button Border","List":""},{"Key":"BorderRadius","DisplayName":"Border Radius","FieldType":"String","DefaultValue":"","Description":"Radius Of The Segment Button Border","List":""},{"Key":"BorderStyle","DisplayName":"Border Style","FieldType":"String","DefaultValue":"","Description":"Style Of The Segment Button Border","List":"dashed|dotted|double|groove|hidden|inherit|initial|inset|none|outset|ridge|solid"},{"Key":"BorderWidth","DisplayName":"Border Width","FieldType":"String","DefaultValue":"","Description":"Width Of The Segment Button Border","List":""},{"Key":"Color","DisplayName":"Color","FieldType":"String","DefaultValue":"","Description":"Color Of The Segment Button","List":""},{"Key":"ColorChecked","DisplayName":"Color Checked","FieldType":"String","DefaultValue":"","Description":"Color Of The Checked Segment Button","List":""},{"Key":"ColorFocused","DisplayName":"Color Focused","FieldType":"String","DefaultValue":"","Description":"Color Of The Segment Button When Focused With The Tab Key","List":""},{"Key":"ColorHover","DisplayName":"Color Hover","FieldType":"String","DefaultValue":"","Description":"Color Of The Segment Button On Hover","List":""},{"Key":"IndicatorBoxShadow","DisplayName":"Indicator Box Shadow","FieldType":"String","DefaultValue":"","Description":"Box Shadow On The Indicator For The Checked Segment Button","List":""},{"Key":"IndicatorColor","DisplayName":"Indicator Color","FieldType":"String","DefaultValue":"","Description":"Color Of The Indicator For The Checked Segment Button","List":""},{"Key":"IndicatorHeight","DisplayName":"Indicator Height","FieldType":"String","DefaultValue":"","Description":"Height Of The Indicator For The Checked Segment Button","List":""},{"Key":"IndicatorTransform","DisplayName":"Indicator Transform","FieldType":"String","DefaultValue":"","Description":"Transform Of The Indicator For The Checked Segment Button","List":""},{"Key":"IndicatorTransition","DisplayName":"Indicator Transition","FieldType":"String","DefaultValue":"","Description":"Transition Of The Indicator For The Checked Segment Button","List":""},{"Key":"MarginBottom","DisplayName":"Margin Bottom","FieldType":"String","DefaultValue":"","Description":"Bottom Margin Of The Segment Button","List":""},{"Key":"MarginEnd","DisplayName":"Margin End","FieldType":"String","DefaultValue":"","Description":"Right Margin If Direction Is Left-to-right- And Left Margin If Direction Is Right-to-left Of The Segment Button","List":""},{"Key":"MarginStart","DisplayName":"Margin Start","FieldType":"String","DefaultValue":"","Description":"Left Margin If Direction Is Left-to-right- And Right Margin If Direction Is Right-to-left Of The Segment Button","List":""},{"Key":"MarginTop","DisplayName":"Margin Top","FieldType":"String","DefaultValue":"","Description":"Top Margin Of The Segment Button","List":""},{"Key":"PaddingBottom","DisplayName":"Padding Bottom","FieldType":"String","DefaultValue":"","Description":"Bottom Padding Of The Segment Button","List":""},{"Key":"PaddingEnd","DisplayName":"Padding End","FieldType":"String","DefaultValue":"","Description":"Right Padding If Direction Is Left-to-right- And Left Padding If Direction Is Right-to-left Of The Segment Button","List":""},{"Key":"PaddingStart","DisplayName":"Padding Start","FieldType":"String","DefaultValue":"","Description":"Left Padding If Direction Is Left-to-right- And Right Padding If Direction Is Right-to-left Of The Segment Button","List":""},{"Key":"PaddingTop","DisplayName":"Padding Top","FieldType":"String","DefaultValue":"","Description":"Top Padding Of The Segment Button","List":""},{"Key":"Transition","DisplayName":"Transition","FieldType":"String","DefaultValue":"","Description":"Transition Of The Segment Button","List":""},{"Key":"RawClasses","DisplayName":"Classes (;)","FieldType":"String","DefaultValue":"","Description":"Classes added to the HTML tag.","List":""},{"Key":"RawStyles","DisplayName":"Styles (JSON)","FieldType":"String","DefaultValue":"","Description":"Styles added to the HTML tag. Must be a json String use = and ;","List":""}],"events":[],"methods":[{"name":"Class_Globals","signature":"Class_Globals"},{"name":"Initialize","signature":"Initialize (Callback As Object, Name As String, EventName As String)"},{"name":"getElement","signature":"getElement() As BANanoElement"},{"name":"AddComputedStyleMap","signature":"AddComputedStyleMap(ms As Map)"},{"name":"getID","signature":"getID() As String"},{"name":"AddToParent","signature":"AddToParent(targetID As String, props As Map)"},{"name":"setParentID","signature":"setParentID(s As String)"},{"name":"setTargetID","signature":"setTargetID(s As String)"},{"name":"setElement","signature":"setElement(e As BANanoElement)"},{"name":"getHere","signature":"getHere() As String"},{"name":"AddClass","signature":"AddClass(text As String)"},{"name":"RemoveClass","signature":"RemoveClass(text As String)"},{"name":"AddStyleComputed","signature":"AddStyleComputed(attr As String, text As String)"},{"name":"AddStyleMap","signature":"AddStyleMap(ms As Map)"},{"name":"AddStyle","signature":"AddStyle(k As String, v As String)"},{"name":"setRawStyles","signature":"setRawStyles(s As String)"},{"name":"setRawClasses","signature":"setRawClasses(s As String)"},{"name":"getRawStyles","signature":"getRawStyles As String"},{"name":"getRawClasses","signature":"getRawClasses As String"},{"name":"getTargetID","signature":"getTargetID As String"},{"name":"DesignerCreateView","signature":"DesignerCreateView (Target As BANanoElement, Props As Map)"},{"name":"setBackground","signature":"setBackground(s As String)"},{"name":"setBackgroundChecked","signature":"setBackgroundChecked(s As String)"},{"name":"setBackgroundFocused","signature":"setBackgroundFocused(s As String)"},{"name":"setBackgroundFocusedOpacity","signature":"setBackgroundFocusedOpacity(s As String)"},{"name":"setBackgroundHover","signature":"setBackgroundHover(s As String)"},{"name":"setBackgroundHoverOpacity","signature":"setBackgroundHoverOpacity(s As String)"},{"name":"setBorderColor","signature":"setBorderColor(s As String)"},{"name":"setBorderRadius","signature":"setBorderRadius(s As String)"},{"name":"setBorderStyle","signature":"setBorderStyle(s As String)"},{"name":"setBorderWidth","signature":"setBorderWidth(s As String)"},{"name":"setColor","signature":"setColor(s As String)"},{"name":"setColorChecked","signature":"setColorChecked(s As String)"},{"name":"setColorFocused","signature":"setColorFocused(s As String)"},{"name":"setColorHover","signature":"setColorHover(s As String)"},{"name":"setIndicatorBoxShadow","signature":"setIndicatorBoxShadow(s As String)"},{"name":"setIndicatorColor","signature":"setIndicatorColor(s As String)"},{"name":"setIndicatorHeight","signature":"setIndicatorHeight(s As String)"},{"name":"setIndicatorTransform","signature":"setIndicatorTransform(s As String)"},{"name":"setIndicatorTransition","signature":"setIndicatorTransition(s As String)"},{"name":"setMarginBottom","signature":"setMarginBottom(s As String)"},{"name":"setMarginEnd","signature":"setMarginEnd(s As String)"},{"name":"setMarginStart","signature":"setMarginStart(s As String)"},{"name":"setMarginTop","signature":"setMarginTop(s As String)"},{"name":"setPaddingBottom","signature":"setPaddingBottom(s As String)"},{"name":"setPaddingEnd","signature":"setPaddingEnd(s As String)"},{"name":"setPaddingStart","signature":"setPaddingStart(s As String)"},{"name":"setPaddingTop","signature":"setPaddingTop(s As String)"},{"name":"setTransition","signature":"setTransition(s As String)"},{"name":"getBackground","signature":"getBackground As String"},{"name":"getBackgroundChecked","signature":"getBackgroundChecked As String"},{"name":"getBackgroundFocused","signature":"getBackgroundFocused As String"},{"name":"getBackgroundFocusedOpacity","signature":"getBackgroundFocusedOpacity As String"},{"name":"getBackgroundHover","signature":"getBackgroundHover As String"},{"name":"getBackgroundHoverOpacity","signature":"getBackgroundHoverOpacity As String"},{"name":"getBorderColor","signature":"getBorderColor As String"},{"name":"getBorderRadius","signature":"getBorderRadius As String"},{"name":"getBorderStyle","signature":"getBorderStyle As String"},{"name":"getBorderWidth","signature":"getBorderWidth As String"},{"name":"getColor","signature":"getColor As String"},{"name":"getColorChecked","signature":"getColorChecked As String"},{"name":"getColorFocused","signature":"getColorFocused As String"},{"name":"getColorHover","signature":"getColorHover As String"},{"name":"getIndicatorBoxShadow","signature":"getIndicatorBoxShadow As String"},{"name":"getIndicatorColor","signature":"getIndicatorColor As String"},{"name":"getIndicatorHeight","signature":"getIndicatorHeight As String"},{"name":"getIndicatorTransform","signature":"getIndicatorTransform As String"},{"name":"getIndicatorTransition","signature":"getIndicatorTransition As String"},{"name":"getMarginBottom","signature":"getMarginBottom As String"},{"name":"getMarginEnd","signature":"getMarginEnd As String"},{"name":"getMarginStart","signature":"getMarginStart As String"},{"name":"getMarginTop","signature":"getMarginTop As String"},{"name":"getPaddingBottom","signature":"getPaddingBottom As String"},{"name":"getPaddingEnd","signature":"getPaddingEnd As String"},{"name":"getPaddingStart","signature":"getPaddingStart As String"},{"name":"getPaddingTop","signature":"getPaddingTop As String"},{"name":"getTransition","signature":"getTransition As String"}]}