{"properties":[{"Key":"ParentID","DisplayName":"ParentID","FieldType":"String","DefaultValue":"","Description":"The ParentID of this div","List":""},{"Key":"IonTextCenter","DisplayName":"Ion Text Center","FieldType":"Boolean","DefaultValue":"False","Description":"Ion Text Center","List":""},{"Key":"Display","DisplayName":"Display","FieldType":"String","DefaultValue":"","Description":"Display","List":"block|contents|flex|grid|inherit|initial|inline|inline-block|none|default"},{"Key":"AlignItems","DisplayName":"Align Items (YAxis)","FieldType":"String","DefaultValue":"none","Description":"Align Items","List":"ion-align-items-baseline|ion-align-items-center|ion-align-items-end|ion-align-items-start|ion-align-items-stretch|none"},{"Key":"JustifyContent","DisplayName":"Justify Content (XAxis)","FieldType":"String","DefaultValue":"none","Description":"Justify Content","List":"ion-justify-content-around|ion-justify-content-between|ion-justify-content-center|ion-justify-content-end|ion-justify-content-evenly|ion-justify-content-start|none"},{"Key":"TextAlign","DisplayName":"Text Align (Horizontal)","FieldType":"String","DefaultValue":"none","Description":"Text Align","List":"center|justify|left|none|right|start|end"},{"Key":"VerticalAlign","DisplayName":"Vertical Align","FieldType":"String","DefaultValue":"none","Description":"Text Align","List":"baseline|sub|super|top|text-top|middle|bottom|text-bottom|initial|inherit|none"},{"Key":"Mode","DisplayName":"Mode","FieldType":"String","DefaultValue":"ios","Description":"Mode","List":"ios|md"},{"Key":"Visible","DisplayName":"Visible","FieldType":"Boolean","DefaultValue":"True","Description":"If visible.","List":""},{"Key":"MarginAXYTBLR","DisplayName":"Margins","FieldType":"String","DefaultValue":"a=?; x=?; y=?; t=?; b=?; l=?; r=?","Description":"Margins A(all)-X(LR)-Y(TB)-T-B-L-R","List":""},{"Key":"PaddingAXYTBLR","DisplayName":"Paddings","FieldType":"String","DefaultValue":"a=?; x=?; y=?; t=?; b=?; l=?; r=?","Description":"Paddings A(all)-X(LR)-Y(TB)-T-B-L-R","List":""},{"Key":"RawClasses","DisplayName":"Classes (;)","FieldType":"String","DefaultValue":"","Description":"Classes added to the HTML tag.","List":""},{"Key":"RawStyles","DisplayName":"Styles (JSON)","FieldType":"String","DefaultValue":"","Description":"Styles added to the HTML tag. Must be a json String use = and ;","List":""},{"Key":"RawAttributes","DisplayName":"Attributes (JSON)","FieldType":"String","DefaultValue":"","Description":"Attributes added to the HTML tag. Must be a json String use = and ;","List":""}],"events":[],"methods":[{"name":"Class_Globals","signature":"Class_Globals"},{"name":"Initialize","signature":"Initialize (Callback As Object, Name As String, EventName As String)"},{"name":"getElement","signature":"getElement() As BANanoElement"},{"name":"getID","signature":"getID() As String"},{"name":"AddToParent","signature":"AddToParent(targetID As String, props As Map)"},{"name":"Remove","signature":"Remove()"},{"name":"setElement","signature":"setElement(e As BANanoElement)"},{"name":"LinkExisting","signature":"LinkExisting"},{"name":"TriggerEvent","signature":"TriggerEvent(event As String, params() As String)"},{"name":"getHere","signature":"getHere() As String"},{"name":"SetAttr","signature":"SetAttr(attr As String, text As String)"},{"name":"SetDataAttr","signature":"SetDataAttr(attr As String, text As String)"},{"name":"GetDataAttr","signature":"GetDataAttr(attr As String) As String"},{"name":"GetAttr","signature":"GetAttr(attr As String) As String"},{"name":"AddClass","signature":"AddClass(text As String)"},{"name":"RemoveClass","signature":"RemoveClass(text As String)"},{"name":"AddAttr","signature":"AddAttr(ms As Map)"},{"name":"RemoveAttr","signature":"RemoveAttr(attr As String)"},{"name":"AddStyleComputed","signature":"AddStyleComputed(attr As String, text As String)"},{"name":"AddStyle","signature":"AddStyle(ms As Map)"},{"name":"setVisible","signature":"setVisible(b As Boolean)"},{"name":"getVisible","signature":"getVisible As Boolean"},{"name":"On","signature":"On(event As String, args As List)"},{"name":"OnEvent","signature":"OnEvent(event As String, Module As Object, methodName As String, args As List)"},{"name":"DesignerCreateView","signature":"DesignerCreateView (Target As BANanoElement, Props As Map)"},{"name":"setIonTextCenter","signature":"setIonTextCenter(b As Boolean)"},{"name":"getIonTextCenter","signature":"getIonTextCenter As Boolean"},{"name":"setVerticalAlign","signature":"setVerticalAlign(s As String)"},{"name":"getVerticalAlign","signature":"getVerticalAlign As String"},{"name":"setDisplay","signature":"setDisplay(s As String)"},{"name":"getDisplay","signature":"getDisplay As String"},{"name":"setTextAlign","signature":"setTextAlign(s As String)"},{"name":"getTextAlign","signature":"getTextAlign As String"},{"name":"setMode","signature":"setMode(s As String)"},{"name":"setParentID","signature":"setParentID(sParentID As String)"},{"name":"setAlignItems","signature":"setAlignItems(s As String)"},{"name":"setJustifyContent","signature":"setJustifyContent(s As String)"},{"name":"getAlignItems","signature":"getAlignItems As String"},{"name":"getJustifyContent","signature":"getJustifyContent As String"},{"name":"getRoot","signature":"getRoot As SHLabel"},{"name":"setRawAttributes","signature":"setRawAttributes(s As String)"},{"name":"setRawStyles","signature":"setRawStyles(s As String)"},{"name":"setRawClasses","signature":"setRawClasses(s As String)"},{"name":"setPaddingAXYTBLR","signature":"setPaddingAXYTBLR(s As String)"},{"name":"setMarginAXYTBLR","signature":"setMarginAXYTBLR(s As String)"},{"name":"getParentID","signature":"getParentID As String"},{"name":"getMode","signature":"getMode As String"},{"name":"getMarginAXYTBLR","signature":"getMarginAXYTBLR As String"},{"name":"getPaddingAXYTBLR","signature":"getPaddingAXYTBLR As String"},{"name":"getRawClasses","signature":"getRawClasses As String"},{"name":"getRawStyles","signature":"getRawStyles As String"},{"name":"getRawAttributes","signature":"getRawAttributes As String"}]}