{"properties":[{"Key":"ParentID","DisplayName":"ParentID","FieldType":"String","DefaultValue":"","Description":"The ParentID of this component","List":""},{"Key":"TargetID","DisplayName":"TargetID","FieldType":"String","DefaultValue":"","Description":"The TargetID of this component","List":""},{"Key":"BarBackground","DisplayName":"Bar Background","FieldType":"String","DefaultValue":"","Description":"Background Of The Range Bar","List":""},{"Key":"BarBackgroundActive","DisplayName":"Bar Background Active","FieldType":"String","DefaultValue":"","Description":"Background Of The Active Range Bar","List":""},{"Key":"BarBorderRadius","DisplayName":"Bar Border Radius","FieldType":"String","DefaultValue":"","Description":"Border Radius Of The Range Bar","List":""},{"Key":"BarHeight","DisplayName":"Bar Height","FieldType":"String","DefaultValue":"","Description":"Height Of The Range Bar","List":""},{"Key":"Height","DisplayName":"Height","FieldType":"String","DefaultValue":"","Description":"Height Of The Range","List":""},{"Key":"KnobBackground","DisplayName":"Knob Background","FieldType":"String","DefaultValue":"","Description":"Background Of The Range Knob","List":""},{"Key":"KnobBorderRadius","DisplayName":"Knob Border Radius","FieldType":"String","DefaultValue":"","Description":"Border Radius Of The Range Knob","List":""},{"Key":"KnobBoxShadow","DisplayName":"Knob Box Shadow","FieldType":"String","DefaultValue":"","Description":"Box Shadow Of The Range Knob","List":""},{"Key":"KnobSize","DisplayName":"Knob Size","FieldType":"String","DefaultValue":"","Description":"Size Of The Range Knob","List":""},{"Key":"PinBackground","DisplayName":"Pin Background","FieldType":"String","DefaultValue":"","Description":"Background Of The Range Pin (only Available In Md Mode)","List":""},{"Key":"PinColor","DisplayName":"Pin Color","FieldType":"String","DefaultValue":"","Description":"Color Of The Range Pin (only Available In Md Mode)","List":""},{"Key":"RawClasses","DisplayName":"Classes (;)","FieldType":"String","DefaultValue":"","Description":"Classes added to the HTML tag.","List":""},{"Key":"RawStyles","DisplayName":"Styles (JSON)","FieldType":"String","DefaultValue":"","Description":"Styles added to the HTML tag. Must be a json String use = and ;","List":""}],"events":[],"methods":[{"name":"Class_Globals","signature":"Class_Globals"},{"name":"Initialize","signature":"Initialize (Callback As Object, Name As String, EventName As String)"},{"name":"getElement","signature":"getElement() As BANanoElement"},{"name":"AddComputedStyleMap","signature":"AddComputedStyleMap(ms As Map)"},{"name":"getID","signature":"getID() As String"},{"name":"AddToParent","signature":"AddToParent(targetID As String, props As Map)"},{"name":"setParentID","signature":"setParentID(s As String)"},{"name":"setTargetID","signature":"setTargetID(s As String)"},{"name":"setElement","signature":"setElement(e As BANanoElement)"},{"name":"getHere","signature":"getHere() As String"},{"name":"AddClass","signature":"AddClass(text As String)"},{"name":"RemoveClass","signature":"RemoveClass(text As String)"},{"name":"AddStyleComputed","signature":"AddStyleComputed(attr As String, text As String)"},{"name":"AddStyleMap","signature":"AddStyleMap(ms As Map)"},{"name":"AddStyle","signature":"AddStyle(k As String, v As String)"},{"name":"setRawStyles","signature":"setRawStyles(s As String)"},{"name":"setRawClasses","signature":"setRawClasses(s As String)"},{"name":"getRawStyles","signature":"getRawStyles As String"},{"name":"getRawClasses","signature":"getRawClasses As String"},{"name":"getTargetID","signature":"getTargetID As String"},{"name":"DesignerCreateView","signature":"DesignerCreateView (Target As BANanoElement, Props As Map)"},{"name":"setBarBackground","signature":"setBarBackground(s As String)"},{"name":"setBarBackgroundActive","signature":"setBarBackgroundActive(s As String)"},{"name":"setBarBorderRadius","signature":"setBarBorderRadius(s As String)"},{"name":"setBarHeight","signature":"setBarHeight(s As String)"},{"name":"setHeight","signature":"setHeight(s As String)"},{"name":"setKnobBackground","signature":"setKnobBackground(s As String)"},{"name":"setKnobBorderRadius","signature":"setKnobBorderRadius(s As String)"},{"name":"setKnobBoxShadow","signature":"setKnobBoxShadow(s As String)"},{"name":"setKnobSize","signature":"setKnobSize(s As String)"},{"name":"setPinBackground","signature":"setPinBackground(s As String)"},{"name":"setPinColor","signature":"setPinColor(s As String)"},{"name":"getBarBackground","signature":"getBarBackground As String"},{"name":"getBarBackgroundActive","signature":"getBarBackgroundActive As String"},{"name":"getBarBorderRadius","signature":"getBarBorderRadius As String"},{"name":"getBarHeight","signature":"getBarHeight As String"},{"name":"getHeight","signature":"getHeight As String"},{"name":"getKnobBackground","signature":"getKnobBackground As String"},{"name":"getKnobBorderRadius","signature":"getKnobBorderRadius As String"},{"name":"getKnobBoxShadow","signature":"getKnobBoxShadow As String"},{"name":"getKnobSize","signature":"getKnobSize As String"},{"name":"getPinBackground","signature":"getPinBackground As String"},{"name":"getPinColor","signature":"getPinColor As String"}]}