{"properties":[{"Key":"ParentID","DisplayName":"ParentID","FieldType":"String","DefaultValue":"","Description":"The ParentID of this component","List":""},{"Key":"TargetID","DisplayName":"TargetID","FieldType":"String","DefaultValue":"","Description":"The TargetID of this component","List":""},{"Key":"Background","DisplayName":"Background","FieldType":"String","DefaultValue":"","Description":"The Primary Background Of The Datetime Component.","List":""},{"Key":"BackgroundRgb","DisplayName":"Background Rgb","FieldType":"String","DefaultValue":"","Description":"The Primary Background Of The Datetime Component In Rgb Format.","List":""},{"Key":"TitleColor","DisplayName":"Title Color","FieldType":"String","DefaultValue":"","Description":"The Text Color Of The Title.","List":""},{"Key":"WheelFadeBackgroundRgb","DisplayName":"Wheel Fade Background Rgb","FieldType":"String","DefaultValue":"","Description":"The Color Of The Gradient Covering Non-selected Items When Using A Wheel Style Layout- Or In The Month/year Picker For Grid Style Layouts. Must Be In Rgb Format- E.g. 255- 255- 255.","List":""},{"Key":"WheelHighlightBackground","DisplayName":"Wheel Highlight Background","FieldType":"String","DefaultValue":"","Description":"The Background Of The Highlight Under The Selected Item When Using A Wheel Style Layout- Or In The Month/year Picker For Grid Style Layouts.","List":""},{"Key":"RawClasses","DisplayName":"Classes (;)","FieldType":"String","DefaultValue":"","Description":"Classes added to the HTML tag.","List":""},{"Key":"RawStyles","DisplayName":"Styles (JSON)","FieldType":"String","DefaultValue":"","Description":"Styles added to the HTML tag. Must be a json String use = and ;","List":""}],"events":[],"methods":[{"name":"Class_Globals","signature":"Class_Globals"},{"name":"Initialize","signature":"Initialize (Callback As Object, Name As String, EventName As String)"},{"name":"getElement","signature":"getElement() As BANanoElement"},{"name":"AddComputedStyleMap","signature":"AddComputedStyleMap(ms As Map)"},{"name":"getID","signature":"getID() As String"},{"name":"AddToParent","signature":"AddToParent(targetID As String, props As Map)"},{"name":"setParentID","signature":"setParentID(s As String)"},{"name":"setTargetID","signature":"setTargetID(s As String)"},{"name":"setElement","signature":"setElement(e As BANanoElement)"},{"name":"getHere","signature":"getHere() As String"},{"name":"AddClass","signature":"AddClass(text As String)"},{"name":"RemoveClass","signature":"RemoveClass(text As String)"},{"name":"AddStyleComputed","signature":"AddStyleComputed(attr As String, text As String)"},{"name":"AddStyleMap","signature":"AddStyleMap(ms As Map)"},{"name":"AddStyle","signature":"AddStyle(k As String, v As String)"},{"name":"setRawStyles","signature":"setRawStyles(s As String)"},{"name":"setRawClasses","signature":"setRawClasses(s As String)"},{"name":"getRawStyles","signature":"getRawStyles As String"},{"name":"getRawClasses","signature":"getRawClasses As String"},{"name":"getTargetID","signature":"getTargetID As String"},{"name":"DesignerCreateView","signature":"DesignerCreateView (Target As BANanoElement, Props As Map)"},{"name":"setBackground","signature":"setBackground(s As String)"},{"name":"setBackgroundRgb","signature":"setBackgroundRgb(s As String)"},{"name":"setTitleColor","signature":"setTitleColor(s As String)"},{"name":"setWheelFadeBackgroundRgb","signature":"setWheelFadeBackgroundRgb(s As String)"},{"name":"setWheelHighlightBackground","signature":"setWheelHighlightBackground(s As String)"},{"name":"getBackground","signature":"getBackground As String"},{"name":"getBackgroundRgb","signature":"getBackgroundRgb As String"},{"name":"getTitleColor","signature":"getTitleColor As String"},{"name":"getWheelFadeBackgroundRgb","signature":"getWheelFadeBackgroundRgb As String"},{"name":"getWheelHighlightBackground","signature":"getWheelHighlightBackground As String"}]}