{"properties":[{"Key":"ParentID","DisplayName":"ParentID","FieldType":"String","DefaultValue":"","Description":"The ParentID of this component","List":""},{"Key":"Color","DisplayName":"Color","FieldType":"String","DefaultValue":"none","Description":"Color","List":"danger|dark|light|medium|none|primary|secondary|success|tertiary|warning"},{"Key":"Disabled","DisplayName":"Disabled","FieldType":"Boolean","DefaultValue":"False","Description":"Disabled","List":""},{"Key":"Mode","DisplayName":"Mode","FieldType":"String","DefaultValue":"ios","Description":"Mode","List":"ios|md"},{"Key":"Scrollable","DisplayName":"Scrollable","FieldType":"Boolean","DefaultValue":"False","Description":"Scrollable","List":""},{"Key":"SelectOnFocus","DisplayName":"Select On Focus","FieldType":"Boolean","DefaultValue":"False","Description":"Select On Focus","List":""},{"Key":"SwipeGesture","DisplayName":"Swipe Gesture","FieldType":"Boolean","DefaultValue":"True","Description":"Swipe Gesture","List":""},{"Key":"Value","DisplayName":"Value","FieldType":"String","DefaultValue":"","Description":"Value","List":""},{"Key":"Visible","DisplayName":"Visible","FieldType":"Boolean","DefaultValue":"True","Description":"If visible.","List":""},{"Key":"ColumnName","DisplayName":"Column Name","FieldType":"String","DefaultValue":"","Description":"Column Name","List":""},{"Key":"ColumnType","DisplayName":"Column Type","FieldType":"String","DefaultValue":"string","Description":"Column Type","List":"blob|bool|double|int|string"},{"Key":"PaddingAXYTBLR","DisplayName":"Paddings","FieldType":"String","DefaultValue":"a=?; x=?; y=?; t=?; b=?; l=?; r=?","Description":"Paddings A(all)-X(LR)-Y(TB)-T-B-L-R","List":""},{"Key":"MarginAXYTBLR","DisplayName":"Margins","FieldType":"String","DefaultValue":"a=?; x=?; y=?; t=?; b=?; l=?; r=?","Description":"Margins A(all)-X(LR)-Y(TB)-T-B-L-R","List":""},{"Key":"RawClasses","DisplayName":"Classes (;)","FieldType":"String","DefaultValue":"","Description":"Classes added to the HTML tag.","List":""},{"Key":"RawStyles","DisplayName":"Styles (JSON)","FieldType":"String","DefaultValue":"","Description":"Styles added to the HTML tag. Must be a json String use = and ;","List":""},{"Key":"RawAttributes","DisplayName":"Attributes (JSON)","FieldType":"String","DefaultValue":"","Description":"Attributes added to the HTML tag. Must be a json String use = and ;","List":""}],"events":[{"name":"IonChange (value As String)"}],"methods":[{"name":"Class_Globals","signature":"Class_Globals"},{"name":"LinkExisting","signature":"LinkExisting"},{"name":"Initialize","signature":"Initialize (Callback As Object, Name As String, EventName As String)"},{"name":"getElement","signature":"getElement() As BANanoElement"},{"name":"getID","signature":"getID() As String"},{"name":"AddToParent","signature":"AddToParent(targetID As String, props As Map)"},{"name":"Remove","signature":"Remove()"},{"name":"TriggerEvent","signature":"TriggerEvent(event As String, params() As String)"},{"name":"getHere","signature":"getHere() As String"},{"name":"SetAttr","signature":"SetAttr(attr As String, text As String)"},{"name":"SetDataAttr","signature":"SetDataAttr(attr As String, text As String)"},{"name":"GetDataAttr","signature":"GetDataAttr(attr As String) As String"},{"name":"GetAttr","signature":"GetAttr(attr As String) As String"},{"name":"AddClass","signature":"AddClass(text As String)"},{"name":"RemoveClass","signature":"RemoveClass(text As String)"},{"name":"AddAttr","signature":"AddAttr(ms As Map)"},{"name":"RemoveAttr","signature":"RemoveAttr(attr As String)"},{"name":"AddStyleComputed","signature":"AddStyleComputed(attr As String, text As String)"},{"name":"AddStyle","signature":"AddStyle(ms As Map)"},{"name":"setVisible","signature":"setVisible(b As Boolean)"},{"name":"getVisible","signature":"getVisible As Boolean"},{"name":"On","signature":"On(event As String, args As List)"},{"name":"OnEvent","signature":"OnEvent(event As String, Module As Object, methodName As String, args As List)"},{"name":"setValue","signature":"setValue(text As String)"},{"name":"getValue","signature":"getValue As String"},{"name":"DesignerCreateView","signature":"DesignerCreateView (Target As BANanoElement, Props As Map)"},{"name":"setColor","signature":"setColor(s As String)"},{"name":"setDisabled","signature":"setDisabled(b As Boolean)"},{"name":"setMode","signature":"setMode(s As String)"},{"name":"setScrollable","signature":"setScrollable(b As boolean)"},{"name":"setSelectOnFocus","signature":"setSelectOnFocus(b As boolean)"},{"name":"setSwipeGesture","signature":"setSwipeGesture(b As boolean)"},{"name":"getColor","signature":"getColor As String"},{"name":"getDisabled","signature":"getDisabled As Boolean"},{"name":"getMode","signature":"getMode As String"},{"name":"getScrollable","signature":"getScrollable As Boolean"},{"name":"getSelectOnFocus","signature":"getSelectOnFocus As Boolean"},{"name":"getSwipeGesture","signature":"getSwipeGesture As Boolean"},{"name":"getRoot","signature":"getRoot As SHLabel"},{"name":"Append","signature":"Append(tmp As Object)"},{"name":"setParentID","signature":"setParentID(s As String)"},{"name":"getParentID","signature":"getParentID As String"},{"name":"setPaddingAXYTBLR","signature":"setPaddingAXYTBLR(s As String)"},{"name":"getPaddingAXYTBLR","signature":"getPaddingAXYTBLR As String"},{"name":"setMarginAXYTBLR","signature":"setMarginAXYTBLR(s As String)"},{"name":"getMarginAXYTBLR","signature":"getMarginAXYTBLR As String"},{"name":"setRawClasses","signature":"setRawClasses(s As String)"},{"name":"getRawClasses","signature":"getRawClasses As String"},{"name":"setRawStyles","signature":"setRawStyles(s As String)"},{"name":"getRawStyles","signature":"getRawStyles As String"},{"name":"setRawAttributes","signature":"setRawAttributes(s As String)"},{"name":"getRawAttributes","signature":"getRawAttributes As String"},{"name":"setColumnName","signature":"setColumnName(s As String)"},{"name":"setColumnType","signature":"setColumnType(s As String)"},{"name":"getColumnName","signature":"getColumnName As String"},{"name":"getColumnType","signature":"getColumnType As String"}]}