{"properties":[{"Key":"ParentID","DisplayName":"ParentID","FieldType":"String","DefaultValue":"","Description":"The ParentID of this component","List":""},{"Key":"TargetID","DisplayName":"TargetID","FieldType":"String","DefaultValue":"","Description":"The TargetID of this component","List":""},{"Key":"BackdropOpacity","DisplayName":"Backdrop Opacity","FieldType":"String","DefaultValue":"","Description":"Opacity Of The Backdrop","List":""},{"Key":"Background","DisplayName":"Background","FieldType":"String","DefaultValue":"","Description":"Background Of The Action Sheet Group","List":""},{"Key":"ButtonBackground","DisplayName":"Button Background","FieldType":"String","DefaultValue":"","Description":"Background Of The Action Sheet Button","List":""},{"Key":"ButtonBackgroundActivated","DisplayName":"Button Background Activated","FieldType":"String","DefaultValue":"","Description":"Background Of The Action Sheet Button When Pressed. Note- Setting This Will Interfere With The Material Design Ripple.","List":""},{"Key":"ButtonBackgroundActivatedOpacity","DisplayName":"Button Background Activated Opacity","FieldType":"String","DefaultValue":"","Description":"Opacity Of The Action Sheet Button Background When Pressed","List":""},{"Key":"ButtonBackgroundFocused","DisplayName":"Button Background Focused","FieldType":"String","DefaultValue":"","Description":"Background Of The Action Sheet Button When Tabbed To","List":""},{"Key":"ButtonBackgroundFocusedOpacity","DisplayName":"Button Background Focused Opacity","FieldType":"String","DefaultValue":"","Description":"Opacity Of The Action Sheet Button Background When Tabbed To","List":""},{"Key":"ButtonBackgroundHover","DisplayName":"Button Background Hover","FieldType":"String","DefaultValue":"","Description":"Background Of The Action Sheet Button On Hover","List":""},{"Key":"ButtonBackgroundHoverOpacity","DisplayName":"Button Background Hover Opacity","FieldType":"String","DefaultValue":"","Description":"Opacity Of The Action Sheet Button Background On Hover","List":""},{"Key":"ButtonBackgroundSelected","DisplayName":"Button Background Selected","FieldType":"String","DefaultValue":"","Description":"Background Of The Selected Action Sheet Button","List":""},{"Key":"ButtonBackgroundSelectedOpacity","DisplayName":"Button Background Selected Opacity","FieldType":"String","DefaultValue":"","Description":"Opacity Of The Selected Action Sheet Button Background","List":""},{"Key":"ButtonColor","DisplayName":"Button Color","FieldType":"String","DefaultValue":"","Description":"Color Of The Action Sheet Button","List":""},{"Key":"ButtonColorActivated","DisplayName":"Button Color Activated","FieldType":"String","DefaultValue":"","Description":"Color Of The Action Sheet Button When Pressed","List":""},{"Key":"ButtonColorFocused","DisplayName":"Button Color Focused","FieldType":"String","DefaultValue":"","Description":"Color Of The Action Sheet Button When Tabbed To","List":""},{"Key":"ButtonColorHover","DisplayName":"Button Color Hover","FieldType":"String","DefaultValue":"","Description":"Color Of The Action Sheet Button On Hover","List":""},{"Key":"ButtonColorSelected","DisplayName":"Button Color Selected","FieldType":"String","DefaultValue":"","Description":"Color Of The Selected Action Sheet Button","List":""},{"Key":"Color","DisplayName":"Color","FieldType":"String","DefaultValue":"","Description":"Color Of The Action Sheet Text","List":""},{"Key":"Height","DisplayName":"Height","FieldType":"String","DefaultValue":"","Description":"Height Of The Action Sheet","List":""},{"Key":"MaxHeight","DisplayName":"Max Height","FieldType":"String","DefaultValue":"","Description":"Maximum Height Of The Action Sheet","List":""},{"Key":"MaxWidth","DisplayName":"Max Width","FieldType":"String","DefaultValue":"","Description":"Maximum Width Of The Action Sheet","List":""},{"Key":"MinHeight","DisplayName":"Min Height","FieldType":"String","DefaultValue":"","Description":"Minimum Height Of The Action Sheet","List":""},{"Key":"MinWidth","DisplayName":"Min Width","FieldType":"String","DefaultValue":"","Description":"Minimum Width Of The Action Sheet","List":""},{"Key":"Width","DisplayName":"Width","FieldType":"String","DefaultValue":"","Description":"Width Of The Action Sheet","List":""},{"Key":"RawClasses","DisplayName":"Classes (;)","FieldType":"String","DefaultValue":"","Description":"Classes added to the HTML tag.","List":""},{"Key":"RawStyles","DisplayName":"Styles (JSON)","FieldType":"String","DefaultValue":"","Description":"Styles added to the HTML tag. Must be a json String use = and ;","List":""}],"events":[],"methods":[{"name":"Class_Globals","signature":"Class_Globals"},{"name":"Initialize","signature":"Initialize (Callback As Object, Name As String, EventName As String)"},{"name":"getElement","signature":"getElement() As BANanoElement"},{"name":"AddComputedStyleMap","signature":"AddComputedStyleMap(ms As Map)"},{"name":"getID","signature":"getID() As String"},{"name":"AddToParent","signature":"AddToParent(targetID As String, props As Map)"},{"name":"setParentID","signature":"setParentID(s As String)"},{"name":"setTargetID","signature":"setTargetID(s As String)"},{"name":"setElement","signature":"setElement(e As BANanoElement)"},{"name":"getHere","signature":"getHere() As String"},{"name":"AddClass","signature":"AddClass(text As String)"},{"name":"RemoveClass","signature":"RemoveClass(text As String)"},{"name":"AddStyleComputed","signature":"AddStyleComputed(attr As String, text As String)"},{"name":"AddStyleMap","signature":"AddStyleMap(ms As Map)"},{"name":"AddStyle","signature":"AddStyle(k As String, v As String)"},{"name":"setRawStyles","signature":"setRawStyles(s As String)"},{"name":"setRawClasses","signature":"setRawClasses(s As String)"},{"name":"getRawStyles","signature":"getRawStyles As String"},{"name":"getRawClasses","signature":"getRawClasses As String"},{"name":"getTargetID","signature":"getTargetID As String"},{"name":"DesignerCreateView","signature":"DesignerCreateView (Target As BANanoElement, Props As Map)"},{"name":"setBackdropOpacity","signature":"setBackdropOpacity(s As String)"},{"name":"setBackground","signature":"setBackground(s As String)"},{"name":"setButtonBackground","signature":"setButtonBackground(s As String)"},{"name":"setButtonBackgroundActivated","signature":"setButtonBackgroundActivated(s As String)"},{"name":"setButtonBackgroundActivatedOpacity","signature":"setButtonBackgroundActivatedOpacity(s As String)"},{"name":"setButtonBackgroundFocused","signature":"setButtonBackgroundFocused(s As String)"},{"name":"setButtonBackgroundFocusedOpacity","signature":"setButtonBackgroundFocusedOpacity(s As String)"},{"name":"setButtonBackgroundHover","signature":"setButtonBackgroundHover(s As String)"},{"name":"setButtonBackgroundHoverOpacity","signature":"setButtonBackgroundHoverOpacity(s As String)"},{"name":"setButtonBackgroundSelected","signature":"setButtonBackgroundSelected(s As String)"},{"name":"setButtonBackgroundSelectedOpacity","signature":"setButtonBackgroundSelectedOpacity(s As String)"},{"name":"setButtonColor","signature":"setButtonColor(s As String)"},{"name":"setButtonColorActivated","signature":"setButtonColorActivated(s As String)"},{"name":"setButtonColorFocused","signature":"setButtonColorFocused(s As String)"},{"name":"setButtonColorHover","signature":"setButtonColorHover(s As String)"},{"name":"setButtonColorSelected","signature":"setButtonColorSelected(s As String)"},{"name":"setColor","signature":"setColor(s As String)"},{"name":"setHeight","signature":"setHeight(s As String)"},{"name":"setMaxHeight","signature":"setMaxHeight(s As String)"},{"name":"setMaxWidth","signature":"setMaxWidth(s As String)"},{"name":"setMinHeight","signature":"setMinHeight(s As String)"},{"name":"setMinWidth","signature":"setMinWidth(s As String)"},{"name":"setWidth","signature":"setWidth(s As String)"},{"name":"getBackdropOpacity","signature":"getBackdropOpacity As String"},{"name":"getBackground","signature":"getBackground As String"},{"name":"getButtonBackground","signature":"getButtonBackground As String"},{"name":"getButtonBackgroundActivated","signature":"getButtonBackgroundActivated As String"},{"name":"getButtonBackgroundActivatedOpacity","signature":"getButtonBackgroundActivatedOpacity As String"},{"name":"getButtonBackgroundFocused","signature":"getButtonBackgroundFocused As String"},{"name":"getButtonBackgroundFocusedOpacity","signature":"getButtonBackgroundFocusedOpacity As String"},{"name":"getButtonBackgroundHover","signature":"getButtonBackgroundHover As String"},{"name":"getButtonBackgroundHoverOpacity","signature":"getButtonBackgroundHoverOpacity As String"},{"name":"getButtonBackgroundSelected","signature":"getButtonBackgroundSelected As String"},{"name":"getButtonBackgroundSelectedOpacity","signature":"getButtonBackgroundSelectedOpacity As String"},{"name":"getButtonColor","signature":"getButtonColor As String"},{"name":"getButtonColorActivated","signature":"getButtonColorActivated As String"},{"name":"getButtonColorFocused","signature":"getButtonColorFocused As String"},{"name":"getButtonColorHover","signature":"getButtonColorHover As String"},{"name":"getButtonColorSelected","signature":"getButtonColorSelected As String"},{"name":"getColor","signature":"getColor As String"},{"name":"getHeight","signature":"getHeight As String"},{"name":"getMaxHeight","signature":"getMaxHeight As String"},{"name":"getMaxWidth","signature":"getMaxWidth As String"},{"name":"getMinHeight","signature":"getMinHeight As String"},{"name":"getMinWidth","signature":"getMinWidth As String"},{"name":"getWidth","signature":"getWidth As String"}]}