{"properties":[{"Key":"ParentID","DisplayName":"ParentID","FieldType":"String","DefaultValue":"","Description":"The ParentID of this component","List":""},{"Key":"ToastType","DisplayName":"Toast Type","FieldType":"String","DefaultValue":"custom","Description":"Toast Type","List":"ok-cancel|ok-only|retry-cancel|yes-no|yes-no-cancel|custom"},{"Key":"Animated","DisplayName":"Animated","FieldType":"Boolean","DefaultValue":"True","Description":"Animated","List":""},{"Key":"Color","DisplayName":"Color","FieldType":"String","DefaultValue":"none","Description":"Color","List":"danger|dark|light|medium|none|primary|secondary|success|tertiary|warning"},{"Key":"CssClass","DisplayName":"Css Class","FieldType":"String","DefaultValue":"","Description":"Css Class","List":""},{"Key":"Duration","DisplayName":"Duration","FieldType":"Int","DefaultValue":"0","Description":"Duration","List":""},{"Key":"EnterAnimation","DisplayName":"Enter Animation","FieldType":"String","DefaultValue":"","Description":"Enter Animation","List":""},{"Key":"Icon","DisplayName":"Icon","FieldType":"String","DefaultValue":"","Description":"Icon","List":""},{"Key":"Header","DisplayName":"Header","FieldType":"String","DefaultValue":"","Description":"Header","List":""},{"Key":"Message","DisplayName":"Message","FieldType":"String","DefaultValue":"","Description":"Message","List":""},{"Key":"IsOpen","DisplayName":"Is Open","FieldType":"Boolean","DefaultValue":"False","Description":"Is Open","List":""},{"Key":"KeyboardClose","DisplayName":"Keyboard Close","FieldType":"Boolean","DefaultValue":"False","Description":"Keyboard Close","List":""},{"Key":"Layout","DisplayName":"Layout","FieldType":"String","DefaultValue":"baseline","Description":"Layout","List":"baseline|stacked"},{"Key":"LeaveAnimation","DisplayName":"Leave Animation","FieldType":"String","DefaultValue":"","Description":"Leave Animation","List":""},{"Key":"Mode","DisplayName":"Mode","FieldType":"String","DefaultValue":"ios","Description":"Mode","List":"ios|md"},{"Key":"Position","DisplayName":"Position","FieldType":"String","DefaultValue":"bottom","Description":"Position","List":"bottom|middle|top"},{"Key":"PositionAnchor","DisplayName":"Position Anchor","FieldType":"String","DefaultValue":"","Description":"Position Anchor","List":""},{"Key":"Translucent","DisplayName":"Translucent","FieldType":"Boolean","DefaultValue":"False","Description":"Translucent","List":""},{"Key":"Trigger","DisplayName":"Trigger","FieldType":"String","DefaultValue":"","Description":"Trigger","List":""},{"Key":"Visible","DisplayName":"Visible","FieldType":"Boolean","DefaultValue":"True","Description":"If visible.","List":""},{"Key":"PaddingAXYTBLR","DisplayName":"Paddings","FieldType":"String","DefaultValue":"a=?; x=?; y=?; t=?; b=?; l=?; r=?","Description":"Paddings A(all)-X(LR)-Y(TB)-T-B-L-R","List":""},{"Key":"MarginAXYTBLR","DisplayName":"Margins","FieldType":"String","DefaultValue":"a=?; x=?; y=?; t=?; b=?; l=?; r=?","Description":"Margins A(all)-X(LR)-Y(TB)-T-B-L-R","List":""},{"Key":"RawClasses","DisplayName":"Classes (;)","FieldType":"String","DefaultValue":"","Description":"Classes added to the HTML tag.","List":""},{"Key":"RawStyles","DisplayName":"Styles (JSON)","FieldType":"String","DefaultValue":"","Description":"Styles added to the HTML tag. Must be a json String use = and ;","List":""},{"Key":"RawAttributes","DisplayName":"Attributes (JSON)","FieldType":"String","DefaultValue":"","Description":"Attributes added to the HTML tag. Must be a json String use = and ;","List":""}],"events":[{"name":"No_Click (e As BANanoEvent)"},{"name":"Retry_Click (e As BANanoEvent)"},{"name":"Cancel_Click (e As BANanoEvent)"},{"name":"Confirm_Click (Value As Map)"},{"name":"DidDismiss (e As BANanoEvent)"},{"name":"DidPresent (e As BANanoEvent)"},{"name":"WillDismiss (role As String, data As Map)"},{"name":"WillPresent (e As BANanoEvent)"}],"methods":[{"name":"Class_Globals","signature":"Class_Globals"},{"name":"Initialize","signature":"Initialize (Callback As Object, Name As String, EventName As String)"},{"name":"getElement","signature":"getElement() As BANanoElement"},{"name":"getID","signature":"getID() As String"},{"name":"AddToParent","signature":"AddToParent(targetID As String, props As Map)"},{"name":"Remove","signature":"Remove()"},{"name":"TriggerEvent","signature":"TriggerEvent(event As String, params() As String)"},{"name":"getHere","signature":"getHere() As String"},{"name":"SetAttr","signature":"SetAttr(attr As String, text As String)"},{"name":"SetDataAttr","signature":"SetDataAttr(attr As String, text As String)"},{"name":"GetDataAttr","signature":"GetDataAttr(attr As String) As String"},{"name":"GetAttr","signature":"GetAttr(attr As String) As String"},{"name":"AddClass","signature":"AddClass(text As String)"},{"name":"RemoveClass","signature":"RemoveClass(text As String)"},{"name":"AddAttr","signature":"AddAttr(ms As Map)"},{"name":"RemoveAttr","signature":"RemoveAttr(attr As String)"},{"name":"AddStyleComputed","signature":"AddStyleComputed(attr As String, text As String)"},{"name":"AddStyle","signature":"AddStyle(ms As Map)"},{"name":"setVisible","signature":"setVisible(b As Boolean)"},{"name":"getVisible","signature":"getVisible As Boolean"},{"name":"On","signature":"On(event As String, args As List)"},{"name":"OnEvent","signature":"OnEvent(event As String, Module As Object, methodName As String, args As List)"},{"name":"DesignerCreateView","signature":"DesignerCreateView (Target As BANanoElement, Props As Map)"},{"name":"setPositionAnchor","signature":"setPositionAnchor(s As String)"},{"name":"setParentID","signature":"setParentID(sParentID As String)"},{"name":"Confirm","signature":"Confirm(data As Object)"},{"name":"Cancel","signature":"Cancel"},{"name":"dismiss","signature":"dismiss(data As Object, role As String) As BANanoPromise"},{"name":"onDidDismiss","signature":"onDidDismiss() As BANanoPromise"},{"name":"onWillDismiss","signature":"onWillDismiss() As BANanoPromise"},{"name":"present","signature":"present() As BANanoPromise"},{"name":"setAnimated","signature":"setAnimated(b As Boolean)"},{"name":"setButtons","signature":"setButtons(s As List)"},{"name":"setColor","signature":"setColor(s As String)"},{"name":"setCssClass","signature":"setCssClass(s As String)"},{"name":"setDuration","signature":"setDuration(i As Int)"},{"name":"setEnterAnimation","signature":"setEnterAnimation(s As String)"},{"name":"setHeader","signature":"setHeader(s As String)"},{"name":"setHtmlAttributes","signature":"setHtmlAttributes(s As Map)"},{"name":"setIcon","signature":"setIcon(s As String)"},{"name":"setIsOpen","signature":"setIsOpen(b As Boolean)"},{"name":"setKeyboardClose","signature":"setKeyboardClose(b As Boolean)"},{"name":"setLayout","signature":"setLayout(s As String)"},{"name":"setLeaveAnimation","signature":"setLeaveAnimation(s As String)"},{"name":"setMessage","signature":"setMessage(s As String)"},{"name":"setMode","signature":"setMode(s As String)"},{"name":"setPosition","signature":"setPosition(s As String)"},{"name":"setTranslucent","signature":"setTranslucent(b As Boolean)"},{"name":"setTrigger","signature":"setTrigger(s As String)"},{"name":"getAnimated","signature":"getAnimated As Boolean"},{"name":"getButtons","signature":"getButtons As List"},{"name":"getColor","signature":"getColor As String"},{"name":"getCssClass","signature":"getCssClass As String"},{"name":"getDuration","signature":"getDuration As Int"},{"name":"getEnterAnimation","signature":"getEnterAnimation As String"},{"name":"getHeader","signature":"getHeader As String"},{"name":"getHtmlAttributes","signature":"getHtmlAttributes As Map"},{"name":"getIcon","signature":"getIcon As String"},{"name":"getIsOpen","signature":"getIsOpen As Boolean"},{"name":"getKeyboardClose","signature":"getKeyboardClose As Boolean"},{"name":"getLayout","signature":"getLayout As String"},{"name":"getLeaveAnimation","signature":"getLeaveAnimation As String"},{"name":"getMessage","signature":"getMessage As String"},{"name":"getMode","signature":"getMode As String"},{"name":"getPosition","signature":"getPosition As String"},{"name":"getTranslucent","signature":"getTranslucent As Boolean"},{"name":"getTrigger","signature":"getTrigger As String"},{"name":"Clear","signature":"Clear"},{"name":"AddCancelButton","signature":"AddCancelButton(btnIcon As String, btnText As String) As SHIonToastButton"},{"name":"AddConfirmButton","signature":"AddConfirmButton(btnIcon As String, btnText As String) As SHIonToastButton"},{"name":"AddButton","signature":"AddButton(btnAction As String, btnIcon As String, btnText As String) As SHIonToastButton"},{"name":"AddToastButton","signature":"AddToastButton(btn As SHIonToastButton)"},{"name":"RefreshButtons","signature":"RefreshButtons"},{"name":"CreateButton","signature":"CreateButton(btnName As String, btnIcon As String, btnText As String) As SHIonToastButton"},{"name":"CreateCancelButton","signature":"CreateCancelButton(btnName As String, btnIcon As String, btnText As String) As SHIonToastButton"},{"name":"AddButtons","signature":"AddButtons(btns As List)"},{"name":"getRoot","signature":"getRoot As SHLabel"},{"name":"LinkExisting","signature":"LinkExisting"},{"name":"setToastType","signature":"setToastType(s As String)"},{"name":"getParentID","signature":"getParentID As String"},{"name":"getToastType","signature":"getToastType As String"},{"name":"getPositionAnchor","signature":"getPositionAnchor As String"},{"name":"setPaddingAXYTBLR","signature":"setPaddingAXYTBLR(s As String)"},{"name":"getPaddingAXYTBLR","signature":"getPaddingAXYTBLR As String"},{"name":"setMarginAXYTBLR","signature":"setMarginAXYTBLR(s As String)"},{"name":"getMarginAXYTBLR","signature":"getMarginAXYTBLR As String"},{"name":"setRawClasses","signature":"setRawClasses(s As String)"},{"name":"getRawClasses","signature":"getRawClasses As String"},{"name":"setRawStyles","signature":"setRawStyles(s As String)"},{"name":"getRawStyles","signature":"getRawStyles As String"},{"name":"setRawAttributes","signature":"setRawAttributes(s As String)"},{"name":"getRawAttributes","signature":"getRawAttributes As String"}]}