{"properties":[{"Key":"ParentID","DisplayName":"ParentID","FieldType":"String","DefaultValue":"","Description":"The ParentID of this component","List":""},{"Key":"TargetID","DisplayName":"TargetID","FieldType":"String","DefaultValue":"","Description":"The TargetID of this component","List":""},{"Key":"IonAlignItemsBaseline","DisplayName":"Align Items Baseline","FieldType":"Boolean","DefaultValue":"False","Description":"Align Items Baseline","List":""},{"Key":"IonAlignItemsCenter","DisplayName":"Align Items Center","FieldType":"Boolean","DefaultValue":"False","Description":"Align Items Center","List":""},{"Key":"IonAlignItemsEnd","DisplayName":"Align Items End","FieldType":"Boolean","DefaultValue":"False","Description":"Align Items End","List":""},{"Key":"IonAlignItemsStart","DisplayName":"Align Items Start","FieldType":"Boolean","DefaultValue":"False","Description":"Align Items Start","List":""},{"Key":"IonAlignItemsStretch","DisplayName":"Align Items Stretch","FieldType":"Boolean","DefaultValue":"False","Description":"Align Items Stretch","List":""},{"Key":"IonAlignSelfCenter","DisplayName":"Align Self Center","FieldType":"Boolean","DefaultValue":"False","Description":"Align Self Center","List":""},{"Key":"IonAlignSelfEnd","DisplayName":"Align Self End","FieldType":"Boolean","DefaultValue":"False","Description":"Align Self End","List":""},{"Key":"IonAlignSelfStart","DisplayName":"Align Self Start","FieldType":"Boolean","DefaultValue":"False","Description":"Align Self Start","List":""},{"Key":"IonFloatLeft","DisplayName":"Float Left","FieldType":"Boolean","DefaultValue":"False","Description":"Float Left","List":""},{"Key":"IonFloatLgLeft","DisplayName":"Float Lg Left","FieldType":"Boolean","DefaultValue":"False","Description":"Float Lg Left","List":""},{"Key":"IonFloatLgRight","DisplayName":"Float Lg Right","FieldType":"Boolean","DefaultValue":"False","Description":"Float Lg Right","List":""},{"Key":"IonFloatMdLeft","DisplayName":"Float Md Left","FieldType":"Boolean","DefaultValue":"False","Description":"Float Md Left","List":""},{"Key":"IonFloatMdRight","DisplayName":"Float Md Right","FieldType":"Boolean","DefaultValue":"False","Description":"Float Md Right","List":""},{"Key":"IonFloatRight","DisplayName":"Float Right","FieldType":"Boolean","DefaultValue":"False","Description":"Float Right","List":""},{"Key":"IonFloatSmLeft","DisplayName":"Float Sm Left","FieldType":"Boolean","DefaultValue":"False","Description":"Float Sm Left","List":""},{"Key":"IonFloatSmRight","DisplayName":"Float Sm Right","FieldType":"Boolean","DefaultValue":"False","Description":"Float Sm Right","List":""},{"Key":"IonFloatXlLeft","DisplayName":"Float Xl Left","FieldType":"Boolean","DefaultValue":"False","Description":"Float Xl Left","List":""},{"Key":"IonFloatXlRight","DisplayName":"Float Xl Right","FieldType":"Boolean","DefaultValue":"False","Description":"Float Xl Right","List":""},{"Key":"IonHide","DisplayName":"Hide","FieldType":"Boolean","DefaultValue":"False","Description":"Hide","List":""},{"Key":"IonHideLgDown","DisplayName":"Hide Lg Down","FieldType":"Boolean","DefaultValue":"False","Description":"Hide Lg Down","List":""},{"Key":"IonHideLgUp","DisplayName":"Hide Lg Up","FieldType":"Boolean","DefaultValue":"False","Description":"Hide Lg Up","List":""},{"Key":"IonHideMdDown","DisplayName":"Hide Md Down","FieldType":"Boolean","DefaultValue":"False","Description":"Hide Md Down","List":""},{"Key":"IonHideMdUp","DisplayName":"Hide Md Up","FieldType":"Boolean","DefaultValue":"False","Description":"Hide Md Up","List":""},{"Key":"IonHideSmDown","DisplayName":"Hide Sm Down","FieldType":"Boolean","DefaultValue":"False","Description":"Hide Sm Down","List":""},{"Key":"IonHideSmUp","DisplayName":"Hide Sm Up","FieldType":"Boolean","DefaultValue":"False","Description":"Hide Sm Up","List":""},{"Key":"IonHideXlDown","DisplayName":"Hide Xl Down","FieldType":"Boolean","DefaultValue":"False","Description":"Hide Xl Down","List":""},{"Key":"IonHideXlUp","DisplayName":"Hide Xl Up","FieldType":"Boolean","DefaultValue":"False","Description":"Hide Xl Up","List":""},{"Key":"IonJustifyContentAround","DisplayName":"Justify Content Around","FieldType":"Boolean","DefaultValue":"False","Description":"Justify Content Around","List":""},{"Key":"IonJustifyContentBetween","DisplayName":"Justify Content Between","FieldType":"Boolean","DefaultValue":"False","Description":"Justify Content Between","List":""},{"Key":"IonJustifyContentCenter","DisplayName":"Justify Content Center","FieldType":"Boolean","DefaultValue":"False","Description":"Justify Content Center","List":""},{"Key":"IonJustifyContentEnd","DisplayName":"Justify Content End","FieldType":"Boolean","DefaultValue":"False","Description":"Justify Content End","List":""},{"Key":"IonJustifyContentEvenly","DisplayName":"Justify Content Evenly","FieldType":"Boolean","DefaultValue":"False","Description":"Justify Content Evenly","List":""},{"Key":"IonJustifyContentStart","DisplayName":"Justify Content Start","FieldType":"Boolean","DefaultValue":"False","Description":"Justify Content Start","List":""},{"Key":"IonMargin","DisplayName":"Margin","FieldType":"Boolean","DefaultValue":"False","Description":"Margin","List":""},{"Key":"IonMarginBottom","DisplayName":"Margin Bottom","FieldType":"Boolean","DefaultValue":"False","Description":"Margin Bottom","List":""},{"Key":"IonMarginEnd","DisplayName":"Margin End","FieldType":"Boolean","DefaultValue":"False","Description":"Margin End","List":""},{"Key":"IonMarginHorizontal","DisplayName":"Margin Horizontal","FieldType":"Boolean","DefaultValue":"False","Description":"Margin Horizontal","List":""},{"Key":"IonMarginStart","DisplayName":"Margin Start","FieldType":"Boolean","DefaultValue":"False","Description":"Margin Start","List":""},{"Key":"IonMarginTop","DisplayName":"Margin Top","FieldType":"Boolean","DefaultValue":"False","Description":"Margin Top","List":""},{"Key":"IonMarginVertical","DisplayName":"Margin Vertical","FieldType":"Boolean","DefaultValue":"False","Description":"Margin Vertical","List":""},{"Key":"IonNoBorder","DisplayName":"No Border","FieldType":"Boolean","DefaultValue":"False","Description":"No Border","List":""},{"Key":"IonNoMargin","DisplayName":"No Margin","FieldType":"Boolean","DefaultValue":"False","Description":"No Margin","List":""},{"Key":"IonNoPadding","DisplayName":"No Padding","FieldType":"Boolean","DefaultValue":"False","Description":"No Padding","List":""},{"Key":"IonPadding","DisplayName":"Padding","FieldType":"Boolean","DefaultValue":"False","Description":"Padding","List":""},{"Key":"IonPaddingBottom","DisplayName":"Padding Bottom","FieldType":"Boolean","DefaultValue":"False","Description":"Padding Bottom","List":""},{"Key":"IonPaddingEnd","DisplayName":"Padding End","FieldType":"Boolean","DefaultValue":"False","Description":"Padding End","List":""},{"Key":"IonPaddingHorizontal","DisplayName":"Padding Horizontal","FieldType":"Boolean","DefaultValue":"False","Description":"Padding Horizontal","List":""},{"Key":"IonPaddingStart","DisplayName":"Padding Start","FieldType":"Boolean","DefaultValue":"False","Description":"Padding Start","List":""},{"Key":"IonPaddingTop","DisplayName":"Padding Top","FieldType":"Boolean","DefaultValue":"False","Description":"Padding Top","List":""},{"Key":"IonPaddingVertical","DisplayName":"Padding Vertical","FieldType":"Boolean","DefaultValue":"False","Description":"Padding Vertical","List":""},{"Key":"IonTextCapitalize","DisplayName":"Text Capitalize","FieldType":"Boolean","DefaultValue":"False","Description":"Text Capitalize","List":""},{"Key":"IonTextCenter","DisplayName":"Text Center","FieldType":"Boolean","DefaultValue":"False","Description":"Text Center","List":""},{"Key":"IonTextEnd","DisplayName":"Text End","FieldType":"Boolean","DefaultValue":"False","Description":"Text End","List":""},{"Key":"IonTextJustify","DisplayName":"Text Justify","FieldType":"Boolean","DefaultValue":"False","Description":"Text Justify","List":""},{"Key":"IonTextLgCapitalize","DisplayName":"Text Lg Capitalize","FieldType":"Boolean","DefaultValue":"False","Description":"Text Lg Capitalize","List":""},{"Key":"IonTextLgCenter","DisplayName":"Text Lg Center","FieldType":"Boolean","DefaultValue":"False","Description":"Text Lg Center","List":""},{"Key":"IonTextLgEnd","DisplayName":"Text Lg End","FieldType":"Boolean","DefaultValue":"False","Description":"Text Lg End","List":""},{"Key":"IonTextLgJustify","DisplayName":"Text Lg Justify","FieldType":"Boolean","DefaultValue":"False","Description":"Text Lg Justify","List":""},{"Key":"IonTextLgLowercase","DisplayName":"Text Lg Lowercase","FieldType":"Boolean","DefaultValue":"False","Description":"Text Lg Lowercase","List":""},{"Key":"IonTextLgNowrap","DisplayName":"Text Lg Nowrap","FieldType":"Boolean","DefaultValue":"False","Description":"Text Lg Nowrap","List":""},{"Key":"IonTextLgStart","DisplayName":"Text Lg Start","FieldType":"Boolean","DefaultValue":"False","Description":"Text Lg Start","List":""},{"Key":"IonTextLgUppercase","DisplayName":"Text Lg Uppercase","FieldType":"Boolean","DefaultValue":"False","Description":"Text Lg Uppercase","List":""},{"Key":"IonTextLgWrap","DisplayName":"Text Lg Wrap","FieldType":"Boolean","DefaultValue":"False","Description":"Text Lg Wrap","List":""},{"Key":"IonTextLowercase","DisplayName":"Text Lowercase","FieldType":"Boolean","DefaultValue":"False","Description":"Text Lowercase","List":""},{"Key":"IonTextMdCapitalize","DisplayName":"Text Md Capitalize","FieldType":"Boolean","DefaultValue":"False","Description":"Text Md Capitalize","List":""},{"Key":"IonTextMdCenter","DisplayName":"Text Md Center","FieldType":"Boolean","DefaultValue":"False","Description":"Text Md Center","List":""},{"Key":"IonTextMdEnd","DisplayName":"Text Md End","FieldType":"Boolean","DefaultValue":"False","Description":"Text Md End","List":""},{"Key":"IonTextMdJustify","DisplayName":"Text Md Justify","FieldType":"Boolean","DefaultValue":"False","Description":"Text Md Justify","List":""},{"Key":"IonTextMdLowercase","DisplayName":"Text Md Lowercase","FieldType":"Boolean","DefaultValue":"False","Description":"Text Md Lowercase","List":""},{"Key":"IonTextMdNowrap","DisplayName":"Text Md Nowrap","FieldType":"Boolean","DefaultValue":"False","Description":"Text Md Nowrap","List":""},{"Key":"IonTextMdStart","DisplayName":"Text Md Start","FieldType":"Boolean","DefaultValue":"False","Description":"Text Md Start","List":""},{"Key":"IonTextMdUppercase","DisplayName":"Text Md Uppercase","FieldType":"Boolean","DefaultValue":"False","Description":"Text Md Uppercase","List":""},{"Key":"IonTextMdWrap","DisplayName":"Text Md Wrap","FieldType":"Boolean","DefaultValue":"False","Description":"Text Md Wrap","List":""},{"Key":"IonTextNowrap","DisplayName":"Text Nowrap","FieldType":"Boolean","DefaultValue":"False","Description":"Text Nowrap","List":""},{"Key":"IonTextSmCapitalize","DisplayName":"Text Sm Capitalize","FieldType":"Boolean","DefaultValue":"False","Description":"Text Sm Capitalize","List":""},{"Key":"IonTextSmCenter","DisplayName":"Text Sm Center","FieldType":"Boolean","DefaultValue":"False","Description":"Text Sm Center","List":""},{"Key":"IonTextSmEnd","DisplayName":"Text Sm End","FieldType":"Boolean","DefaultValue":"False","Description":"Text Sm End","List":""},{"Key":"IonTextSmJustify","DisplayName":"Text Sm Justify","FieldType":"Boolean","DefaultValue":"False","Description":"Text Sm Justify","List":""},{"Key":"IonTextSmLowercase","DisplayName":"Text Sm Lowercase","FieldType":"Boolean","DefaultValue":"False","Description":"Text Sm Lowercase","List":""},{"Key":"IonTextSmNowrap","DisplayName":"Text Sm Nowrap","FieldType":"Boolean","DefaultValue":"False","Description":"Text Sm Nowrap","List":""},{"Key":"IonTextSmStart","DisplayName":"Text Sm Start","FieldType":"Boolean","DefaultValue":"False","Description":"Text Sm Start","List":""},{"Key":"IonTextSmUppercase","DisplayName":"Text Sm Uppercase","FieldType":"Boolean","DefaultValue":"False","Description":"Text Sm Uppercase","List":""},{"Key":"IonTextSmWrap","DisplayName":"Text Sm Wrap","FieldType":"Boolean","DefaultValue":"False","Description":"Text Sm Wrap","List":""},{"Key":"IonTextStart","DisplayName":"Text Start","FieldType":"Boolean","DefaultValue":"False","Description":"Text Start","List":""},{"Key":"IonTextUppercase","DisplayName":"Text Uppercase","FieldType":"Boolean","DefaultValue":"False","Description":"Text Uppercase","List":""},{"Key":"IonTextWrap","DisplayName":"Text Wrap","FieldType":"Boolean","DefaultValue":"False","Description":"Text Wrap","List":""},{"Key":"IonTextXlCapitalize","DisplayName":"Text Xl Capitalize","FieldType":"Boolean","DefaultValue":"False","Description":"Text Xl Capitalize","List":""},{"Key":"IonTextXlCenter","DisplayName":"Text Xl Center","FieldType":"Boolean","DefaultValue":"False","Description":"Text Xl Center","List":""},{"Key":"IonTextXlEnd","DisplayName":"Text Xl End","FieldType":"Boolean","DefaultValue":"False","Description":"Text Xl End","List":""},{"Key":"IonTextXlJustify","DisplayName":"Text Xl Justify","FieldType":"Boolean","DefaultValue":"False","Description":"Text Xl Justify","List":""},{"Key":"IonTextXlLowercase","DisplayName":"Text Xl Lowercase","FieldType":"Boolean","DefaultValue":"False","Description":"Text Xl Lowercase","List":""},{"Key":"IonTextXlNowrap","DisplayName":"Text Xl Nowrap","FieldType":"Boolean","DefaultValue":"False","Description":"Text Xl Nowrap","List":""},{"Key":"IonTextXlStart","DisplayName":"Text Xl Start","FieldType":"Boolean","DefaultValue":"False","Description":"Text Xl Start","List":""},{"Key":"IonTextXlUppercase","DisplayName":"Text Xl Uppercase","FieldType":"Boolean","DefaultValue":"False","Description":"Text Xl Uppercase","List":""},{"Key":"IonTextXlWrap","DisplayName":"Text Xl Wrap","FieldType":"Boolean","DefaultValue":"False","Description":"Text Xl Wrap","List":""},{"Key":"RawClasses","DisplayName":"Classes (;)","FieldType":"String","DefaultValue":"","Description":"Classes added to the HTML tag.","List":""},{"Key":"RawStyles","DisplayName":"Styles (JSON)","FieldType":"String","DefaultValue":"","Description":"Styles added to the HTML tag. Must be a json String use = and ;","List":""},{"Key":"PaddingAXYTBLR","DisplayName":"Paddings","FieldType":"String","DefaultValue":"a=?; x=?; y=?; t=?; b=?; l=?; r=?","Description":"Paddings A(all)-X(LR)-Y(TB)-T-B-L-R","List":""},{"Key":"MarginAXYTBLR","DisplayName":"Margins","FieldType":"String","DefaultValue":"a=?; x=?; y=?; t=?; b=?; l=?; r=?","Description":"Margins A(all)-X(LR)-Y(TB)-T-B-L-R","List":""},{"Key":"RawAttributes","DisplayName":"Attributes (JSON)","FieldType":"String","DefaultValue":"","Description":"Attributes added to the HTML tag. Must be a json String use = and ;","List":""}],"events":[],"methods":[{"name":"Class_Globals","signature":"Class_Globals"},{"name":"Initialize","signature":"Initialize (Callback As Object, Name As String, EventName As String)"},{"name":"getElement","signature":"getElement() As BANanoElement"},{"name":"AddComputedStyleMap","signature":"AddComputedStyleMap(ms As Map)"},{"name":"getID","signature":"getID() As String"},{"name":"AddToParent","signature":"AddToParent(targetID As String, props As Map)"},{"name":"setParentID","signature":"setParentID(s As String)"},{"name":"setTargetID","signature":"setTargetID(s As String)"},{"name":"setElement","signature":"setElement(e As BANanoElement)"},{"name":"getHere","signature":"getHere() As String"},{"name":"AddClass","signature":"AddClass(text As String)"},{"name":"RemoveClass","signature":"RemoveClass(text As String)"},{"name":"AddStyleComputed","signature":"AddStyleComputed(attr As String, text As String)"},{"name":"AddStyleMap","signature":"AddStyleMap(ms As Map)"},{"name":"AddStyle","signature":"AddStyle(k As String, v As String)"},{"name":"setRawStyles","signature":"setRawStyles(s As String)"},{"name":"setRawClasses","signature":"setRawClasses(s As String)"},{"name":"getRawStyles","signature":"getRawStyles As String"},{"name":"getRawClasses","signature":"getRawClasses As String"},{"name":"getTargetID","signature":"getTargetID As String"},{"name":"DesignerCreateView","signature":"DesignerCreateView (Target As BANanoElement, Props As Map)"},{"name":"setIonAlignItemsBaseline","signature":"setIonAlignItemsBaseline(b As Boolean)"},{"name":"setIonAlignItemsCenter","signature":"setIonAlignItemsCenter(b As Boolean)"},{"name":"setIonAlignItemsEnd","signature":"setIonAlignItemsEnd(b As Boolean)"},{"name":"setIonAlignItemsStart","signature":"setIonAlignItemsStart(b As Boolean)"},{"name":"setIonAlignItemsStretch","signature":"setIonAlignItemsStretch(b As Boolean)"},{"name":"setIonAlignSelfCenter","signature":"setIonAlignSelfCenter(b As Boolean)"},{"name":"setIonAlignSelfEnd","signature":"setIonAlignSelfEnd(b As Boolean)"},{"name":"setIonAlignSelfStart","signature":"setIonAlignSelfStart(b As Boolean)"},{"name":"setIonFloatLeft","signature":"setIonFloatLeft(b As Boolean)"},{"name":"setIonFloatLgLeft","signature":"setIonFloatLgLeft(b As Boolean)"},{"name":"setIonFloatLgRight","signature":"setIonFloatLgRight(b As Boolean)"},{"name":"setIonFloatMdLeft","signature":"setIonFloatMdLeft(b As Boolean)"},{"name":"setIonFloatMdRight","signature":"setIonFloatMdRight(b As Boolean)"},{"name":"setIonFloatRight","signature":"setIonFloatRight(b As boolean)"},{"name":"setIonFloatSmLeft","signature":"setIonFloatSmLeft(b As boolean)"},{"name":"setIonFloatSmRight","signature":"setIonFloatSmRight(b As boolean)"},{"name":"setIonFloatXlLeft","signature":"setIonFloatXlLeft(b As boolean)"},{"name":"setIonFloatXlRight","signature":"setIonFloatXlRight(b As Boolean)"},{"name":"setIonHide","signature":"setIonHide(b As Boolean)"},{"name":"setIonHideLgDown","signature":"setIonHideLgDown(b As Boolean)"},{"name":"setIonHideLgUp","signature":"setIonHideLgUp(b As Boolean)"},{"name":"setIonHideMdDown","signature":"setIonHideMdDown(b As Boolean)"},{"name":"setIonHideMdUp","signature":"setIonHideMdUp(b As Boolean)"},{"name":"setIonHideSmDown","signature":"setIonHideSmDown(b As Boolean)"},{"name":"setIonHideSmUp","signature":"setIonHideSmUp(b As boolean)"},{"name":"setIonHideXlDown","signature":"setIonHideXlDown(b As boolean)"},{"name":"setIonHideXlUp","signature":"setIonHideXlUp(b As Boolean)"},{"name":"setIonJustifyContentAround","signature":"setIonJustifyContentAround(b As Boolean)"},{"name":"setIonJustifyContentBetween","signature":"setIonJustifyContentBetween(b As Boolean)"},{"name":"setIonJustifyContentCenter","signature":"setIonJustifyContentCenter(b As Boolean)"},{"name":"setIonJustifyContentEnd","signature":"setIonJustifyContentEnd(b As Boolean)"},{"name":"setIonJustifyContentEvenly","signature":"setIonJustifyContentEvenly(b As Boolean)"},{"name":"setIonJustifyContentStart","signature":"setIonJustifyContentStart(b As boolean)"},{"name":"setIonMargin","signature":"setIonMargin(b As boolean)"},{"name":"setIonMarginBottom","signature":"setIonMarginBottom(b As boolean)"},{"name":"setIonMarginEnd","signature":"setIonMarginEnd(b As boolean)"},{"name":"setIonMarginHorizontal","signature":"setIonMarginHorizontal(b As boolean)"},{"name":"setIonMarginStart","signature":"setIonMarginStart(b As boolean)"},{"name":"setIonMarginTop","signature":"setIonMarginTop(b As boolean)"},{"name":"setIonMarginVertical","signature":"setIonMarginVertical(b As boolean)"},{"name":"setIonNoBorder","signature":"setIonNoBorder(b As Boolean)"},{"name":"setIonNoMargin","signature":"setIonNoMargin(b As Boolean)"},{"name":"setIonNoPadding","signature":"setIonNoPadding(b As Boolean)"},{"name":"setIonPadding","signature":"setIonPadding(b As Boolean)"},{"name":"setIonPaddingBottom","signature":"setIonPaddingBottom(b As Boolean)"},{"name":"setIonPaddingEnd","signature":"setIonPaddingEnd(b As boolean)"},{"name":"setIonPaddingHorizontal","signature":"setIonPaddingHorizontal(b As boolean)"},{"name":"setIonPaddingStart","signature":"setIonPaddingStart(b As boolean)"},{"name":"setIonPaddingTop","signature":"setIonPaddingTop(b As Boolean)"},{"name":"setIonPaddingVertical","signature":"setIonPaddingVertical(b As Boolean)"},{"name":"setIonTextCapitalize","signature":"setIonTextCapitalize(b As Boolean)"},{"name":"setIonTextCenter","signature":"setIonTextCenter(b As Boolean)"},{"name":"setIonTextEnd","signature":"setIonTextEnd(b As Boolean)"},{"name":"setIonTextJustify","signature":"setIonTextJustify(b As boolean)"},{"name":"setIonTextLgCapitalize","signature":"setIonTextLgCapitalize(b As boolean)"},{"name":"setIonTextLgCenter","signature":"setIonTextLgCenter(b As Boolean)"},{"name":"setIonTextLgEnd","signature":"setIonTextLgEnd(b As Boolean)"},{"name":"setIonTextLgJustify","signature":"setIonTextLgJustify(b As Boolean)"},{"name":"setIonTextLgLowercase","signature":"setIonTextLgLowercase(b As Boolean)"},{"name":"setIonTextLgNowrap","signature":"setIonTextLgNowrap(b As Boolean)"},{"name":"setIonTextLgStart","signature":"setIonTextLgStart(b As Boolean)"},{"name":"setIonTextLgUppercase","signature":"setIonTextLgUppercase(b As boolean)"},{"name":"setIonTextLgWrap","signature":"setIonTextLgWrap(b As Boolean)"},{"name":"setIonTextLowercase","signature":"setIonTextLowercase(b As Boolean)"},{"name":"setIonTextMdCapitalize","signature":"setIonTextMdCapitalize(b As Boolean)"},{"name":"setIonTextMdCenter","signature":"setIonTextMdCenter(b As Boolean)"},{"name":"setIonTextMdEnd","signature":"setIonTextMdEnd(b As Boolean)"},{"name":"setIonTextMdJustify","signature":"setIonTextMdJustify(b As Boolean)"},{"name":"setIonTextMdLowercase","signature":"setIonTextMdLowercase(b As Boolean)"},{"name":"setIonTextMdNowrap","signature":"setIonTextMdNowrap(b As Boolean)"},{"name":"setIonTextMdStart","signature":"setIonTextMdStart(b As Boolean)"},{"name":"setIonTextMdUppercase","signature":"setIonTextMdUppercase(b As Boolean)"},{"name":"setIonTextMdWrap","signature":"setIonTextMdWrap(b As Boolean)"},{"name":"setIonTextNowrap","signature":"setIonTextNowrap(b As Boolean)"},{"name":"setIonTextSmCapitalize","signature":"setIonTextSmCapitalize(b As Boolean)"},{"name":"setIonTextSmCenter","signature":"setIonTextSmCenter(b As Boolean)"},{"name":"setIonTextSmEnd","signature":"setIonTextSmEnd(b As Boolean)"},{"name":"setIonTextSmJustify","signature":"setIonTextSmJustify(b As Boolean)"},{"name":"setIonTextSmLowercase","signature":"setIonTextSmLowercase(b As Boolean)"},{"name":"setIonTextSmNowrap","signature":"setIonTextSmNowrap(b As Boolean)"},{"name":"setIonTextSmStart","signature":"setIonTextSmStart(b As Boolean)"},{"name":"setIonTextSmUppercase","signature":"setIonTextSmUppercase(b As Boolean)"},{"name":"setIonTextSmWrap","signature":"setIonTextSmWrap(b As Boolean)"},{"name":"setIonTextStart","signature":"setIonTextStart(b As Boolean)"},{"name":"setIonTextUppercase","signature":"setIonTextUppercase(b As Boolean)"},{"name":"setIonTextWrap","signature":"setIonTextWrap(b As Boolean)"},{"name":"setIonTextXlCapitalize","signature":"setIonTextXlCapitalize(b As boolean)"},{"name":"setIonTextXlCenter","signature":"setIonTextXlCenter(b As boolean)"},{"name":"setIonTextXlEnd","signature":"setIonTextXlEnd(b As boolean)"},{"name":"setIonTextXlJustify","signature":"setIonTextXlJustify(b As boolean)"},{"name":"setIonTextXlLowercase","signature":"setIonTextXlLowercase(b As Boolean)"},{"name":"setIonTextXlNowrap","signature":"setIonTextXlNowrap(b As Boolean)"},{"name":"setIonTextXlStart","signature":"setIonTextXlStart(b As Boolean)"},{"name":"setIonTextXlUppercase","signature":"setIonTextXlUppercase(b As Boolean)"},{"name":"setIonTextXlWrap","signature":"setIonTextXlWrap(b As Boolean)"},{"name":"getIonAlignItemsBaseline","signature":"getIonAlignItemsBaseline As Boolean"},{"name":"getIonAlignItemsCenter","signature":"getIonAlignItemsCenter As Boolean"},{"name":"getIonAlignItemsEnd","signature":"getIonAlignItemsEnd As Boolean"},{"name":"getIonAlignItemsStart","signature":"getIonAlignItemsStart As Boolean"},{"name":"getIonAlignItemsStretch","signature":"getIonAlignItemsStretch As Boolean"},{"name":"getIonAlignSelfCenter","signature":"getIonAlignSelfCenter As Boolean"},{"name":"getIonAlignSelfEnd","signature":"getIonAlignSelfEnd As Boolean"},{"name":"getIonAlignSelfStart","signature":"getIonAlignSelfStart As Boolean"},{"name":"getIonFloatLeft","signature":"getIonFloatLeft As Boolean"},{"name":"getIonFloatLgLeft","signature":"getIonFloatLgLeft As Boolean"},{"name":"getIonFloatLgRight","signature":"getIonFloatLgRight As Boolean"},{"name":"getIonFloatMdLeft","signature":"getIonFloatMdLeft As Boolean"},{"name":"getIonFloatMdRight","signature":"getIonFloatMdRight As Boolean"},{"name":"getIonFloatRight","signature":"getIonFloatRight As Boolean"},{"name":"getIonFloatSmLeft","signature":"getIonFloatSmLeft As Boolean"},{"name":"getIonFloatSmRight","signature":"getIonFloatSmRight As Boolean"},{"name":"getIonFloatXlLeft","signature":"getIonFloatXlLeft As Boolean"},{"name":"getIonFloatXlRight","signature":"getIonFloatXlRight As Boolean"},{"name":"getIonHide","signature":"getIonHide As Boolean"},{"name":"getIonHideLgDown","signature":"getIonHideLgDown As Boolean"},{"name":"getIonHideLgUp","signature":"getIonHideLgUp As Boolean"},{"name":"getIonHideMdDown","signature":"getIonHideMdDown As Boolean"},{"name":"getIonHideMdUp","signature":"getIonHideMdUp As Boolean"},{"name":"getIonHideSmDown","signature":"getIonHideSmDown As Boolean"},{"name":"getIonHideSmUp","signature":"getIonHideSmUp As Boolean"},{"name":"getIonHideXlDown","signature":"getIonHideXlDown As Boolean"},{"name":"getIonHideXlUp","signature":"getIonHideXlUp As Boolean"},{"name":"getIonJustifyContentAround","signature":"getIonJustifyContentAround As Boolean"},{"name":"getIonJustifyContentBetween","signature":"getIonJustifyContentBetween As Boolean"},{"name":"getIonJustifyContentCenter","signature":"getIonJustifyContentCenter As Boolean"},{"name":"getIonJustifyContentEnd","signature":"getIonJustifyContentEnd As Boolean"},{"name":"getIonJustifyContentEvenly","signature":"getIonJustifyContentEvenly As Boolean"},{"name":"getIonJustifyContentStart","signature":"getIonJustifyContentStart As Boolean"},{"name":"getIonMargin","signature":"getIonMargin As Boolean"},{"name":"getIonMarginBottom","signature":"getIonMarginBottom As Boolean"},{"name":"getIonMarginEnd","signature":"getIonMarginEnd As Boolean"},{"name":"getIonMarginHorizontal","signature":"getIonMarginHorizontal As Boolean"},{"name":"getIonMarginStart","signature":"getIonMarginStart As Boolean"},{"name":"getIonMarginTop","signature":"getIonMarginTop As Boolean"},{"name":"getIonMarginVertical","signature":"getIonMarginVertical As Boolean"},{"name":"getIonNoBorder","signature":"getIonNoBorder As Boolean"},{"name":"getIonNoMargin","signature":"getIonNoMargin As Boolean"},{"name":"getIonNoPadding","signature":"getIonNoPadding As Boolean"},{"name":"getIonPadding","signature":"getIonPadding As Boolean"},{"name":"getIonPaddingBottom","signature":"getIonPaddingBottom As Boolean"},{"name":"getIonPaddingEnd","signature":"getIonPaddingEnd As Boolean"},{"name":"getIonPaddingHorizontal","signature":"getIonPaddingHorizontal As Boolean"},{"name":"getIonPaddingStart","signature":"getIonPaddingStart As Boolean"},{"name":"getIonPaddingTop","signature":"getIonPaddingTop As Boolean"},{"name":"getIonPaddingVertical","signature":"getIonPaddingVertical As Boolean"},{"name":"getIonTextCapitalize","signature":"getIonTextCapitalize As Boolean"},{"name":"getIonTextCenter","signature":"getIonTextCenter As Boolean"},{"name":"getIonTextEnd","signature":"getIonTextEnd As Boolean"},{"name":"getIonTextJustify","signature":"getIonTextJustify As Boolean"},{"name":"getIonTextLgCapitalize","signature":"getIonTextLgCapitalize As Boolean"},{"name":"getIonTextLgCenter","signature":"getIonTextLgCenter As Boolean"},{"name":"getIonTextLgEnd","signature":"getIonTextLgEnd As Boolean"},{"name":"getIonTextLgJustify","signature":"getIonTextLgJustify As Boolean"},{"name":"getIonTextLgLowercase","signature":"getIonTextLgLowercase As Boolean"},{"name":"getIonTextLgNowrap","signature":"getIonTextLgNowrap As Boolean"},{"name":"getIonTextLgStart","signature":"getIonTextLgStart As Boolean"},{"name":"getIonTextLgUppercase","signature":"getIonTextLgUppercase As Boolean"},{"name":"getIonTextLgWrap","signature":"getIonTextLgWrap As Boolean"},{"name":"getIonTextLowercase","signature":"getIonTextLowercase As Boolean"},{"name":"getIonTextMdCapitalize","signature":"getIonTextMdCapitalize As Boolean"},{"name":"getIonTextMdCenter","signature":"getIonTextMdCenter As Boolean"},{"name":"getIonTextMdEnd","signature":"getIonTextMdEnd As Boolean"},{"name":"getIonTextMdJustify","signature":"getIonTextMdJustify As Boolean"},{"name":"getIonTextMdLowercase","signature":"getIonTextMdLowercase As Boolean"},{"name":"getIonTextMdNowrap","signature":"getIonTextMdNowrap As Boolean"},{"name":"getIonTextMdStart","signature":"getIonTextMdStart As Boolean"},{"name":"getIonTextMdUppercase","signature":"getIonTextMdUppercase As Boolean"},{"name":"getIonTextMdWrap","signature":"getIonTextMdWrap As Boolean"},{"name":"getIonTextNowrap","signature":"getIonTextNowrap As Boolean"},{"name":"getIonTextSmCapitalize","signature":"getIonTextSmCapitalize As Boolean"},{"name":"getIonTextSmCenter","signature":"getIonTextSmCenter As Boolean"},{"name":"getIonTextSmEnd","signature":"getIonTextSmEnd As Boolean"},{"name":"getIonTextSmJustify","signature":"getIonTextSmJustify As Boolean"},{"name":"getIonTextSmLowercase","signature":"getIonTextSmLowercase As Boolean"},{"name":"getIonTextSmNowrap","signature":"getIonTextSmNowrap As Boolean"},{"name":"getIonTextSmStart","signature":"getIonTextSmStart As Boolean"},{"name":"getIonTextSmUppercase","signature":"getIonTextSmUppercase As Boolean"},{"name":"getIonTextSmWrap","signature":"getIonTextSmWrap As Boolean"},{"name":"getIonTextStart","signature":"getIonTextStart As Boolean"},{"name":"getIonTextUppercase","signature":"getIonTextUppercase As Boolean"},{"name":"getIonTextWrap","signature":"getIonTextWrap As Boolean"},{"name":"getIonTextXlCapitalize","signature":"getIonTextXlCapitalize As Boolean"},{"name":"getIonTextXlCenter","signature":"getIonTextXlCenter As Boolean"},{"name":"getIonTextXlEnd","signature":"getIonTextXlEnd As Boolean"},{"name":"getIonTextXlJustify","signature":"getIonTextXlJustify As Boolean"},{"name":"getIonTextXlLowercase","signature":"getIonTextXlLowercase As Boolean"},{"name":"getIonTextXlNowrap","signature":"getIonTextXlNowrap As Boolean"},{"name":"getIonTextXlStart","signature":"getIonTextXlStart As Boolean"},{"name":"getIonTextXlUppercase","signature":"getIonTextXlUppercase As Boolean"},{"name":"getIonTextXlWrap","signature":"getIonTextXlWrap As Boolean"},{"name":"setPaddingAXYTBLR","signature":"setPaddingAXYTBLR(s As String)"},{"name":"getPaddingAXYTBLR","signature":"getPaddingAXYTBLR As String"},{"name":"setMarginAXYTBLR","signature":"setMarginAXYTBLR(s As String)"},{"name":"getMarginAXYTBLR","signature":"getMarginAXYTBLR As String"},{"name":"setRawAttributes","signature":"setRawAttributes(s As String)"},{"name":"getRawAttributes","signature":"getRawAttributes As String"}]}