{"properties":[{"Key":"ParentID","DisplayName":"ParentID","FieldType":"String","DefaultValue":"","Description":"The ParentID of this div","List":""},{"Key":"Slot","DisplayName":"Slot","FieldType":"String","DefaultValue":"","Description":"Slot","List":""},{"Key":"JsonUrl","DisplayName":"Json URL","FieldType":"String","DefaultValue":"","Description":"Json File Url","List":""},{"Key":"AnimationSpeed","DisplayName":"Animation Speed","FieldType":"String","DefaultValue":"1","Description":"Animation Speed","List":""},{"Key":"AutoPlay","DisplayName":"Auto Play","FieldType":"Boolean","DefaultValue":"True","Description":"Auto Play","List":""},{"Key":"Controls","DisplayName":"Controls","FieldType":"Boolean","DefaultValue":"False","Description":"Show Controls","List":""},{"Key":"Direction","DisplayName":"Direction","FieldType":"String","DefaultValue":"forward","Description":"Direction","List":"backward|forward"},{"Key":"Hover","DisplayName":"Hover","FieldType":"Boolean","DefaultValue":"False","Description":"Play Animation On Hover","List":""},{"Key":"LoopPlay","DisplayName":"Loop","FieldType":"Boolean","DefaultValue":"False","Description":"Play In A Loop","List":""},{"Key":"PlayMode","DisplayName":"Mode","FieldType":"String","DefaultValue":"normal","Description":"Play Mode","List":"bounce|normal"},{"Key":"Height","DisplayName":"Height","FieldType":"String","DefaultValue":"300px","Description":"Height","List":""},{"Key":"Width","DisplayName":"Width","FieldType":"String","DefaultValue":"300px","Description":"Width","List":""},{"Key":"BorderColor","DisplayName":"BorderColor","FieldType":"String","DefaultValue":"black","Description":"","List":"amber|black|blue|blue|brown|cyan|green|gray|indigo|lime|orange|pink|purple|red|teal|transparent|white|yellow|gray|red|black|none"},{"Key":"BorderRadius","DisplayName":"Border Radius","FieldType":"String","DefaultValue":"5px","Description":"","List":""},{"Key":"BorderStyle","DisplayName":"Border Style","FieldType":"String","DefaultValue":"solid","Description":"","List":"dashed|dotted|double|groove|hidden|inherit|initial|inset|none|outset|remove|ridge|solid"},{"Key":"BorderWidth","DisplayName":"Border Width","FieldType":"String","DefaultValue":"1px","Description":"Border Width","List":""},{"Key":"Visible","DisplayName":"Visible","FieldType":"Boolean","DefaultValue":"True","Description":"If visible.","List":""},{"Key":"MarginAXYTBLR","DisplayName":"Margins","FieldType":"String","DefaultValue":"a=?; x=?; y=?; t=?; b=?; l=?; r=?","Description":"Margins A-X-Y-T-B-L-R","List":""},{"Key":"PaddingAXYTBLR","DisplayName":"Paddings","FieldType":"String","DefaultValue":"a=?; x=?; y=?; t=?; b=?; l=?; r=?","Description":"Paddings A-X-Y-T-B-L-R","List":""},{"Key":"RawClasses","DisplayName":"Classes","FieldType":"String","DefaultValue":"","Description":"Classes added to the HTML tag.","List":""},{"Key":"RawStyles","DisplayName":"Styles","FieldType":"String","DefaultValue":"","Description":"Styles added to the HTML tag. Must be a json String- use =","List":""},{"Key":"RawAttributes","DisplayName":"Attributes","FieldType":"String","DefaultValue":"","Description":"Attributes added to the HTML tag. Must be a json String- use =","List":""}],"events":[],"methods":[{"name":"Initialize","signature":"Initialize (CallBack As Object, cName As String, EventName As String)"},{"name":"getElement","signature":"getElement() As BANanoElement"},{"name":"getID","signature":"getID() As String"},{"name":"setSlot","signature":"setSlot(s As String)"},{"name":"getSlot","signature":"getSlot As String"},{"name":"getHere","signature":"getHere() As String"},{"name":"SetAttr","signature":"SetAttr(attr As String, text As String)"},{"name":"SetDataAttr","signature":"SetDataAttr(attr As String, text As String)"},{"name":"GetDataAttr","signature":"GetDataAttr(attr As String) As String"},{"name":"GetAttr","signature":"GetAttr(attr As String) As String"},{"name":"AddClass","signature":"AddClass(text As String)"},{"name":"RemoveClass","signature":"RemoveClass(text As String)"},{"name":"AddAttr","signature":"AddAttr(ms As Map)"},{"name":"RemoveAttr","signature":"RemoveAttr(attr As String)"},{"name":"AddStyleComputed","signature":"AddStyleComputed(attr As String, text As String)"},{"name":"AddStyle","signature":"AddStyle(ms As Map)"},{"name":"setVisible","signature":"setVisible(b As Boolean)"},{"name":"getVisible","signature":"getVisible As Boolean"},{"name":"On","signature":"On(event As String, args As List)"},{"name":"OnEvent","signature":"OnEvent(event As String, Module As Object, methodName As String, args As List)"},{"name":"Remove","signature":"Remove()"},{"name":"OnChildEvent","signature":"OnChildEvent(child As String, event As String, Module As Object, methodName As String, args As List)"},{"name":"setWidth","signature":"setWidth(s As String)"},{"name":"getName","signature":"getName As String"},{"name":"AddToParent","signature":"AddToParent(targetID As String, props As Map)"},{"name":"setParentID","signature":"setParentID(s As String)"},{"name":"setBorderColor","signature":"setBorderColor(s As String)"},{"name":"setBorderRadius","signature":"setBorderRadius(s As String)"},{"name":"setBorderStyle","signature":"setBorderStyle(s As String)"},{"name":"setBorderWidth","signature":"setBorderWidth(s As String)"},{"name":"setMarginAXYTBLR","signature":"setMarginAXYTBLR(s As String)"},{"name":"setPaddingAXYTBLR","signature":"setPaddingAXYTBLR(s As String)"},{"name":"setRawClasses","signature":"setRawClasses(s As String)"},{"name":"setRawStyles","signature":"setRawStyles(s As String)"},{"name":"setRawAttributes","signature":"setRawAttributes(s As String)"},{"name":"getParentID","signature":"getParentID As String"},{"name":"getHeight","signature":"getHeight As String"},{"name":"getWidth","signature":"getWidth As String"},{"name":"getBorderColor","signature":"getBorderColor As String"},{"name":"getBorderRadius","signature":"getBorderRadius As String"},{"name":"getBorderStyle","signature":"getBorderStyle As String"},{"name":"getBorderWidth","signature":"getBorderWidth As String"},{"name":"getMarginAXYTBLR","signature":"getMarginAXYTBLR As String"},{"name":"getPaddingAXYTBLR","signature":"getPaddingAXYTBLR As String"},{"name":"getRawClasses","signature":"getRawClasses As String"},{"name":"getRawStyles","signature":"getRawStyles As String"},{"name":"getRawAttributes","signature":"getRawAttributes As String"},{"name":"setJsonUrl","signature":"setJsonUrl(s As String)"},{"name":"setAnimationSpeed","signature":"setAnimationSpeed(s As String)"},{"name":"setAutoPlay","signature":"setAutoPlay(b As Boolean)"},{"name":"setControls","signature":"setControls(b As Boolean)"},{"name":"setDirection","signature":"setDirection(s As String)"},{"name":"setHover","signature":"setHover(b As Boolean)"},{"name":"setLoopPlay","signature":"setLoopPlay(b As Boolean)"},{"name":"setPlayMode","signature":"setPlayMode(s As String)"},{"name":"setHeight","signature":"setHeight(s As String)"},{"name":"getJsonUrl","signature":"getJsonUrl As String"},{"name":"getAnimationSpeed","signature":"getAnimationSpeed As String"},{"name":"getAutoPlay","signature":"getAutoPlay As Boolean"},{"name":"getControls","signature":"getControls As Boolean"},{"name":"getDirection","signature":"getDirection As String"},{"name":"getHover","signature":"getHover As Boolean"},{"name":"getLoopPlay","signature":"getLoopPlay As Boolean"},{"name":"getPlayMode","signature":"getPlayMode As String"}]}