{"properties":[{"Key":"ParentID","DisplayName":"ParentID","FieldType":"String","DefaultValue":"","Description":"The ParentID of this component","List":""},{"Key":"Mode","DisplayName":"Mode","FieldType":"String","DefaultValue":"ios","Description":"Mode","List":"ios|md"},{"Key":"ContentId","DisplayName":"Content Id","FieldType":"String","DefaultValue":"","Description":"Content Id","List":""},{"Key":"Disabled","DisplayName":"Disabled","FieldType":"Boolean","DefaultValue":"False","Description":"Disabled","List":""},{"Key":"IsOpen","DisplayName":"Is Open","FieldType":"Boolean","DefaultValue":"False","Description":"Is Open","List":""},{"Key":"MaxEdgeStart","DisplayName":"Max Edge Start","FieldType":"String","DefaultValue":"50","Description":"Max Edge Start","List":""},{"Key":"MenuId","DisplayName":"Menu Id","FieldType":"String","DefaultValue":"","Description":"Menu Id","List":""},{"Key":"Side","DisplayName":"Side","FieldType":"String","DefaultValue":"start","Description":"Side","List":"end|start"},{"Key":"SwipeGesture","DisplayName":"Swipe Gesture","FieldType":"Boolean","DefaultValue":"False","Description":"Swipe Gesture","List":""},{"Key":"TypeOf","DisplayName":"Type Of","FieldType":"String","DefaultValue":"none","Description":"Type Of","List":"none|overlay|push|reveal"},{"Key":"HasHeader","DisplayName":"Has Header","FieldType":"Boolean","DefaultValue":"False","Description":"Has Header","List":""},{"Key":"HeaderNoBorder","DisplayName":"Header No Border","FieldType":"Boolean","DefaultValue":"False","Description":"Header No Border","List":""},{"Key":"ToolbarColor","DisplayName":"Toolbar Color","FieldType":"String","DefaultValue":"none","Description":"Toolbar Color","List":"danger|dark|light|medium|none|primary|secondary|success|tertiary|warning"},{"Key":"Title","DisplayName":"Menu Title","FieldType":"String","DefaultValue":"Page","Description":"Menu Title","List":""},{"Key":"TitleColor","DisplayName":"Title Color","FieldType":"String","DefaultValue":"none","Description":"Title Color","List":"danger|dark|light|medium|none|primary|secondary|success|tertiary|warning"},{"Key":"HasContent","DisplayName":"Has Content","FieldType":"Boolean","DefaultValue":"False","Description":"Has Content","List":""},{"Key":"ContentIonPadding","DisplayName":"Content Ion Padding","FieldType":"Boolean","DefaultValue":"False","Description":"Content Ion Padding","List":""},{"Key":"HasList","DisplayName":"Has Content List","FieldType":"Boolean","DefaultValue":"False","Description":"Has Content List","List":""},{"Key":"HasFooter","DisplayName":"Has Footer","FieldType":"Boolean","DefaultValue":"False","Description":"Has Footer","List":""},{"Key":"FooterNoBorder","DisplayName":"Footer No Border","FieldType":"Boolean","DefaultValue":"False","Description":"Footer No Border","List":""},{"Key":"Visible","DisplayName":"Visible","FieldType":"Boolean","DefaultValue":"True","Description":"If visible.","List":""},{"Key":"PaddingAXYTBLR","DisplayName":"Paddings","FieldType":"String","DefaultValue":"a=?; x=?; y=?; t=?; b=?; l=?; r=?","Description":"Paddings A(all)-X(LR)-Y(TB)-T-B-L-R","List":""},{"Key":"MarginAXYTBLR","DisplayName":"Margins","FieldType":"String","DefaultValue":"a=?; x=?; y=?; t=?; b=?; l=?; r=?","Description":"Margins A(all)-X(LR)-Y(TB)-T-B-L-R","List":""},{"Key":"RawClasses","DisplayName":"Classes (;)","FieldType":"String","DefaultValue":"","Description":"Classes added to the HTML tag.","List":""},{"Key":"RawStyles","DisplayName":"Styles (JSON)","FieldType":"String","DefaultValue":"","Description":"Styles added to the HTML tag. Must be a json String use = and ;","List":""},{"Key":"RawAttributes","DisplayName":"Attributes (JSON)","FieldType":"String","DefaultValue":"","Description":"Attributes added to the HTML tag. Must be a json String use = and ;","List":""}],"events":[{"name":"ItemClick (e As BANanoEvent)"},{"name":"IonDidClose (e As BANanoEvent)"},{"name":"IonDidOpen (e As BANanoEvent)"},{"name":"IonWillClose (e As BANanoEvent)"},{"name":"IonWillOpen (e As BANanoEvent)"}],"methods":[{"name":"Class_Globals","signature":"Class_Globals"},{"name":"Initialize","signature":"Initialize (Callback As Object, Name As String, EventName As String)"},{"name":"getElement","signature":"getElement() As BANanoElement"},{"name":"getID","signature":"getID() As String"},{"name":"AddToParent","signature":"AddToParent(targetID As String, props As Map)"},{"name":"Remove","signature":"Remove()"},{"name":"setElement","signature":"setElement(e As BANanoElement)"},{"name":"LinkExisting","signature":"LinkExisting"},{"name":"TriggerEvent","signature":"TriggerEvent(event As String, params() As String)"},{"name":"getHere","signature":"getHere() As String"},{"name":"SetAttr","signature":"SetAttr(attr As String, text As String)"},{"name":"SetDataAttr","signature":"SetDataAttr(attr As String, text As String)"},{"name":"GetDataAttr","signature":"GetDataAttr(attr As String) As String"},{"name":"GetAttr","signature":"GetAttr(attr As String) As String"},{"name":"AddClass","signature":"AddClass(text As String)"},{"name":"RemoveClass","signature":"RemoveClass(text As String)"},{"name":"AddAttr","signature":"AddAttr(ms As Map)"},{"name":"RemoveAttr","signature":"RemoveAttr(attr As String)"},{"name":"AddStyleComputed","signature":"AddStyleComputed(attr As String, text As String)"},{"name":"AddStyle","signature":"AddStyle(ms As Map)"},{"name":"setVisible","signature":"setVisible(b As Boolean)"},{"name":"getVisible","signature":"getVisible As Boolean"},{"name":"On","signature":"On(event As String, args As List)"},{"name":"OnEvent","signature":"OnEvent(event As String, Module As Object, methodName As String, args As List)"},{"name":"DesignerCreateView","signature":"DesignerCreateView (Target As BANanoElement, Props As Map)"},{"name":"close","signature":"close() As BANanoPromise"},{"name":"isActive","signature":"isActive() As BANanoPromise"},{"name":"open","signature":"open() As BANanoPromise"},{"name":"setOpen","signature":"setOpen() As BANanoPromise"},{"name":"toggle","signature":"toggle() As BANanoPromise"},{"name":"setContentId","signature":"setContentId(s As String)"},{"name":"setDisabled","signature":"setDisabled(b As Boolean)"},{"name":"setIsOpen","signature":"setIsOpen(b As Boolean)"},{"name":"setMaxEdgeStart","signature":"setMaxEdgeStart(s As String)"},{"name":"setMenuId","signature":"setMenuId(s As String)"},{"name":"setSide","signature":"setSide(s As String)"},{"name":"setSwipeGesture","signature":"setSwipeGesture(b As Boolean)"},{"name":"setTypeOf","signature":"setTypeOf(s As String)"},{"name":"getContentId","signature":"getContentId As String"},{"name":"getDisabled","signature":"getDisabled As Boolean"},{"name":"getIsOpen","signature":"getIsOpen As Boolean"},{"name":"getMaxEdgeStart","signature":"getMaxEdgeStart As String"},{"name":"getMenuId","signature":"getMenuId As String"},{"name":"getSide","signature":"getSide As String"},{"name":"getSwipeGesture","signature":"getSwipeGesture As Boolean"},{"name":"getTypeOf","signature":"getTypeOf As String"},{"name":"getRoot","signature":"getRoot As SHLabel"},{"name":"ToggleOnSplitPane","signature":"ToggleOnSplitPane"},{"name":"BindItemClickEvent","signature":"BindItemClickEvent(items As List)"},{"name":"setParentID","signature":"setParentID(s As String)"},{"name":"getParentID","signature":"getParentID As String"},{"name":"getHasFooter","signature":"getHasFooter As Boolean"},{"name":"getHasHeader","signature":"getHasHeader As Boolean"},{"name":"setTitle","signature":"setTitle(s As String)"},{"name":"setMode","signature":"setMode(s As String)"},{"name":"setHasHeader","signature":"setHasHeader(b As Boolean)"},{"name":"setToolbarColor","signature":"setToolbarColor(s As String)"},{"name":"setTitleColor","signature":"setTitleColor(s As String)"},{"name":"setHasContent","signature":"setHasContent(b As Boolean)"},{"name":"setContentIonPadding","signature":"setContentIonPadding(b As Boolean)"},{"name":"setHasList","signature":"setHasList(b As Boolean)"},{"name":"setHasFooter","signature":"setHasFooter(b As Boolean)"},{"name":"getTitle","signature":"getTitle As String"},{"name":"getMode","signature":"getMode As String"},{"name":"getToolbarColor","signature":"getToolbarColor As String"},{"name":"getTitleColor","signature":"getTitleColor As String"},{"name":"getHasContent","signature":"getHasContent As Boolean"},{"name":"getContentIonPadding","signature":"getContentIonPadding As Boolean"},{"name":"getHasList","signature":"getHasList As Boolean"},{"name":"setHeaderNoBorder","signature":"setHeaderNoBorder(b As Boolean)"},{"name":"setFooterNoBorder","signature":"setFooterNoBorder(b As Boolean)"},{"name":"getHeaderNoBorder","signature":"getHeaderNoBorder As Boolean"},{"name":"getFooterNoBorder","signature":"getFooterNoBorder As Boolean"},{"name":"setPaddingAXYTBLR","signature":"setPaddingAXYTBLR(s As String)"},{"name":"getPaddingAXYTBLR","signature":"getPaddingAXYTBLR As String"},{"name":"setMarginAXYTBLR","signature":"setMarginAXYTBLR(s As String)"},{"name":"getMarginAXYTBLR","signature":"getMarginAXYTBLR As String"},{"name":"setRawClasses","signature":"setRawClasses(s As String)"},{"name":"getRawClasses","signature":"getRawClasses As String"},{"name":"setRawStyles","signature":"setRawStyles(s As String)"},{"name":"getRawStyles","signature":"getRawStyles As String"},{"name":"setRawAttributes","signature":"setRawAttributes(s As String)"},{"name":"getRawAttributes","signature":"getRawAttributes As String"}]}