{"properties":[{"Key":"ParentID","DisplayName":"ParentID","FieldType":"String","DefaultValue":"","Description":"The ParentID of this div","List":""},{"Key":"Mode","DisplayName":"Mode","FieldType":"String","DefaultValue":"ios","Description":"Mode","List":"ios|md"},{"Key":"Fixed","DisplayName":"Fixed","FieldType":"Boolean","DefaultValue":"False","Description":"Fixed","List":""},{"Key":"Visible","DisplayName":"Visible","FieldType":"Boolean","DefaultValue":"True","Description":"If visible.","List":""},{"Key":"PaddingAXYTBLR","DisplayName":"Paddings","FieldType":"String","DefaultValue":"a=?; x=?; y=?; t=?; b=?; l=?; r=?","Description":"Paddings A(all)-X(LR)-Y(TB)-T-B-L-R","List":""},{"Key":"MarginAXYTBLR","DisplayName":"Margins","FieldType":"String","DefaultValue":"a=?; x=?; y=?; t=?; b=?; l=?; r=?","Description":"Margins A(all)-X(LR)-Y(TB)-T-B-L-R","List":""},{"Key":"RawClasses","DisplayName":"Classes (;)","FieldType":"String","DefaultValue":"","Description":"Classes added to the HTML tag.","List":""},{"Key":"RawStyles","DisplayName":"Styles (JSON)","FieldType":"String","DefaultValue":"","Description":"Styles added to the HTML tag. Must be a json String use = and ;","List":""},{"Key":"RawAttributes","DisplayName":"Attributes (JSON)","FieldType":"String","DefaultValue":"","Description":"Attributes added to the HTML tag. Must be a json String use = and ;","List":""}],"events":[],"methods":[{"name":"Class_Globals","signature":"Class_Globals"},{"name":"Initialize","signature":"Initialize (Callback As Object, Name As String, EventName As String)"},{"name":"setDesignMode","signature":"setDesignMode(b As Boolean)"},{"name":"getElement","signature":"getElement() As BANanoElement"},{"name":"getID","signature":"getID() As String"},{"name":"AddToParent","signature":"AddToParent(targetID As String, props As Map)"},{"name":"Remove","signature":"Remove()"},{"name":"setElement","signature":"setElement(e As BANanoElement)"},{"name":"LinkExisting","signature":"LinkExisting"},{"name":"TriggerEvent","signature":"TriggerEvent(event As String, params() As String)"},{"name":"getHere","signature":"getHere() As String"},{"name":"SetAttr","signature":"SetAttr(attr As String, text As String)"},{"name":"SetDataAttr","signature":"SetDataAttr(attr As String, text As String)"},{"name":"GetDataAttr","signature":"GetDataAttr(attr As String) As String"},{"name":"GetAttr","signature":"GetAttr(attr As String) As String"},{"name":"AddClass","signature":"AddClass(text As String)"},{"name":"RemoveClass","signature":"RemoveClass(text As String)"},{"name":"AddAttr","signature":"AddAttr(ms As Map)"},{"name":"RemoveAttr","signature":"RemoveAttr(attr As String)"},{"name":"AddStyleComputed","signature":"AddStyleComputed(attr As String, text As String)"},{"name":"AddStyle","signature":"AddStyle(ms As Map)"},{"name":"setVisible","signature":"setVisible(b As Boolean)"},{"name":"getVisible","signature":"getVisible As Boolean"},{"name":"On","signature":"On(event As String, args As List)"},{"name":"OnEvent","signature":"OnEvent(event As String, Module As Object, methodName As String, args As List)"},{"name":"DesignerCreateView","signature":"DesignerCreateView (Target As BANanoElement, Props As Map)"},{"name":"setMode","signature":"setMode(s As String)"},{"name":"setParentID","signature":"setParentID(sParentID As String)"},{"name":"setFixed","signature":"setFixed(b As Boolean)"},{"name":"getFixed","signature":"getFixed As Boolean"},{"name":"NextRow","signature":"NextRow As Int"},{"name":"ThisRow","signature":"ThisRow As Int"},{"name":"Row","signature":"Row(r As Int) As SHIonGrid"},{"name":"CellID","signature":"CellID(r As Int, c As Int) As String"},{"name":"CellHere","signature":"CellHere(r As Int, c As Int) As String"},{"name":"Cell","signature":"Cell(r As Int, c As Int) As SHIonGrid"},{"name":"AddRows1","signature":"AddRows1 As SHIonGrid"},{"name":"AddRows2","signature":"AddRows2 As SHIonGrid"},{"name":"AddRows3","signature":"AddRows3 As SHIonGrid"},{"name":"AddRows4","signature":"AddRows4 As SHIonGrid"},{"name":"AddRows5","signature":"AddRows5 As SHIonGrid"},{"name":"AddRows6","signature":"AddRows6 As SHIonGrid"},{"name":"AddRows7","signature":"AddRows7 As SHIonGrid"},{"name":"AddRows8","signature":"AddRows8 As SHIonGrid"},{"name":"AddRows9","signature":"AddRows9 As SHIonGrid"},{"name":"AddRows10","signature":"AddRows10 As SHIonGrid"},{"name":"AddRows11","signature":"AddRows11 As SHIonGrid"},{"name":"AddRows12","signature":"AddRows12 As SHIonGrid"},{"name":"AddRows","signature":"AddRows(iRows As Int) As SHIonGrid"},{"name":"AddColumns","signature":"AddColumns(iColumns As Int, gxs As Int, gsm As Int, gmd As Int, glg As Int, gxl As Int) As SHIonGrid"},{"name":"AddColumnsOS","signature":"AddColumnsOS(iColumns As Int, osxs As Int, osm As Int, omd As Int, olg As Int, oxl As Int, gxs As Int, gsm As Int, gmd As Int, glg As Int, gxl As Int) As SHIonGrid"},{"name":"AddColumnsOSMP","signature":"AddColumnsOSMP(iColumns As Int, osm As Int, omd As Int, olg As Int, oxl As Int, gsm As Int, gmd As Int, glg As Int, gxl As Int, gpa As Int, gpx As Int, gpy As Int, gpt As Int, gpb As Int, gpl As Int, gpr As Int, _"},{"name":"AddColumns3x4","signature":"AddColumns3x4 As SHIonGrid"},{"name":"AddColumns4x3","signature":"AddColumns4x3 As SHIonGrid"},{"name":"AddColumns2x6","signature":"AddColumns2x6 As SHIonGrid"},{"name":"AddColumns6x2","signature":"AddColumns6x2 As SHIonGrid"},{"name":"AddColumns5x2","signature":"AddColumns5x2 As SHIonGrid"},{"name":"AddColumns3x2","signature":"AddColumns3x2 As SHIonGrid"},{"name":"AddColumns11x1","signature":"AddColumns11x1 As SHIonGrid"},{"name":"AddColumns10x1","signature":"AddColumns10x1 As SHIonGrid"},{"name":"AddColumns9x1","signature":"AddColumns9x1 As SHIonGrid"},{"name":"AddColumns8x1","signature":"AddColumns8x1 As SHIonGrid"},{"name":"AddColumns7x1","signature":"AddColumns7x1 As SHIonGrid"},{"name":"AddColumns12x1","signature":"AddColumns12x1 As SHIonGrid"},{"name":"AddColumns8p4","signature":"AddColumns8p4 As SHIonGrid"},{"name":"AddColumns4p8","signature":"AddColumns4p8 As SHIonGrid"},{"name":"AddColumns1p11","signature":"AddColumns1p11 As SHIonGrid"},{"name":"AddColumns11p1","signature":"AddColumns11p1 As SHIonGrid"},{"name":"AddColumns2p10","signature":"AddColumns2p10 As SHIonGrid"},{"name":"AddColumns10p2","signature":"AddColumns10p2 As SHIonGrid"},{"name":"AddColumns3p9","signature":"AddColumns3p9 As SHIonGrid"},{"name":"AddColumns9p3","signature":"AddColumns9p3 As SHIonGrid"},{"name":"AddColumns3p6p3","signature":"AddColumns3p6p3 As SHIonGrid"},{"name":"AddColumns6p3p3","signature":"AddColumns6p3p3 As SHIonGrid"},{"name":"AddColumns7p5","signature":"AddColumns7p5 As SHIonGrid"},{"name":"AddColumns5p7","signature":"AddColumns5p7 As SHIonGrid"},{"name":"AddColumns12","signature":"AddColumns12 As SHIonGrid"},{"name":"AddColumns6","signature":"AddColumns6 As SHIonGrid"},{"name":"AddColumns2","signature":"AddColumns2 As SHIonGrid"},{"name":"AddColumns1","signature":"AddColumns1 As SHIonGrid"},{"name":"AddColumns3","signature":"AddColumns3 As SHIonGrid"},{"name":"AddColumns4","signature":"AddColumns4 As SHIonGrid"},{"name":"AddColumns5","signature":"AddColumns5 As SHIonGrid"},{"name":"AddColumns7","signature":"AddColumns7 As SHIonGrid"},{"name":"AddColumns8","signature":"AddColumns8 As SHIonGrid"},{"name":"AddColumns9","signature":"AddColumns9 As SHIonGrid"},{"name":"AddColumns10","signature":"AddColumns10 As SHIonGrid"},{"name":"AddColumns11","signature":"AddColumns11 As SHIonGrid"},{"name":"BuildGrid","signature":"BuildGrid As SHIonGrid"},{"name":"Append","signature":"Append(varText As String) As SHIonGrid"},{"name":"getRoot","signature":"getRoot As SHLabel"},{"name":"NoSizes","signature":"NoSizes"},{"name":"getParentID","signature":"getParentID As String"},{"name":"getMode","signature":"getMode As String"},{"name":"setPaddingAXYTBLR","signature":"setPaddingAXYTBLR(s As String)"},{"name":"getPaddingAXYTBLR","signature":"getPaddingAXYTBLR As String"},{"name":"setMarginAXYTBLR","signature":"setMarginAXYTBLR(s As String)"},{"name":"getMarginAXYTBLR","signature":"getMarginAXYTBLR As String"},{"name":"setRawClasses","signature":"setRawClasses(s As String)"},{"name":"getRawClasses","signature":"getRawClasses As String"},{"name":"setRawStyles","signature":"setRawStyles(s As String)"},{"name":"getRawStyles","signature":"getRawStyles As String"},{"name":"setRawAttributes","signature":"setRawAttributes(s As String)"},{"name":"getRawAttributes","signature":"getRawAttributes As String"}]}