{"properties":[{"Key":"ParentID","DisplayName":"ParentID","FieldType":"String","DefaultValue":"","Description":"The ParentID of this component","List":""},{"Key":"Color","DisplayName":"Color","FieldType":"String","DefaultValue":"none","Description":"Color","List":"danger|dark|light|medium|none|primary|secondary|success|tertiary|warning"},{"Key":"Mode","DisplayName":"Mode","FieldType":"String","DefaultValue":"ios","Description":"Mode","List":"ios|md"},{"Key":"ForceOverscroll","DisplayName":"Force Overscroll","FieldType":"Boolean","DefaultValue":"False","Description":"Force Overscroll","List":""},{"Key":"Fullscreen","DisplayName":"Fullscreen","FieldType":"Boolean","DefaultValue":"False","Description":"Fullscreen","List":""},{"Key":"IonPadding","DisplayName":"Ion Padding","FieldType":"Boolean","DefaultValue":"True","Description":"Ion Padding","List":""},{"Key":"IonPage","DisplayName":"Ion Page","FieldType":"Boolean","DefaultValue":"True","Description":"Ion Page","List":""},{"Key":"UseTag","DisplayName":"Use Tag","FieldType":"String","DefaultValue":"ion-content","Description":"Custom Content","List":"ion-content|div|ion-tab"},{"Key":"CenterContent","DisplayName":"CenterContent","FieldType":"Boolean","DefaultValue":"False","Description":"Ion Text Center","List":""},{"Key":"CoverImage","DisplayName":"Cover Image","FieldType":"String","DefaultValue":"","Description":"Cover Image","List":""},{"Key":"ScrollEvents","DisplayName":"Scroll Events","FieldType":"Boolean","DefaultValue":"False","Description":"Scroll Events","List":""},{"Key":"ScrollX","DisplayName":"Scroll X","FieldType":"Boolean","DefaultValue":"False","Description":"Scroll X","List":""},{"Key":"ScrollY","DisplayName":"Scroll Y","FieldType":"Boolean","DefaultValue":"False","Description":"Scroll Y","List":""},{"Key":"Slot","DisplayName":"Slot","FieldType":"String","DefaultValue":"","Description":"Slot","List":""},{"Key":"Text","DisplayName":"Text","FieldType":"String","DefaultValue":"","Description":"Text","List":""},{"Key":"Visible","DisplayName":"Visible","FieldType":"Boolean","DefaultValue":"True","Description":"If visible.","List":""},{"Key":"PaddingAXYTBLR","DisplayName":"Paddings","FieldType":"String","DefaultValue":"a=?; x=?; y=?; t=?; b=?; l=?; r=?","Description":"Paddings A(all)-X(LR)-Y(TB)-T-B-L-R","List":""},{"Key":"MarginAXYTBLR","DisplayName":"Margins","FieldType":"String","DefaultValue":"a=?; x=?; y=?; t=?; b=?; l=?; r=?","Description":"Margins A(all)-X(LR)-Y(TB)-T-B-L-R","List":""},{"Key":"RawClasses","DisplayName":"Classes (;)","FieldType":"String","DefaultValue":"","Description":"Classes added to the HTML tag.","List":""},{"Key":"RawStyles","DisplayName":"Styles (JSON)","FieldType":"String","DefaultValue":"","Description":"Styles added to the HTML tag. Must be a json String use = and ;","List":""},{"Key":"RawAttributes","DisplayName":"Attributes (JSON)","FieldType":"String","DefaultValue":"","Description":"Attributes added to the HTML tag. Must be a json String use = and ;","List":""}],"events":[{"name":"IonScroll (e As BANanoEvent)"},{"name":"IonScrollEnd (e As BANanoEvent)"},{"name":"IonScrollStart (e As BANanoEvent)"}],"methods":[{"name":"Class_Globals","signature":"Class_Globals"},{"name":"Initialize","signature":"Initialize (Callback As Object, Name As String, EventName As String)"},{"name":"getElement","signature":"getElement() As BANanoElement"},{"name":"getID","signature":"getID() As String"},{"name":"AddToParent","signature":"AddToParent(targetID As String, props As Map)"},{"name":"Remove","signature":"Remove()"},{"name":"TriggerEvent","signature":"TriggerEvent(event As String, params() As String)"},{"name":"getHere","signature":"getHere() As String"},{"name":"SetAttr","signature":"SetAttr(attr As String, text As String)"},{"name":"SetDataAttr","signature":"SetDataAttr(attr As String, text As String)"},{"name":"GetDataAttr","signature":"GetDataAttr(attr As String) As String"},{"name":"GetAttr","signature":"GetAttr(attr As String) As String"},{"name":"AddClass","signature":"AddClass(text As String)"},{"name":"RemoveClass","signature":"RemoveClass(text As String)"},{"name":"AddAttr","signature":"AddAttr(ms As Map)"},{"name":"RemoveAttr","signature":"RemoveAttr(attr As String)"},{"name":"AddStyleComputed","signature":"AddStyleComputed(attr As String, text As String)"},{"name":"AddStyle","signature":"AddStyle(ms As Map)"},{"name":"SetStyle","signature":"SetStyle(prop As String, value As String)"},{"name":"setVisible","signature":"setVisible(b As Boolean)"},{"name":"getVisible","signature":"getVisible As Boolean"},{"name":"On","signature":"On(event As String, args As List)"},{"name":"OnEvent","signature":"OnEvent(event As String, Module As Object, methodName As String, args As List)"},{"name":"DesignerCreateView","signature":"DesignerCreateView (Target As BANanoElement, Props As Map)"},{"name":"setUseTag","signature":"setUseTag(s As String)"},{"name":"setParentID","signature":"setParentID(sParentID As String)"},{"name":"setMode","signature":"setMode(s As String)"},{"name":"setCoverImage","signature":"setCoverImage(sImg As String)"},{"name":"getMode","signature":"getMode As String"},{"name":"getScrollElement","signature":"getScrollElement() As BANanoPromise"},{"name":"setCenterContent","signature":"setCenterContent(b As Boolean)"},{"name":"scrollByPoint","signature":"scrollByPoint() As BANanoPromise"},{"name":"scrollToBottom","signature":"scrollToBottom(duration As Double) As BANanoPromise"},{"name":"scrollToPoint","signature":"scrollToPoint(x As Int, y As Int, duration As Double) As BANanoPromise"},{"name":"scrollToTop","signature":"scrollToTop(duration As Double) As BANanoPromise"},{"name":"setColor","signature":"setColor(s As String)"},{"name":"setForceOverscroll","signature":"setForceOverscroll(b As Boolean)"},{"name":"setFullscreen","signature":"setFullscreen(b As Boolean)"},{"name":"setIonPadding","signature":"setIonPadding(b As Boolean)"},{"name":"setIonPage","signature":"setIonPage(b As Boolean)"},{"name":"setScrollEvents","signature":"setScrollEvents(b As Boolean)"},{"name":"setScrollX","signature":"setScrollX(b As Boolean)"},{"name":"setScrollY","signature":"setScrollY(b As Boolean)"},{"name":"setSlot","signature":"setSlot(s As String)"},{"name":"setText","signature":"setText(s As String)"},{"name":"getColor","signature":"getColor As String"},{"name":"getForceOverscroll","signature":"getForceOverscroll As Boolean"},{"name":"getFullscreen","signature":"getFullscreen As Boolean"},{"name":"getIonPadding","signature":"getIonPadding As Boolean"},{"name":"getScrollEvents","signature":"getScrollEvents As Boolean"},{"name":"getScrollX","signature":"getScrollX As Boolean"},{"name":"getScrollY","signature":"getScrollY As Boolean"},{"name":"getSlot","signature":"getSlot As String"},{"name":"getText","signature":"getText As String"},{"name":"LinkExisting","signature":"LinkExisting"},{"name":"getRoot","signature":"getRoot As SHLabel"},{"name":"Clear","signature":"Clear"},{"name":"Append","signature":"Append(sHTML As String)"},{"name":"SetHTML","signature":"SetHTML(sHTML As String)"},{"name":"getParentID","signature":"getParentID As String"},{"name":"getIonPage","signature":"getIonPage As Boolean"},{"name":"getUseTag","signature":"getUseTag As String"},{"name":"getCenterContent","signature":"getCenterContent As Boolean"},{"name":"getCoverImage","signature":"getCoverImage As String"},{"name":"setPaddingAXYTBLR","signature":"setPaddingAXYTBLR(s As String)"},{"name":"getPaddingAXYTBLR","signature":"getPaddingAXYTBLR As String"},{"name":"setMarginAXYTBLR","signature":"setMarginAXYTBLR(s As String)"},{"name":"getMarginAXYTBLR","signature":"getMarginAXYTBLR As String"},{"name":"setRawClasses","signature":"setRawClasses(s As String)"},{"name":"getRawClasses","signature":"getRawClasses As String"},{"name":"setRawStyles","signature":"setRawStyles(s As String)"},{"name":"getRawStyles","signature":"getRawStyles As String"},{"name":"setRawAttributes","signature":"setRawAttributes(s As String)"},{"name":"getRawAttributes","signature":"getRawAttributes As String"}]}