{"properties":[{"Key":"ParentID","DisplayName":"ParentID","FieldType":"String","DefaultValue":"","Description":"The ParentID of this component","List":""},{"Key":"Activated","DisplayName":"Activated","FieldType":"Boolean","DefaultValue":"False","Description":"Activated","List":""},{"Key":"Edge","DisplayName":"Edge","FieldType":"Boolean","DefaultValue":"False","Description":"Edge","List":""},{"Key":"Fixed","DisplayName":"Fixed","FieldType":"Boolean","DefaultValue":"True","Description":"Fixed Slot","List":""},{"Key":"Horizontal","DisplayName":"Horizontal","FieldType":"String","DefaultValue":"end","Description":"Horizontal","List":"center|end|none|start"},{"Key":"Vertical","DisplayName":"Vertical","FieldType":"String","DefaultValue":"bottom","Description":"Vertical","List":"bottom|center|none|top"},{"Key":"HasList","DisplayName":"Has List","FieldType":"Boolean","DefaultValue":"False","Description":"Has List","List":""},{"Key":"Side","DisplayName":"List Side","FieldType":"String","DefaultValue":"bottom","Description":"Side","List":"bottom|end|start|top"},{"Key":"IconName","DisplayName":"Icon Name","FieldType":"String","DefaultValue":"add-outline","Description":"Icon Name","List":""},{"Key":"CloseIcon","DisplayName":"Close Icon","FieldType":"String","DefaultValue":"close-outline","Description":"Close Icon","List":""},{"Key":"Color","DisplayName":"Color","FieldType":"String","DefaultValue":"none","Description":"Color","List":"danger|dark|none|primary|secondary|success|tertiary|warning"},{"Key":"RawButtons","DisplayName":"Child Buttons (JSON - id~icon~color)","FieldType":"String","DefaultValue":"","Description":"Child Buttons (JSON - id~icon~color)","List":""},{"Key":"Disabled","DisplayName":"Disabled","FieldType":"Boolean","DefaultValue":"False","Description":"Disabled","List":""},{"Key":"Mode","DisplayName":"Mode","FieldType":"String","DefaultValue":"ios","Description":"Mode","List":"ios|md"},{"Key":"Size","DisplayName":"Size","FieldType":"String","DefaultValue":"none","Description":"Size","List":"none|small|large"},{"Key":"Translucent","DisplayName":"Translucent","FieldType":"Boolean","DefaultValue":"False","Description":"Translucent","List":""},{"Key":"TypeOf","DisplayName":"Type Of","FieldType":"String","DefaultValue":"button","Description":"Type Of","List":"button|reset|submit"},{"Key":"Slot","DisplayName":"Slot","FieldType":"String","DefaultValue":"","Description":"Slot","List":""},{"Key":"Visible","DisplayName":"Visible","FieldType":"Boolean","DefaultValue":"True","Description":"If visible.","List":""},{"Key":"PaddingAXYTBLR","DisplayName":"Paddings","FieldType":"String","DefaultValue":"a=?; x=?; y=?; t=?; b=?; l=?; r=?","Description":"Paddings A(all)-X(LR)-Y(TB)-T-B-L-R","List":""},{"Key":"MarginAXYTBLR","DisplayName":"Margins","FieldType":"String","DefaultValue":"a=?; x=?; y=?; t=?; b=?; l=?; r=?","Description":"Margins A(all)-X(LR)-Y(TB)-T-B-L-R","List":""},{"Key":"RawClasses","DisplayName":"Classes (;)","FieldType":"String","DefaultValue":"","Description":"Classes added to the HTML tag.","List":""},{"Key":"RawStyles","DisplayName":"Styles (JSON)","FieldType":"String","DefaultValue":"","Description":"Styles added to the HTML tag. Must be a json String use = and ;","List":""},{"Key":"RawAttributes","DisplayName":"Attributes (JSON)","FieldType":"String","DefaultValue":"","Description":"Attributes added to the HTML tag. Must be a json String use = and ;","List":""}],"events":[{"name":"Click (e As BANanoEvent)"},{"name":"ItemClick (item As String)"}],"methods":[{"name":"Class_Globals","signature":"Class_Globals"},{"name":"Initialize","signature":"Initialize (Callback As Object, Name As String, EventName As String)"},{"name":"getElement","signature":"getElement() As BANanoElement"},{"name":"getID","signature":"getID() As String"},{"name":"AddToParent","signature":"AddToParent(targetID As String, props As Map)"},{"name":"Remove","signature":"Remove()"},{"name":"TriggerEvent","signature":"TriggerEvent(event As String, params() As String)"},{"name":"getHere","signature":"getHere() As String"},{"name":"SetAttr","signature":"SetAttr(attr As String, text As String)"},{"name":"SetDataAttr","signature":"SetDataAttr(attr As String, text As String)"},{"name":"GetDataAttr","signature":"GetDataAttr(attr As String) As String"},{"name":"GetAttr","signature":"GetAttr(attr As String) As String"},{"name":"AddClass","signature":"AddClass(text As String)"},{"name":"RemoveClass","signature":"RemoveClass(text As String)"},{"name":"AddAttr","signature":"AddAttr(ms As Map)"},{"name":"RemoveAttr","signature":"RemoveAttr(attr As String)"},{"name":"AddStyleComputed","signature":"AddStyleComputed(attr As String, text As String)"},{"name":"AddStyle","signature":"AddStyle(ms As Map)"},{"name":"setVisible","signature":"setVisible(b As Boolean)"},{"name":"getVisible","signature":"getVisible As Boolean"},{"name":"On","signature":"On(event As String, args As List)"},{"name":"OnEvent","signature":"OnEvent(event As String, Module As Object, methodName As String, args As List)"},{"name":"DesignerCreateView","signature":"DesignerCreateView (Target As BANanoElement, Props As Map)"},{"name":"setParentID","signature":"setParentID(sParentID As String)"},{"name":"Clear","signature":"Clear"},{"name":"setActivated","signature":"setActivated(b As Boolean)"},{"name":"setEdge","signature":"setEdge(b As Boolean)"},{"name":"setHorizontal","signature":"setHorizontal(s As String)"},{"name":"setSlot","signature":"setSlot(s As String)"},{"name":"setVertical","signature":"setVertical(s As String)"},{"name":"getActivated","signature":"getActivated As Boolean"},{"name":"getEdge","signature":"getEdge As Boolean"},{"name":"getHorizontal","signature":"getHorizontal As String"},{"name":"getSlot","signature":"getSlot As String"},{"name":"getVertical","signature":"getVertical As String"},{"name":"AddFabButton","signature":"AddFabButton(btnID As String, btnIcon As String) As SHIonFabButton"},{"name":"ItemClick","signature":"ItemClick(e As BANanoEvent)"},{"name":"getRoot","signature":"getRoot As SHLabel"},{"name":"LinkExisting","signature":"LinkExisting"},{"name":"GetIonButton","signature":"GetIonButton As SHIonButton"},{"name":"GetIonIcon","signature":"GetIonIcon As SHIonIcon"},{"name":"setFixed","signature":"setFixed(b As Boolean)"},{"name":"setSide","signature":"setSide(s As String)"},{"name":"setIconName","signature":"setIconName(s As String)"},{"name":"setCloseIcon","signature":"setCloseIcon(s As String)"},{"name":"setColor","signature":"setColor(s As String)"},{"name":"setRawButtons","signature":"setRawButtons(s As String)"},{"name":"setDisabled","signature":"setDisabled(b As Boolean)"},{"name":"setMode","signature":"setMode(s As String)"},{"name":"setSize","signature":"setSize(s As String)"},{"name":"setTranslucent","signature":"setTranslucent(b As Boolean)"},{"name":"setTypeOf","signature":"setTypeOf(s As String)"},{"name":"getParentID","signature":"getParentID As String"},{"name":"getFixed","signature":"getFixed As Boolean"},{"name":"getSide","signature":"getSide As String"},{"name":"getIconName","signature":"getIconName As String"},{"name":"getCloseIcon","signature":"getCloseIcon As String"},{"name":"getColor","signature":"getColor As String"},{"name":"getRawButtons","signature":"getRawButtons As String"},{"name":"getDisabled","signature":"getDisabled As Boolean"},{"name":"getMode","signature":"getMode As String"},{"name":"getSize","signature":"getSize As String"},{"name":"getTranslucent","signature":"getTranslucent As Boolean"},{"name":"getTypeOf","signature":"getTypeOf As String"},{"name":"setPaddingAXYTBLR","signature":"setPaddingAXYTBLR(s As String)"},{"name":"getPaddingAXYTBLR","signature":"getPaddingAXYTBLR As String"},{"name":"setMarginAXYTBLR","signature":"setMarginAXYTBLR(s As String)"},{"name":"getMarginAXYTBLR","signature":"getMarginAXYTBLR As String"},{"name":"setRawClasses","signature":"setRawClasses(s As String)"},{"name":"getRawClasses","signature":"getRawClasses As String"},{"name":"setRawStyles","signature":"setRawStyles(s As String)"},{"name":"getRawStyles","signature":"getRawStyles As String"},{"name":"setRawAttributes","signature":"setRawAttributes(s As String)"},{"name":"getRawAttributes","signature":"getRawAttributes As String"},{"name":"getHasList","signature":"getHasList As Boolean"},{"name":"setHasList","signature":"setHasList(b As Boolean)"}]}