{"properties":[{"Key":"ParentID","DisplayName":"ParentID","FieldType":"String","DefaultValue":"","Description":"The ParentID of this div","List":""},{"Key":"Size","DisplayName":"Size","FieldType":"String","DefaultValue":"p","Description":"Size","List":"a|b|div|h1|h2|h3|h4|h5|h6|i|p|span|strong|small|br|template|section|article|aside|ul|ol|li|caption||label|strong|object|video|sup|canvas"},{"Key":"CustomTag","DisplayName":"Custom Tag","FieldType":"String","DefaultValue":"","Description":"Custom Tag","List":""},{"Key":"Text","DisplayName":"Text","FieldType":"String","DefaultValue":"","Description":"Text","List":""},{"Key":"Mode","DisplayName":"Mode","FieldType":"String","DefaultValue":"ios","Description":"Mode","List":"ios|md"},{"Key":"Color","DisplayName":"Color","FieldType":"String","DefaultValue":"none","Description":"Color","List":"danger|dark|light|medium|none|primary|secondary|success|tertiary|warning"},{"Key":"RawText","DisplayName":"Raw HTML","FieldType":"String","DefaultValue":"","Description":"RAW HTML as is. Overrides the Text property.","List":""},{"Key":"IonPadding","DisplayName":"Ion Padding","FieldType":"Boolean","DefaultValue":"False","Description":"Ion Padding","List":""},{"Key":"IonTextCenter","DisplayName":"Ion Text Center","FieldType":"Boolean","DefaultValue":"False","Description":"Ion Text Center","List":""},{"Key":"LoremIpsum","DisplayName":"Lorem Ipsum","FieldType":"Boolean","DefaultValue":"False","Description":"Lorem Ipsum","List":""},{"Key":"IonTextWrap","DisplayName":"Text Wrap","FieldType":"Boolean","DefaultValue":"False","Description":"Text Wrap","List":""},{"Key":"Href","DisplayName":"Href","FieldType":"String","DefaultValue":"","Description":"Href","List":""},{"Key":"Target","DisplayName":"Target","FieldType":"String","DefaultValue":"none","Description":"Target","List":"_blank|_parent|_self|_top|none"},{"Key":"Rel","DisplayName":"Rel","FieldType":"String","DefaultValue":"","Description":"Rel","List":""},{"Key":"Slot","DisplayName":"Slot","FieldType":"String","DefaultValue":"","Description":"Slot","List":""},{"Key":"Visible","DisplayName":"Visible","FieldType":"Boolean","DefaultValue":"True","Description":"If visible.","List":""},{"Key":"ColumnName","DisplayName":"Column Name","FieldType":"String","DefaultValue":"","Description":"Column Name","List":""},{"Key":"ColumnType","DisplayName":"Column Type","FieldType":"String","DefaultValue":"string","Description":"Column Type","List":"blob|bool|double|int|string"},{"Key":"CoverImage","DisplayName":"Content Cover Image","FieldType":"String","DefaultValue":"","Description":"Cover Image","List":""},{"Key":"Height","DisplayName":"Height","FieldType":"String","DefaultValue":"","Description":"Height","List":""},{"Key":"Width","DisplayName":"Width","FieldType":"String","DefaultValue":"","Description":"Width","List":""},{"Key":"BorderRadius","DisplayName":"Border Radius","FieldType":"String","DefaultValue":"","Description":"Border Radius","List":""},{"Key":"Elevation","DisplayName":"Elevation","FieldType":"String","DefaultValue":"none","Description":"Elevation","List":"0|1|2|3|4|5|none"},{"Key":"Display","DisplayName":"Display","FieldType":"String","DefaultValue":"","Description":"Display","List":"block|contents|flex|grid|inherit|initial|inline|inline-block|none|default"},{"Key":"AlignItems","DisplayName":"Align Items (YAxis)","FieldType":"String","DefaultValue":"none","Description":"Align Items","List":"ion-align-items-baseline|ion-align-items-center|ion-align-items-end|ion-align-items-start|ion-align-items-stretch|none"},{"Key":"JustifyContent","DisplayName":"Justify Content (XAxis)","FieldType":"String","DefaultValue":"none","Description":"Justify Content","List":"ion-justify-content-around|ion-justify-content-between|ion-justify-content-center|ion-justify-content-end|ion-justify-content-evenly|ion-justify-content-start|none"},{"Key":"TextAlign","DisplayName":"Text Align (Horizontal)","FieldType":"String","DefaultValue":"none","Description":"Text Align","List":"center|justify|left|none|right|start|end"},{"Key":"VerticalAlign","DisplayName":"Vertical Align","FieldType":"String","DefaultValue":"none","Description":"Text Align","List":"baseline|sub|super|top|text-top|middle|bottom|text-bottom|initial|inherit|none"},{"Key":"MarginAXYTBLR","DisplayName":"Margins","FieldType":"String","DefaultValue":"a=?; x=?; y=?; t=?; b=?; l=?; r=?","Description":"Margins A(all)-X(LR)-Y(TB)-T-B-L-R","List":""},{"Key":"PaddingAXYTBLR","DisplayName":"Paddings","FieldType":"String","DefaultValue":"a=?; x=?; y=?; t=?; b=?; l=?; r=?","Description":"Paddings A(all)-X(LR)-Y(TB)-T-B-L-R","List":""},{"Key":"RawClasses","DisplayName":"Classes (;)","FieldType":"String","DefaultValue":"","Description":"Classes added to the HTML tag.","List":""},{"Key":"RawStyles","DisplayName":"Styles (JSON)","FieldType":"String","DefaultValue":"","Description":"Styles added to the HTML tag. Must be a json String use = and ;","List":""},{"Key":"RawAttributes","DisplayName":"Attributes (JSON)","FieldType":"String","DefaultValue":"","Description":"Attributes added to the HTML tag. Must be a json String use = and ;","List":""}],"events":[{"name":"Click (e As BANanoEvent)"},{"name":"ColorChange (item As String, value As Object)"},{"name":"IonChange (item As String, value As Object)"},{"name":"DateChange (e As BANanoEvent)"},{"name":"DateCancel (e As BANanoEvent)"}],"methods":[{"name":"Class_Globals","signature":"Class_Globals"},{"name":"Initialize","signature":"Initialize (Callback As Object, Name As String, EventName As String)"},{"name":"InsertCSSRule","signature":"InsertCSSRule(selector As String, stylesx As Object)"},{"name":"RemoveCSSRule","signature":"RemoveCSSRule(selector As String)"},{"name":"setCoverImage","signature":"setCoverImage(sImg As String)"},{"name":"SetStyle","signature":"SetStyle(prop As String, value As String)"},{"name":"getElement","signature":"getElement() As BANanoElement"},{"name":"getID","signature":"getID() As String"},{"name":"AddToParent","signature":"AddToParent(targetID As String, props As Map)"},{"name":"Remove","signature":"Remove()"},{"name":"TriggerEvent","signature":"TriggerEvent(event As String, params() As String)"},{"name":"getHere","signature":"getHere() As String"},{"name":"SetAttr","signature":"SetAttr(attr As String, text As String)"},{"name":"SetDataAttr","signature":"SetDataAttr(attr As String, text As String)"},{"name":"GetDataAttr","signature":"GetDataAttr(attr As String) As String"},{"name":"GetAttr","signature":"GetAttr(attr As String) As String"},{"name":"AddClass","signature":"AddClass(text As String)"},{"name":"RemoveClass","signature":"RemoveClass(text As String)"},{"name":"AddAttr","signature":"AddAttr(ms As Map)"},{"name":"RemoveAttr","signature":"RemoveAttr(attr As String)"},{"name":"AddStyleComputed","signature":"AddStyleComputed(attr As String, text As String)"},{"name":"AddStyle","signature":"AddStyle(ms As Map)"},{"name":"setVisible","signature":"setVisible(b As Boolean)"},{"name":"getVisible","signature":"getVisible As Boolean"},{"name":"On","signature":"On(event As String, args As List)"},{"name":"OnEvent","signature":"OnEvent(event As String, Module As Object, methodName As String, args As List)"},{"name":"DesignerCreateView","signature":"DesignerCreateView (Target As BANanoElement, Props As Map)"},{"name":"setMode","signature":"setMode(s As String)"},{"name":"getMode","signature":"getMode As String"},{"name":"setColor","signature":"setColor(s As String)"},{"name":"getColor","signature":"getColor As String"},{"name":"setVerticalAlign","signature":"setVerticalAlign(s As String)"},{"name":"getVerticalAlign","signature":"getVerticalAlign As String"},{"name":"setAlignItems","signature":"setAlignItems(s As String)"},{"name":"setDisplay","signature":"setDisplay(s As String)"},{"name":"getDisplay","signature":"getDisplay As String"},{"name":"getTextAlign","signature":"getTextAlign As String"},{"name":"getJustifyContent","signature":"getJustifyContent As String"},{"name":"setTextAlign","signature":"setTextAlign(s As String)"},{"name":"getAlignItems","signature":"getAlignItems As String"},{"name":"setJustifyContent","signature":"setJustifyContent(s As String)"},{"name":"setParentID","signature":"setParentID(sParentID As String)"},{"name":"setRel","signature":"setRel(s As String)"},{"name":"setBorderRadius","signature":"setBorderRadius(s As String)"},{"name":"getBorderRadius","signature":"getBorderRadius As String"},{"name":"setHeight","signature":"setHeight(s As String)"},{"name":"setWidth","signature":"setWidth(s As String)"},{"name":"setIonPadding","signature":"setIonPadding(b As Boolean)"},{"name":"setIonTextCenter","signature":"setIonTextCenter(b As Boolean)"},{"name":"setHref","signature":"setHref(s As String)"},{"name":"setSize","signature":"setSize(s As String)"},{"name":"setLoremIpsum","signature":"setLoremIpsum(b As Boolean)"},{"name":"setTextWrap","signature":"setTextWrap(b As Boolean)"},{"name":"setText","signature":"setText(s As String)"},{"name":"setRawText","signature":"setRawText(s As String)"},{"name":"getRawText","signature":"getRawText As String"},{"name":"setSlot","signature":"setSlot(s As String)"},{"name":"getCustomTag","signature":"getCustomTag As String"},{"name":"getIonPadding","signature":"getIonPadding As Boolean"},{"name":"getLoremIpsum","signature":"getLoremIpsum As Boolean"},{"name":"getSize","signature":"getSize As String"},{"name":"getText","signature":"getText As String"},{"name":"LinkExisting","signature":"LinkExisting"},{"name":"AddButton","signature":"AddButton(eID As String, eText As String) As SHIonButton"},{"name":"AddRippleEffect","signature":"AddRippleEffect(eID As String) As SHIonRippleEffect"},{"name":"AddCard","signature":"AddCard(eID As String) As SHIonCard"},{"name":"AddCardHeader","signature":"AddCardHeader(eID As String) As SHIonCardHeader"},{"name":"AddCardTitle","signature":"AddCardTitle(eID As String, eText As String) As SHIonCardTitle"},{"name":"AddCardSubTitle","signature":"AddCardSubTitle(eID As String, eText As String) As SHIonCardSubtitle"},{"name":"AddCardContent","signature":"AddCardContent(eID As String, eText As String) As SHIonCardContent"},{"name":"AddButtonIconOnly","signature":"AddButtonIconOnly(eID As String, eIcon As String) As SHIonButton"},{"name":"AddButtonIconOnlyToolTip","signature":"AddButtonIconOnlyToolTip(eID As String, eIcon As String, tt As String, ttPos As String, tColor As String) As SHIonButton"},{"name":"AddButtonIconLabelToolTip","signature":"AddButtonIconLabelToolTip(eID As String, eIcon As String, eTitle As String, tt As String, ttPos As String, tColor As String) As SHIonButton"},{"name":"AddButtonLabelIconToolTip","signature":"AddButtonLabelIconToolTip(eID As String, eIcon As String, eTitle As String, tt As String, ttPos As String, tColor As String) As SHIonButton"},{"name":"AddButtonToolTip","signature":"AddButtonToolTip(eID As String, eText As String, tt As String, ttPos As String, tColor As String) As SHIonButton"},{"name":"AddButtonIconOnlyBySrcToolTip","signature":"AddButtonIconOnlyBySrcToolTip(eID As String, eIcon As String, tt As String, ttPos As String, tColor As String) As SHIonButton"},{"name":"AddButtonIconLabel","signature":"AddButtonIconLabel(eID As String, eIcon As String, eTitle As String) As SHIonButton"},{"name":"AddButtonLabelIcon","signature":"AddButtonLabelIcon(eID As String, eIcon As String, eTitle As String) As SHIonButton"},{"name":"AddButtonIconOnlyBySrc","signature":"AddButtonIconOnlyBySrc(eID As String, eIcon As String) As SHIonButton"},{"name":"AddIcon","signature":"AddIcon(eID As String, eIcon As String, eSlot As String) As SHIonIcon"},{"name":"AddStartIcon","signature":"AddStartIcon(eID As String, eIcon As String) As SHIonIcon"},{"name":"AddEndIcon","signature":"AddEndIcon(eID As String, eIcon As String) As SHIonIcon"},{"name":"AddIconBySrc","signature":"AddIconBySrc(eID As String, eIcon As String, eSlot As String) As SHIonIcon"},{"name":"AddIconOnly","signature":"AddIconOnly(eID As String, eIcon As String) As SHIonIcon"},{"name":"AddIconOnlyBySrc","signature":"AddIconOnlyBySrc(eID As String, eIcon As String) As SHIonIcon"},{"name":"AddList","signature":"AddList(eID As String) As SHIonList"},{"name":"AddActionSheet","signature":"AddActionSheet(eID As String, ReUsable As Boolean) As SHIonActionSheet"},{"name":"AddAlert","signature":"AddAlert(eID As String, ReUsable As Boolean) As SHIonAlert"},{"name":"AddPage","signature":"AddPage(eID As String) As SHIonPage"},{"name":"AddBadge","signature":"AddBadge(eID As String) As SHIonBadge"},{"name":"AddLabel","signature":"AddLabel(eID As String, eText As String) As SHIonLabel"},{"name":"AddForm","signature":"AddForm(eID As String) As SHForm"},{"name":"AddNote","signature":"AddNote(eID As String, eText As String) As SHIonNote"},{"name":"AddMenu","signature":"AddMenu(eID As String, contentID As String) As SHIonMenu"},{"name":"AddMenuButton","signature":"AddMenuButton(eID As String, menuID As String) As SHIonMenuButton"},{"name":"AddMenuToggle","signature":"AddMenuToggle(eID As String) As SHIonMenuToggle"},{"name":"AddSplitPane","signature":"AddSplitPane(eID As String) As SHIonSplitPane"},{"name":"AddModal","signature":"AddModal(eID As String) As SHIonModal"},{"name":"AddBackDrop","signature":"AddBackDrop(eID As String) As SHIonBackdrop"},{"name":"AddNav","signature":"AddNav(eID As String) As SHIonNav"},{"name":"AddNavLink","signature":"AddNavLink(eID As String) As SHIonNavLink"},{"name":"AddLoading","signature":"AddLoading(eID As String, ReUsable As Boolean) As SHIonLoading"},{"name":"AddRadio","signature":"AddRadio(eID As String) As SHIonRadio"},{"name":"AddImg","signature":"AddImg(eID As String, eSrc As String, eWidth As String, eHeight As String, eAlt As String) As SHImg"},{"name":"AddDivImg","signature":"AddDivImg(eID As String, eSrc As String, eWidth As String, eHeight As String, eAlt As String) As SHImg"},{"name":"AddIonImg","signature":"AddIonImg(eID As String, eSrc As String, eWidth As String, eHeight As String, eAlt As String) As SHIonImg"},{"name":"AddThumbNail","signature":"AddThumbNail(itemID As String, ImgSrc As String) As SHIonThumbnail"},{"name":"AddToggle","signature":"AddToggle(eID As String, eText As String) As SHIonToggle"},{"name":"AddCheckbox","signature":"AddCheckbox(eID As String, eText As String) As SHIonCheckbox"},{"name":"AddRange","signature":"AddRange(eID As String) As SHIonRange"},{"name":"AddRefresher","signature":"AddRefresher(eID As String) As SHIonRefresher"},{"name":"AddRouter","signature":"AddRouter(eID As String) As SHIonRouter"},{"name":"AddRouterLink","signature":"AddRouterLink(eID As String) As SHIonRouterLink"},{"name":"AddRouterOutlet","signature":"AddRouterOutlet(eID As String) As SHIonRouterOutlet"},{"name":"AddRoute","signature":"AddRoute(eID As String) As SHIonRoute"},{"name":"AddRefresherContent","signature":"AddRefresherContent(eID As String) As SHIonRefresherContent"},{"name":"AddParagraph","signature":"AddParagraph(eID As String, eText As String) As SHLabel"},{"name":"AddSection","signature":"AddSection(eID As String) As SHLabel"},{"name":"AddH1","signature":"AddH1(eID As String, eText As String) As SHLabel"},{"name":"AddH2","signature":"AddH2(eID As String, eText As String) As SHLabel"},{"name":"AddH3","signature":"AddH3(eID As String, eText As String) As SHLabel"},{"name":"AddH4","signature":"AddH4(eID As String, eText As String) As SHLabel"},{"name":"AddH5","signature":"AddH5(eID As String, eText As String) As SHLabel"},{"name":"AddH6","signature":"AddH6(eID As String, eText As String) As SHLabel"},{"name":"AddDiv","signature":"AddDiv(eID As String, eText As String) As SHLabel"},{"name":"AddSpan","signature":"AddSpan(eID As String, eText As String) As SHLabel"},{"name":"AddAvatar","signature":"AddAvatar(eID As String, imgSrc As String, eSlot As String) As SHIonAvatar"},{"name":"AddChipAvatarLabel","signature":"AddChipAvatarLabel(eID As String, imgSrc As String, sLabel As String) As SHIonChip"},{"name":"AddChipAvatarLabelIcon","signature":"AddChipAvatarLabelIcon(eID As String, imgSrc As String, sLabel As String, iconName As String) As SHIonChip"},{"name":"AddChipIconLabelIcon","signature":"AddChipIconLabelIcon(eID As String, iconName1 As String, sLabel As String, iconName2 As String) As SHIonChip"},{"name":"AddChip","signature":"AddChip(eID As String, sLabel As String) As SHIonChip"},{"name":"AddAvatarLabel","signature":"AddAvatarLabel(eID As String, imgSrc As String, sLabel As String, eSlot As String) As SHIonAvatar"},{"name":"GetItem","signature":"GetItem(eID As String) As SHIonItem"},{"name":"GetIcon","signature":"GetIcon(eID As String) As SHIonIcon"},{"name":"GetLabel","signature":"GetLabel(eID As String) As SHIonLabel"},{"name":"GetIonLabel","signature":"GetIonLabel As SHIonLabel"},{"name":"GetIonAvatar","signature":"GetIonAvatar As SHIonAvatar"},{"name":"GetImg","signature":"GetImg As SHImg"},{"name":"GetIonIcon","signature":"GetIonIcon As SHIonIcon"},{"name":"getRoot","signature":"getRoot As SHLabel"},{"name":"getTemplate","signature":"getTemplate As String"},{"name":"AddBreadCrumb","signature":"AddBreadCrumb(eID As String, eHref As String, eText As String) As SHIonBreadcrumb"},{"name":"AddBreadCrumbs","signature":"AddBreadCrumbs(eID As String) As SHIonBreadcrumbs"},{"name":"AddReorder","signature":"AddReorder(eID As String) As SHIonReorder"},{"name":"AddGrid","signature":"AddGrid(eID As String) As SHIonGrid"},{"name":"AddRow","signature":"AddRow(eID As String) As SHIonRow"},{"name":"AddCol","signature":"AddCol(eID As String) As SHIonCol"},{"name":"AddInfiniteScroll","signature":"AddInfiniteScroll(eID As String) As SHIonInfiniteScroll"},{"name":"AddInput","signature":"AddInput(eID As String, eLabel As String) As SHIonInput"},{"name":"AddInputNumber","signature":"AddInputNumber(itemID As String, itemLabel As String) As SHIonInput"},{"name":"AddInputPassword","signature":"AddInputPassword(itemID As String, itemLabel As String) As SHIonInput"},{"name":"AddInputEmail","signature":"AddInputEmail(itemID As String, itemLabel As String) As SHIonInput"},{"name":"AddInputTelephone","signature":"AddInputTelephone(itemID As String, itemLabel As String) As SHIonInput"},{"name":"AddTextArea","signature":"AddTextArea(eID As String, eLabel As String) As SHIonTextarea"},{"name":"AddItemLink","signature":"AddItemLink(itemID As String, href As String, itemTitle As String) As SHIonItem"},{"name":"AddItemTextLink","signature":"AddItemTextLink(itemID As String, itemText As String, href As String, itemTitle As String) As SHIonItem"},{"name":"AddInfiniteScrollContent","signature":"AddInfiniteScrollContent(eID As String) As SHIonInfiniteScrollContent"},{"name":"GetIonCardHeader","signature":"GetIonCardHeader As SHIonCardHeader"},{"name":"GetIonCardContent","signature":"GetIonCardContent As SHIonCardContent"},{"name":"GetIonCardTitle","signature":"GetIonCardTitle As SHIonCardTitle"},{"name":"GetIonCardSubTitle","signature":"GetIonCardSubTitle As SHIonCardSubtitle"},{"name":"GetIonProgressBar","signature":"GetIonProgressBar As SHIonProgressBar"},{"name":"AddProgressBar","signature":"AddProgressBar(eID As String, value As Double) As SHIonProgressBar"},{"name":"AddToolBar","signature":"AddToolBar(eID As String) As SHIonToolbar"},{"name":"AddHeader","signature":"AddHeader(eID As String) As SHIonHeader"},{"name":"AddFooter","signature":"AddFooter(eID As String) As SHIonFooter"},{"name":"AddButtons","signature":"AddButtons(eID As String, eSlot As String) As SHIonButtons"},{"name":"AddAccordionGroup","signature":"AddAccordionGroup(eID As String) As SHIonAccordionGroup"},{"name":"AddItem","signature":"AddItem(eID As String) As SHIonItem"},{"name":"AddItemDivider","signature":"AddItemDivider(eID As String) As SHIonItemDivider"},{"name":"AddItemGroup","signature":"AddItemGroup(eID As String) As SHIonItemGroup"},{"name":"AddItemSliding","signature":"AddItemSliding(eID As String) As SHIonItemSliding"},{"name":"AddItemOptions","signature":"AddItemOptions(eID As String) As SHIonItemOptions"},{"name":"AddItemOption","signature":"AddItemOption(eID As String) As SHIonItemOption"},{"name":"AddAccordion","signature":"AddAccordion(eID As String) As SHIonAccordion"},{"name":"AddAccordionHeaderContent","signature":"AddAccordionHeaderContent(eID As String, header As String) As SHIonAccordion"},{"name":"AddAccordionHeaderContentList","signature":"AddAccordionHeaderContentList(eID As String, header As String) As SHIonList"},{"name":"AddTitle","signature":"AddTitle(eID As String, eText As String) As SHIonTitle"},{"name":"AddBackButton","signature":"AddBackButton(eID As String) As SHIonBackButton"},{"name":"AddSearchBar","signature":"AddSearchBar(eID As String) As SHIonSearchbar"},{"name":"AddContent","signature":"AddContent(eID As String) As SHIonContent"},{"name":"AddDateTime","signature":"AddDateTime(eID As String) As SHIonDatetime"},{"name":"AddDateTimeButton","signature":"AddDateTimeButton(eID As String) As SHIonDatetimeButton"},{"name":"AddPicker","signature":"AddPicker(eID As String, cancelText As String, confirmText As String) As SHIonPicker"},{"name":"AddFabButtonBottomRight","signature":"AddFabButtonBottomRight(eID As String, eIcon As String) As SHIonFab"},{"name":"AddFabButtonTopRight","signature":"AddFabButtonTopRight(eID As String, eIcon As String) As SHIonFab"},{"name":"AddFab","signature":"AddFab(eID As String) As SHIonFab"},{"name":"AddFabButton","signature":"AddFabButton(eID As String) As SHIonFabButton"},{"name":"AddFabList","signature":"AddFabList(eID As String) As SHIonFabList"},{"name":"AddFabButtonIcon","signature":"AddFabButtonIcon(eID As String, eIconName As String) As SHIonFabButton"},{"name":"AddText","signature":"AddText(eID As String) As SHIonText"},{"name":"AddTabs","signature":"AddTabs(eID As String) As SHIonTabs"},{"name":"AddTab","signature":"AddTab(eID As String) As SHIonTab"},{"name":"AddTabBar","signature":"AddTabBar(eID As String) As SHIonTabBar"},{"name":"AddToast","signature":"AddToast(eID As String, ReUsable As Boolean) As SHIonToast"},{"name":"AddTabButton","signature":"AddTabButton(eID As String, tabID As String) As SHIonTabButton"},{"name":"AddPopover","signature":"AddPopover(eID As String, eText As String) As SHIonPopover"},{"name":"AddRadioGroup","signature":"AddRadioGroup(eID As String) As SHIonRadioGroup"},{"name":"AddSpinner","signature":"AddSpinner(eID As String, eName As String) As SHIonSpinner"},{"name":"AddSegment","signature":"AddSegment(eID As String, eValue As String) As SHIonSegment"},{"name":"AddSelect","signature":"AddSelect(eID As String) As SHIonSelect"},{"name":"AddSelectOption","signature":"AddSelectOption(eID As String, eValue As String, eText As String) As SHIonSelectOption"},{"name":"AddSkeletonText","signature":"AddSkeletonText(eID As String, eWidth As String) As SHIonSkeletonText"},{"name":"AddSegmentButton","signature":"AddSegmentButton(eID As String, eValue As String, eText As String) As SHIonSegmentButton"},{"name":"AddSegmentButtonLabel","signature":"AddSegmentButtonLabel(eID As String, eValue As String, eText As String) As SHIonSegmentButton"},{"name":"AddSegmentButtonIcon","signature":"AddSegmentButtonIcon(eID As String, eValue As String, eIcon As String) As SHIonSegmentButton"},{"name":"AddSegmentButtonLabelIcon","signature":"AddSegmentButtonLabelIcon(eID As String, eValue As String, eText As String, eIcon As String) As SHIonSegmentButton"},{"name":"AddSegmentButtonIconLabel","signature":"AddSegmentButtonIconLabel(eID As String, eValue As String, eText As String, eIcon As String) As SHIonSegmentButton"},{"name":"GetIonCard","signature":"GetIonCard As SHIonCard"},{"name":"GetIonGrid","signature":"GetIonGrid As SHIonGrid"},{"name":"GetIonRow","signature":"GetIonRow As SHIonRow"},{"name":"GetIonCol","signature":"GetIonCol As SHIonCol"},{"name":"TextAlignCenter","signature":"TextAlignCenter"},{"name":"setHTML","signature":"setHTML(sHTML As String)"},{"name":"setTarget","signature":"setTarget(s As String)"},{"name":"AddItemDividerLabel","signature":"AddItemDividerLabel(eID As String, eLabel As String) As SHIonItemDivider"},{"name":"AddListHeaderLabel","signature":"AddListHeaderLabel(itemID As String, itemTitle As String) As SHIonListHeader"},{"name":"AddItemLabelReorder","signature":"AddItemLabelReorder(itemID As String, itemLabel As String) As SHIonItem"},{"name":"AddItemLabelReorderIcon","signature":"AddItemLabelReorderIcon(itemID As String, itemLabel As String, itemIcon As String) As SHIonItem"},{"name":"AddReorderItemLabel","signature":"AddReorderItemLabel(itemID As String, itemLabel As String) As SHIonReorder"},{"name":"setPulse","signature":"setPulse(b As Boolean)"},{"name":"setElevation","signature":"setElevation(point As String)"},{"name":"setMarginTop","signature":"setMarginTop(w As String)"},{"name":"setMarginRight","signature":"setMarginRight(w As String)"},{"name":"setMarginBottom","signature":"setMarginBottom(w As String)"},{"name":"setMarginLeft","signature":"setMarginLeft(w As String)"},{"name":"setPaddingTop","signature":"setPaddingTop(w As String)"},{"name":"setPaddingRight","signature":"setPaddingRight(w As String)"},{"name":"setPaddingBottom","signature":"setPaddingBottom(w As String)"},{"name":"setPaddingLeft","signature":"setPaddingLeft(w As String)"},{"name":"OnEventMethod","signature":"OnEventMethod(Module As Object, event As String, MethodName As String, args As List)"},{"name":"setBackgroundColor","signature":"setBackgroundColor(c As String)"},{"name":"setTextColor","signature":"setTextColor(c As String)"},{"name":"setBorderLeft","signature":"setBorderLeft(b As String)"},{"name":"setBorder","signature":"setBorder(b As String)"},{"name":"setBorderWidth","signature":"setBorderWidth(b As String)"},{"name":"setBorderStyle","signature":"setBorderStyle(b As String)"},{"name":"setBorderTopLeftRadius","signature":"setBorderTopLeftRadius(b As String)"},{"name":"setBorderTopRightRadius","signature":"setBorderTopRightRadius(b As String)"},{"name":"setBorderBottomLeftRadius","signature":"setBorderBottomLeftRadius(b As String)"},{"name":"setBorderBottomRightRadius","signature":"setBorderBottomRightRadius(b As String)"},{"name":"AddItemSelect","signature":"AddItemSelect(itemID As String, itemLabel As String, itemPlaceholder As String, options As Map) As SHIonSelect"},{"name":"AddItemInputColorPopOver","signature":"AddItemInputColorPopOver(itemID As String, itemTitle As String, hexColor As String, wheelDiameter As Int, wheelThickness As Int, handleDiameter As Int) As SHIonInput"},{"name":"AddItemInput","signature":"AddItemInput(itemID As String, itemTitle As String) As SHIonInput"},{"name":"AddItemTextArea","signature":"AddItemTextArea(itemID As String, itemLabel As String) As SHIonTextarea"},{"name":"AddItemInputPassword","signature":"AddItemInputPassword(itemID As String, itemLabel As String) As SHIonInput"},{"name":"AddItemInputTelephone","signature":"AddItemInputTelephone(itemID As String, itemLabel As String) As SHIonInput"},{"name":"AddItemInputEmail","signature":"AddItemInputEmail(itemID As String, itemLabel As String) As SHIonInput"},{"name":"AddItemLabelDatePickerPopOver","signature":"AddItemLabelDatePickerPopOver(itemID As String, itemTitle As String) As SHIonDatetime"},{"name":"AddItemLabelDatePicker","signature":"AddItemLabelDatePicker(itemID As String, itemTitle As String) As SHIonDatetime"},{"name":"AddItemLabelDateTimeButton","signature":"AddItemLabelDateTimeButton(itemID As String, itemTitle As String) As SHIonDatetime"},{"name":"GetIonItem","signature":"GetIonItem(itemID As String) As SHIonItem"},{"name":"AddItemAvatarSkeleton1","signature":"AddItemAvatarSkeleton1(kid As String) As SHIonItem"},{"name":"AddItemAvatarSkeleton2","signature":"AddItemAvatarSkeleton2(kid As String) As SHIonItem"},{"name":"AddItemAvatarSkeleton3","signature":"AddItemAvatarSkeleton3(kid As String) As SHIonItem"},{"name":"AddItemThumbnailSkeleton3","signature":"AddItemThumbnailSkeleton3(kid As String) As SHIonItem"},{"name":"AddItemThumbnailSkeleton1","signature":"AddItemThumbnailSkeleton1(kid As String) As SHIonItem"},{"name":"AddItemThumbnailSkeleton2","signature":"AddItemThumbnailSkeleton2(kid As String) As SHIonItem"},{"name":"Append","signature":"Append(tmp As Object)"},{"name":"Clear","signature":"Clear"},{"name":"AddComputedStyleMap","signature":"AddComputedStyleMap(ms As Map)"},{"name":"setRawAttributes","signature":"setRawAttributes(s As String)"},{"name":"setRawStyles","signature":"setRawStyles(s As String)"},{"name":"setRawClasses","signature":"setRawClasses(s As String)"},{"name":"setPaddingAXYTBLR","signature":"setPaddingAXYTBLR(s As String)"},{"name":"setMarginAXYTBLR","signature":"setMarginAXYTBLR(s As String)"},{"name":"setCustomTag","signature":"setCustomTag(s As String)"},{"name":"setIonTextWrap","signature":"setIonTextWrap(b As Boolean)"},{"name":"getParentID","signature":"getParentID As String"},{"name":"getIonTextWrap","signature":"getIonTextWrap As Boolean"},{"name":"getHref","signature":"getHref As String"},{"name":"getTarget","signature":"getTarget As String"},{"name":"getRel","signature":"getRel As String"},{"name":"getSlot","signature":"getSlot As String"},{"name":"getHeight","signature":"getHeight As String"},{"name":"getWidth","signature":"getWidth As String"},{"name":"getElevation","signature":"getElevation As String"},{"name":"getMarginAXYTBLR","signature":"getMarginAXYTBLR As String"},{"name":"getPaddingAXYTBLR","signature":"getPaddingAXYTBLR As String"},{"name":"getRawClasses","signature":"getRawClasses As String"},{"name":"getRawStyles","signature":"getRawStyles As String"},{"name":"getRawAttributes","signature":"getRawAttributes As String"},{"name":"getIonTextCenter","signature":"getIonTextCenter As Boolean"},{"name":"getCoverImage","signature":"getCoverImage As String"},{"name":"setColumnName","signature":"setColumnName(s As String)"},{"name":"setColumnType","signature":"setColumnType(s As String)"},{"name":"getColumnName","signature":"getColumnName As String"},{"name":"getColumnType","signature":"getColumnType As String"}]}