{"properties":[{"Key":"TargetId","DisplayName":"Target Id","FieldType":"String","DefaultValue":"","Description":"Target Id","List":""},{"Key":"Display","DisplayName":"Display","FieldType":"String","DefaultValue":"","Description":"Display","List":"block|contents|flex|grid|inherit|initial|inline|inline-block|none|default"},{"Key":"TextAlign","DisplayName":"Text Align (Horizontal)","FieldType":"String","DefaultValue":"none","Description":"Text Align","List":"center|inherit|initial|justify|left|none|right|start|end"},{"Key":"VerticalAlign","DisplayName":"Vertical Align","FieldType":"String","DefaultValue":"none","Description":"Text Align","List":"baseline|sub|super|top|text-top|middle|bottom|text-bottom|initial|inherit|none"},{"Key":"Position","DisplayName":"Position","FieldType":"String","DefaultValue":"none","Description":"Position","List":"absolute|fixed|none|relative|static|sticky"},{"Key":"Bottom","DisplayName":"Bottom","FieldType":"String","DefaultValue":"","Description":"Bottom","List":""},{"Key":"Left","DisplayName":"Left","FieldType":"String","DefaultValue":"","Description":"Left","List":""},{"Key":"Right","DisplayName":"Right","FieldType":"String","DefaultValue":"","Description":"Right","List":""},{"Key":"Top","DisplayName":"Top","FieldType":"String","DefaultValue":"","Description":"Top","List":""},{"Key":"BackgroundAttachment","DisplayName":"Background Attachment","FieldType":"String","DefaultValue":"none","Description":"Background Attachment","List":"fixed|inherit|initial|local|none|scroll"},{"Key":"BackgroundImage","DisplayName":"Background Image","FieldType":"String","DefaultValue":"none","Description":"Background Image","List":""},{"Key":"BackgroundPosition","DisplayName":"Background Position","FieldType":"String","DefaultValue":"none","Description":"Background Position","List":""},{"Key":"BackgroundRepeat","DisplayName":"Background Repeat","FieldType":"String","DefaultValue":"none","Description":"Background Repeat","List":"inherit|initial|no-repeat|none|repeat|repeat-x|repeat-y"},{"Key":"BackgroundSize","DisplayName":"Background Size","FieldType":"String","DefaultValue":"none","Description":"Background Size","List":""},{"Key":"BorderColor","DisplayName":"Border Color","FieldType":"String","DefaultValue":"none","Description":"Border Color","List":""},{"Key":"BorderRadius","DisplayName":"Border Radius","FieldType":"String","DefaultValue":"none","Description":"Border Radius","List":""},{"Key":"BorderWidth","DisplayName":"Border Width","FieldType":"String","DefaultValue":"none","Description":"Border Width","List":""},{"Key":"BorderStyle","DisplayName":"Border Style","FieldType":"String","DefaultValue":"not","Description":"Border Style","List":"dashed|dotted|double|groove|hidden|inherit|initial|inset|none|outset|ridge|solid"},{"Key":"Color","DisplayName":"Color","FieldType":"String","DefaultValue":"none","Description":"Color","List":""},{"Key":"BackgroundColor","DisplayName":"Background Color","FieldType":"String","DefaultValue":"none","Description":"Background Color","List":""},{"Key":"Pulse","DisplayName":"Pulse","FieldType":"Boolean","DefaultValue":"False","Description":"Pulse","List":""},{"Key":"Hoverable","DisplayName":"Hoverable","FieldType":"Boolean","DefaultValue":"False","Description":"Hoverable","List":""},{"Key":"Glass","DisplayName":"Glass","FieldType":"Boolean","DefaultValue":"False","Description":"Glass","List":""},{"Key":"Elevation","DisplayName":"Elevation","FieldType":"String","DefaultValue":"none","Description":"Elevation","List":"none|1|2|3|4|5"},{"Key":"Height","DisplayName":"Height","FieldType":"String","DefaultValue":"none","Description":"Height","List":""},{"Key":"Opacity","DisplayName":"Opacity","FieldType":"String","DefaultValue":"none","Description":"Opacity","List":""},{"Key":"Width","DisplayName":"Width","FieldType":"String","DefaultValue":"none","Description":"Width","List":""},{"Key":"GradientActive","DisplayName":"GradientActive","FieldType":"Boolean","DefaultValue":"false","Description":"Gradient should be set","List":""},{"Key":"Gradient","DisplayName":"Gradient","FieldType":"String","DefaultValue":"","Description":"Gradient","List":"bl_tr|bottom_top|br_tl|left_right|right_left|tl_br|top_bottom|tr_bl"},{"Key":"GradientColor1","DisplayName":"GradientColor1","FieldType":"Color","DefaultValue":"0xFFCFDCDC","Gradient Color 1.":"Gradient Color 1.","List":""},{"Key":"GradientColor2","DisplayName":"GradientColor2","FieldType":"Color","DefaultValue":"0xFFCFDCDC","Gradient Color 2.":"Gradient Color 2.","List":""},{"Key":"MarginAXYTBLR","DisplayName":"Margins","FieldType":"String","DefaultValue":"a=?; x=?; y=?; t=?; b=?; l=?; r=?","Description":"Margins A(all)-X(LR)-Y(TB)-T-B-L-R","List":""},{"Key":"PaddingAXYTBLR","DisplayName":"Paddings","FieldType":"String","DefaultValue":"a=?; x=?; y=?; t=?; b=?; l=?; r=?","Description":"Paddings A(all)-X(LR)-Y(TB)-T-B-L-R","List":""},{"Key":"RawClasses","DisplayName":"Classes (;)","FieldType":"String","DefaultValue":"","Description":"Classes added to the HTML tag.","List":""},{"Key":"RawStyles","DisplayName":"Styles (JSON)","FieldType":"String","DefaultValue":"","Description":"Styles added to the HTML tag. Must be a json String use = and ;","List":""},{"Key":"RawAttributes","DisplayName":"Attributes (JSON)","FieldType":"String","DefaultValue":"","Description":"Attributes added to the HTML tag. Must be a json String use = and ;","List":""}],"events":[],"methods":[{"name":"Class_Globals","signature":"Class_Globals"},{"name":"Initialize","signature":"Initialize (Callback As Object, Name As String, EventName As String)"},{"name":"setGradientActive","signature":"setGradientActive(b As Boolean)"},{"name":"setGlass","signature":"setGlass(b As Boolean)"},{"name":"setGradient","signature":"setGradient(s As String)"},{"name":"setGradientColor1","signature":"setGradientColor1(s As String)"},{"name":"setGradientColor2","signature":"setGradientColor2(s As String)"},{"name":"getElement","signature":"getElement() As BANanoElement"},{"name":"getID","signature":"getID() As String"},{"name":"AddToParent","signature":"AddToParent(targetID As String, props As Map)"},{"name":"LinkExisting","signature":"LinkExisting"},{"name":"getHere","signature":"getHere() As String"},{"name":"DesignerCreateView","signature":"DesignerCreateView (Target As BANanoElement, Props As Map)"},{"name":"SetLinearGradient","signature":"SetLinearGradient(orientation As String, firstColor As String, secondColor As String)"},{"name":"SetLinearGradient1","signature":"SetLinearGradient1(orientation As String, colors As List)"},{"name":"setDisplay","signature":"setDisplay(s As String)"},{"name":"getDisplay","signature":"getDisplay As String"},{"name":"setCoverImage","signature":"setCoverImage(sImg As String)"},{"name":"AddStyleComputed","signature":"AddStyleComputed(attr As String, text As String)"},{"name":"AddStyle","signature":"AddStyle(attr As String, text As String)"},{"name":"AddStyleMap","signature":"AddStyleMap(ms As Map)"},{"name":"AddComputedStyleMap","signature":"AddComputedStyleMap(ms As Map)"},{"name":"AddAttrMap","signature":"AddAttrMap(ms As Map)"},{"name":"AddClass","signature":"AddClass(text As String)"},{"name":"AddAttr","signature":"AddAttr(attr As String, text As String)"},{"name":"setBottom","signature":"setBottom(s As String)"},{"name":"setLeft","signature":"setLeft(s As String)"},{"name":"setPosition","signature":"setPosition(s As String)"},{"name":"setRight","signature":"setRight(s As String)"},{"name":"setTargetID","signature":"setTargetID(s As String)"},{"name":"setTop","signature":"setTop(s As String)"},{"name":"getBottom","signature":"getBottom As String"},{"name":"getLeft","signature":"getLeft As String"},{"name":"getPosition","signature":"getPosition As String"},{"name":"getRight","signature":"getRight As String"},{"name":"getTargetId","signature":"getTargetId As String"},{"name":"getTop","signature":"getTop As String"},{"name":"setBackgroundAttachment","signature":"setBackgroundAttachment(s As String)"},{"name":"setBackgroundColor","signature":"setBackgroundColor(s As String)"},{"name":"setBackgroundImage","signature":"setBackgroundImage(s As String)"},{"name":"setBackgroundPosition","signature":"setBackgroundPosition(s As String)"},{"name":"setBackgroundRepeat","signature":"setBackgroundRepeat(s As String)"},{"name":"setBackgroundSize","signature":"setBackgroundSize(s As String)"},{"name":"setBorderColor","signature":"setBorderColor(s As String)"},{"name":"setBorderRadius","signature":"setBorderRadius(s As String)"},{"name":"setBorderStyle","signature":"setBorderStyle(s As String)"},{"name":"setBorderWidth","signature":"setBorderWidth(s As String)"},{"name":"setColor","signature":"setColor(s As String)"},{"name":"setHeight","signature":"setHeight(s As String)"},{"name":"setOpacity","signature":"setOpacity(s As String)"},{"name":"setWidth","signature":"setWidth(s As String)"},{"name":"getBackgroundAttachment","signature":"getBackgroundAttachment As String"},{"name":"getBackgroundColor","signature":"getBackgroundColor As String"},{"name":"getBackgroundImage","signature":"getBackgroundImage As String"},{"name":"getBackgroundPosition","signature":"getBackgroundPosition As String"},{"name":"getBackgroundRepeat","signature":"getBackgroundRepeat As String"},{"name":"getBackgroundSize","signature":"getBackgroundSize As String"},{"name":"getBorderColor","signature":"getBorderColor As String"},{"name":"getBorderRadius","signature":"getBorderRadius As String"},{"name":"getBorderWidth","signature":"getBorderWidth As String"},{"name":"getColor","signature":"getColor As String"},{"name":"getHeight","signature":"getHeight As String"},{"name":"getOpacity","signature":"getOpacity As String"},{"name":"getWidth","signature":"getWidth As String"},{"name":"setTextAlign","signature":"setTextAlign(s As String)"},{"name":"getTextAlign","signature":"getTextAlign As String"},{"name":"setVerticalAlign","signature":"setVerticalAlign(s As String)"},{"name":"getVerticalAlign","signature":"getVerticalAlign As String"},{"name":"setPulse","signature":"setPulse(b As Boolean)"},{"name":"setHoverable","signature":"setHoverable(b As Boolean)"},{"name":"setElevation","signature":"setElevation(point As String)"},{"name":"setRawAttributes","signature":"setRawAttributes(s As String)"},{"name":"setRawStyles","signature":"setRawStyles(s As String)"},{"name":"setRawClasses","signature":"setRawClasses(s As String)"},{"name":"setPaddingAXYTBLR","signature":"setPaddingAXYTBLR(s As String)"},{"name":"setMarginAXYTBLR","signature":"setMarginAXYTBLR(s As String)"}]}