{"properties":[{"Key":"ServiceId","DisplayName":"Service Id","FieldType":"String","DefaultValue":"","Description":"Service Id","List":""},{"Key":"UserId","DisplayName":"Public Key","FieldType":"String","DefaultValue":"","Description":"Public Key","List":""},{"Key":"TemplateId","DisplayName":"Template Id","FieldType":"String","DefaultValue":"","Description":"Template Id","List":""},{"Key":"FromName","DisplayName":"From Name","FieldType":"String","DefaultValue":"","Description":"From Name","List":""},{"Key":"ReplyTo","DisplayName":"Reply To","FieldType":"String","DefaultValue":"","Description":"Reply To","List":""},{"Key":"ToEmail","DisplayName":"To Email","FieldType":"String","DefaultValue":"","Description":"To Email","List":""},{"Key":"ToName","DisplayName":"To Name","FieldType":"String","DefaultValue":"","Description":"To Name","List":""},{"Key":"CcTo","DisplayName":"Cc To","FieldType":"String","DefaultValue":"","Description":"Cc To","List":""},{"Key":"RawSubject","DisplayName":"Subject","FieldType":"String","DefaultValue":"","Description":"Subject","List":""},{"Key":"RawMessage","DisplayName":"Message","FieldType":"String","DefaultValue":"","Description":"Message","List":""}],"events":[],"methods":[{"name":"Class_Globals","signature":"Class_Globals"},{"name":"DesignerCreateView","signature":"DesignerCreateView (Target As BANanoElement, Props As Map)"},{"name":"Initialize","signature":"Initialize (CallBack As Object, cName As String, EventName As String)"},{"name":"setCcTo","signature":"setCcTo(s As String)"},{"name":"setFromName","signature":"setFromName(s As String)"},{"name":"setMessage","signature":"setMessage(s As String)"},{"name":"setReplyTo","signature":"setReplyTo(s As String)"},{"name":"setServiceId","signature":"setServiceId(s As String)"},{"name":"setSubject","signature":"setSubject(s As String)"},{"name":"setTemplateId","signature":"setTemplateId(s As String)"},{"name":"setToEmail","signature":"setToEmail(s As String)"},{"name":"setToName","signature":"setToName(s As String)"},{"name":"setPublicKey","signature":"setPublicKey(s As String)"},{"name":"SendEmail","signature":"SendEmail As String"},{"name":"AddData","signature":"AddData(k As String, v As String)"}]}